Site,Weather,Scaler_win,Forecast_win,Trap_smoothing_flag,t_0,Total_RMSE,amt1_RMSE,amt5_RMSE,amt9_RMSE,amt13_RMSE,amt17_RMSE,amt21_RMSE,amt25_RMSE,amt29_RMSE,amt33_RMSE,amt37_RMSE,amt41_RMSE,amt45_RMSE,amt49_RMSE
Arboleda,site,13,52,TRUE,8/31/2013,3.259965714,1.429731954,3.365857547,1.838549035,5.096417545,7.264008865,2.270713298,1.237754402,0.80172595,2.748773679,2.62470417,2.226692482,3.798099086,1.226262692
Arboleda,site,13,52,TRUE,9/7/2013,3.28543519,1.171199444,4.11441511,2.413282707,4.250651811,7.28618732,1.130834415,1.05491916,1.839224833,2.711060152,1.631775717,3.322732548,3.626026733,2.250983751
Arboleda,site,13,52,TRUE,9/14/2013,3.366357285,0.760353754,4.60463492,4.064264558,3.812350669,6.219754743,1.168324187,1.082685827,2.070699873,2.428792412,1.318489978,4.386754541,3.254122264,3.392185234
Arboleda,site,13,52,TRUE,9/21/2013,3.501317379,2.13209178,4.372496928,4.287733981,5.656819602,4.090887515,1.244524674,1.36719688,2.067163147,2.111150457,2.041936272,4.803133049,2.851738048,4.589720962
Arboleda,site,13,52,TRUE,9/28/2013,3.554937455,4.162902684,2.585344717,4.289731584,6.677926709,2.040498911,1.173066847,1.145338103,2.134805017,2.271503737,3.05182195,4.731965914,2.08419312,4.965949405
Arboleda,site,13,52,TRUE,10/5/2013,3.601492192,4.84546789,2.282670153,3.75805831,6.811181292,1.364709992,0.897177234,1.828421654,2.220792145,1.703142365,4.027596525,4.301723896,2.905244237,4.733440515
Arboleda,site,13,52,TRUE,10/12/2013,3.689978854,5.143176681,3.751691119,3.56666698,5.937722969,1.493926143,1.075900014,1.946003507,2.074707906,1.725041588,4.896182847,3.687857557,3.887587035,4.621626472
Arboleda,site,13,52,TRUE,10/19/2013,3.533341932,4.233634323,4.410443803,5.723482868,4.154790897,1.169483176,1.339556018,2.147698071,2.202066974,1.90830333,4.65788423,2.731744841,4.439166048,3.126085528
Arboleda,site,13,52,TRUE,10/26/2013,3.340096275,1.791399269,5.172482571,7.317938635,2.298763802,1.260553083,0.786966783,2.804925365,2.666784623,2.157700628,3.713564504,1.150087072,3.792842392,2.211037786
Arboleda,site,13,52,TRUE,11/2/2013,3.424034216,3.008095315,4.989369496,7.929427442,1.121380236,1.509371619,2.037172047,3.3814328,1.931701863,2.426565558,2.729897224,1.449421579,2.859872264,3.020313137
Arboleda,site,13,52,TRUE,11/9/2013,3.648832112,5.216905248,4.664129653,7.046093199,0.467651974,1.534891895,2.623000549,3.461825771,0.812431638,2.95296535,2.081034968,2.032079109,2.489567955,5.38396125
Arboleda,site,13,52,TRUE,11/16/2013,3.871180226,5.730665227,6.45791471,4.842419744,0.815253003,1.399715418,2.992286297,3.192447143,0.725556411,3.210768092,1.620646532,2.972088704,1.353089887,7.136441536
Arboleda,site,13,52,TRUE,11/23/2013,4.11091258,5.653593476,7.655807216,2.494645854,1.449934467,0.782193768,3.155210616,2.956541462,1.765861754,3.188487587,0.693833279,3.19405817,1.540925374,8.668555547
Arboleda,site,13,52,TRUE,11/30/2013,4.270236707,4.690844365,7.676181192,1.077614066,1.310527493,1.936701081,3.116975849,1.766732195,2.768331495,3.079498385,1.746680817,3.26169297,3.486783492,9.67809957
Arboleda,site,13,52,TRUE,12/7/2013,4.377477219,4.102489259,6.519504345,0.846252569,1.187420672,2.244692962,2.804854424,0.95963923,3.856440139,2.809274707,2.880860243,3.440176409,6.485286372,9.426849745
Arboleda,site,13,52,TRUE,12/14/2013,4.414020078,5.917410613,4.339080497,0.983848729,1.293662001,2.37814266,2.466942986,1.540491885,4.251481253,2.40139693,4.020266757,2.613357824,8.492076723,7.983591181
Arboleda,site,13,52,TRUE,12/21/2013,4.364162869,7.102107475,2.192706498,1.184607991,0.86653452,2.579818413,2.506740228,2.441987374,4.053185855,1.458262831,4.182745156,2.661816363,9.898251277,5.493769
Arboleda,site,13,52,TRUE,12/28/2013,4.480585616,7.25937079,1.13964399,1.040616182,1.835348251,2.683233983,1.628716889,3.361788455,3.663904939,2.287002015,3.956397425,4.295447415,10.58316868,4.076604966
Arboleda,site,13,52,TRUE,1/4/2014,4.751485342,6.120473787,1.281053243,1.069326331,2.021962466,2.304091461,1.456370429,4.564897243,3.405218114,3.565058637,4.239636592,7.375966889,10.38655381,4.041000108
Arboleda,site,13,52,TRUE,1/11/2014,5.154533017,3.767719564,1.69355437,1.598979022,1.657889376,1.672816911,2.771241172,5.584011599,3.508725507,5.404758549,4.307632773,10.26609585,9.635782636,4.801248744
Arboleda,site,13,52,TRUE,1/18/2014,5.821221066,2.063293324,1.761622579,2.04376025,1.155066473,2.30037314,4.582178573,6.321064502,3.566072492,6.810878392,5.764216734,13.1430965,8.203968799,5.388247197
Arboleda,site,13,52,TRUE,1/25/2014,6.634510411,2.6924451,1.782998513,2.537504517,0.822244816,3.157074964,6.450381795,6.563997813,5.169827552,7.553533158,8.481292343,14.9958634,7.745517328,4.407860773
Arboleda,site,13,52,TRUE,2/1/2014,7.175359365,3.419588157,2.23385389,2.22210191,0.730801285,4.288919255,7.80697953,6.217594592,6.747876273,8.067495735,11.59918566,14.75394883,7.629315573,2.848252154
Arboleda,site,13,52,TRUE,2/8/2014,7.43964568,3.474883919,2.958448549,1.181497958,1.719743757,5.375973933,8.31825363,5.882721628,8.298654783,7.830919184,13.97547394,13.13916905,7.695776339,2.068608636
Arboleda,site,13,52,TRUE,2/15/2014,7.513686437,2.87023174,3.195657794,0.74449266,3.206238815,6.422634548,8.161647449,5.290167396,8.957020051,8.312903594,15.78853557,10.53842551,7.144944771,2.840584826
Arboleda,site,13,52,TRUE,2/22/2014,7.58778524,2.399214878,3.040485787,0.780938928,3.983418443,7.49480858,7.527805488,6.145615269,8.767845411,9.892404907,16.45114149,9.002806274,5.199742166,3.594265852
Arboleda,site,13,52,TRUE,3/1/2014,7.310447445,2.293128334,2.260438572,0.75226249,4.385895309,7.914698126,6.312033886,6.854147,8.196529525,11.74183588,14.89885635,7.750976376,2.91773768,4.415908015
Arboleda,site,13,52,TRUE,3/8/2014,6.870123146,2.549826174,1.072633834,1.414596567,4.670233004,7.580961498,5.23647825,7.514577353,6.878567992,12.96922537,12.18467577,6.906991465,1.604268772,5.147308819
Arboleda,site,13,52,TRUE,3/15/2014,6.813600304,2.635545723,0.730650831,2.689544031,5.532634678,7.276543396,4.460613361,7.924205627,7.086024703,14.51546277,9.407158597,6.289872075,2.246390666,5.343341905
Arboleda,site,13,52,TRUE,3/22/2014,7.008799539,2.659390016,0.748832888,3.363422993,6.717086975,6.810484512,5.419079796,7.863663547,8.841754573,15.36831591,8.066196628,4.605728656,3.023626636,5.212568968
Arboleda,site,13,52,TRUE,3/29/2014,6.848859769,2.054636383,0.745329306,3.809224259,7.273179076,5.750134023,6.221500904,7.429014251,10.8937903,14.03580033,7.027693154,2.517420679,3.92396824,4.882616302
Arboleda,site,13,52,TRUE,4/5/2014,6.037484132,1.247804022,1.338495621,3.693111024,6.55693949,4.344917827,6.42941461,5.558011415,11.57817845,10.86961572,5.819783899,1.099110815,4.341687476,4.08002023
Arboleda,site,13,52,TRUE,4/12/2014,5.179097352,1.740920639,2.179861315,3.63217318,5.346360914,2.65565503,5.677870242,4.421145944,11.74586223,7.005623428,4.504970094,1.277219465,3.755223521,4.15111448
Arboleda,site,13,52,TRUE,4/19/2014,4.775407449,2.228074685,1.70018258,4.01687263,4.291545035,2.895246523,4.720937237,5.185892582,11.54592744,4.84294693,2.874539596,1.170098225,3.519790102,4.207655107
Arboleda,site,13,52,TRUE,4/26/2014,4.663058462,2.307420337,1.452605268,4.560125184,3.401161744,3.560422073,4.234164311,7.369908033,10.38010299,4.035927395,1.662242717,1.88967829,4.299504451,3.016848141
Arboleda,site,13,52,TRUE,5/3/2014,4.729582999,2.040582124,2.148739798,4.918585865,2.947704505,4.70966044,3.4573009,9.376108166,8.804023309,4.118237996,1.204281786,3.090315288,4.454467751,1.332419069
Arboleda,site,13,52,TRUE,5/10/2014,4.891289777,2.214398025,3.311825868,5.009806943,2.342264253,5.287614235,3.959657723,11.26423348,6.601555567,4.21275471,1.217375712,3.483330742,4.317210095,0.680249867
Arboleda,site,13,52,TRUE,5/17/2014,5.343303945,2.010889387,4.761041593,4.9930346,3.590241767,5.587964708,6.195259466,12.61520719,5.724121962,3.269553221,1.634184316,3.949756593,3.888858789,1.015030817
Arboleda,site,13,52,TRUE,5/24/2014,5.683218406,2.577608147,5.888819104,4.543714273,4.859320646,5.78387395,9.079470922,12.17237775,5.481658812,1.835717588,2.871131532,4.497242347,2.594259057,1.277521263
Arboleda,site,13,52,TRUE,5/31/2014,5.747859612,3.370440748,6.217452629,4.051586004,6.071006321,5.12107202,11.11911716,10.4370756,5.462365344,1.006384051,4.077606179,4.140871113,1.143819698,1.215965224
Arboleda,site,13,52,TRUE,6/7/2014,5.475852129,4.027540429,5.755395822,3.037324821,6.152906343,4.983829364,12.33181771,7.504037671,4.869859565,1.411077597,4.088288997,3.951524018,0.937389313,1.112784381
Arboleda,site,13,52,TRUE,6/14/2014,5.223936563,4.617248184,4.858143903,3.455824263,5.420514699,6.000368897,12.41000349,5.553227568,3.186246939,1.538892506,3.863753426,3.94911918,0.940243532,1.93363065
Arboleda,site,13,52,TRUE,6/21/2014,5.128115032,5.154751307,3.90968121,4.140065646,4.922206952,8.12987957,11.18298282,4.675859834,1.661547608,2.322743873,4.364997245,2.815680183,0.876773749,3.117597921
Arboleda,site,13,52,TRUE,6/28/2014,5.035940408,5.243698765,3.220318103,5.048532946,3.872044241,9.810052618,9.208954851,4.450138374,1.079124685,3.332969944,4.364774833,1.25489638,0.722800197,4.132121965
Arboleda,site,13,52,TRUE,7/5/2014,4.791573648,4.80840186,2.155117951,5.054389891,3.684360484,10.97624956,6.362817089,4.042052534,1.206676968,3.321766121,4.417333017,0.637994511,0.617738425,4.635658579
Arboleda,site,13,52,TRUE,7/12/2014,4.435442469,3.843013255,2.458586976,4.173093598,4.5478394,10.85867863,4.292420078,2.682123123,0.943937356,3.271645375,4.418165708,0.445053069,1.410426679,4.4730519
Arboleda,site,13,52,TRUE,7/19/2014,3.951583477,2.542095589,2.571545973,3.086299473,6.084393965,8.985302857,2.98167457,1.958652149,1.202889241,4.280742121,3.402247742,0.369617153,2.134025892,3.724906053
Arboleda,site,13,52,TRUE,7/26/2014,3.609384711,1.648785206,3.012846679,1.400046583,7.189731993,6.790335585,2.522556731,2.183181659,1.947349847,5.011916017,1.918918054,0.90712979,2.50667891,2.640674898
Arboleda,site,13,52,TRUE,8/2/2014,3.337045286,0.372937001,2.652031738,1.005781138,7.986887919,4.112774251,2.606136018,2.005380176,1.749999562,5.487027841,1.124990513,1.196748352,2.561087548,1.623772808
Arboleda,site,13,52,TRUE,8/9/2014,3.254177891,1.030714666,2.166584497,2.22611325,8.085476222,2.394691091,2.605108768,1.347404045,2.630512454,5.300875222,0.906179034,1.388622369,2.452583992,1.859753275
Arboleda,site,13,52,TRUE,8/16/2014,3.160460204,1.197417034,1.699777708,4.213534558,6.747849576,1.783425039,2.910563226,0.929551408,4.506277909,4.092168218,1.166053889,1.608567199,2.00270956,2.171121357
Arboleda,site,13,52,TRUE,8/23/2014,3.102887322,1.686882161,0.971794133,5.347316747,5.160167278,1.596285269,3.212093238,1.347443174,5.615018613,2.571625804,1.736451288,1.48132751,1.324887292,2.522669598
Arboleda,site,13,52,TRUE,8/30/2014,3.083955309,1.497211578,1.116725426,6.465848934,3.315916583,2.35680254,2.714990851,1.205554797,6.051517734,1.65445643,1.888906468,1.511089194,1.09218453,2.562722569
Arboleda,site,13,52,TRUE,9/6/2014,3.081970922,1.584967127,1.647420113,6.693361161,1.992387396,2.991820972,2.002539328,2.616756279,5.759174466,1.425388146,1.840082391,1.44650428,2.15582203,2.085674638
Arboleda,site,13,52,TRUE,9/13/2014,3.074670261,1.686874112,3.479374971,5.625281479,1.809376539,3.497310835,1.392073918,4.732453076,4.466239933,1.650246319,1.703626564,1.137683902,2.751097026,1.423570895
Arboleda,site,13,52,TRUE,9/20/2014,3.114369662,1.904528457,4.402016198,4.378208764,1.649927628,3.809651251,1.415745243,5.986669103,2.961632778,2.232769333,1.171748764,0.88495765,3.124634584,1.777901126
Arboleda,site,13,52,TRUE,9/27/2014,3.144621431,1.959677907,5.496696745,3.070915968,2.468478115,3.205633058,1.149476512,6.420164198,2.015890106,2.351569072,0.871996004,1.216370987,3.002883989,2.303828124
Arboleda,site,13,52,TRUE,10/4/2014,3.096803524,1.673364653,6.244625724,2.01482551,3.160397341,2.2283847,2.661893387,5.908639531,1.597082302,2.01718629,1.127417114,2.315944606,2.160077151,1.986366945
Arboleda,site,13,52,TRUE,10/11/2014,3.086406031,3.561891222,5.771864171,1.773304446,3.41786865,1.320276053,4.698830054,4.416312345,1.585868115,1.676186564,1.249771329,2.671318018,1.441146068,1.89301657
Arboleda,site,13,52,TRUE,10/18/2014,3.093352212,5.126888263,4.973029202,1.562642792,3.345691468,1.33286129,5.696804177,2.658294714,1.847161384,1.384549634,1.188998621,2.65626188,1.713142576,1.308947336
Arboleda,site,13,52,TRUE,10/25/2014,3.101238756,6.499014453,3.328620469,2.356844251,2.698651473,1.212599874,6.039043027,1.642360992,1.873327745,1.533712977,1.095439715,2.548583716,1.969777498,0.894882337
Arboleda,site,13,52,TRUE,11/1/2014,3.065909782,6.797696296,1.99870214,2.955271126,1.950736716,2.60965941,5.724538729,1.385673452,1.800557198,1.521294007,2.122354518,2.072518658,1.71217893,0.816438886
Arboleda,site,13,52,TRUE,11/8/2014,2.970481288,5.410922285,1.878317397,3.614931691,1.501072319,4.783811948,4.539885351,1.745015006,1.751224913,0.975227874,2.869663552,1.409218626,2.068717731,1.234079537
Arboleda,site,13,52,TRUE,11/15/2014,2.977146015,4.085218685,1.823593255,4.074200352,1.543526195,6.155768585,3.135962253,2.453030516,1.161115276,0.895562665,3.393839916,1.89911449,1.73988584,1.47674624
Arboleda,site,13,52,TRUE,11/22/2014,3.157275782,3.127010659,2.813988006,3.763800885,1.417511727,6.830518167,2.423794528,2.869193789,0.465469916,1.707885995,3.528831017,2.850979572,1.257081258,3.107934955
Arboleda,site,13,52,TRUE,11/29/2014,3.334114986,2.879498624,4.065373136,3.257921935,3.107535538,6.574554967,2.362876712,2.88379855,0.488480254,3.232885078,2.75947933,3.268799647,1.738670383,3.20709023
Arboleda,site,13,52,TRUE,12/6/2014,3.394617527,2.952149766,4.638631571,2.509116024,5.299850679,5.172926443,2.549681793,2.405535927,0.643442568,3.913644191,1.793747631,3.310669969,1.745111336,3.631478648
Arboleda,site,13,52,TRUE,12/13/2014,3.313117959,2.330578511,4.593974974,1.908198502,6.495319509,3.48073028,2.886016069,1.374973896,1.274049642,3.925553944,2.267252737,2.407306053,1.432643251,4.239673696
Arboleda,site,13,52,TRUE,12/20/2014,3.250574669,2.801434005,3.747594491,1.406172205,6.818691187,2.411989158,2.854259394,0.464259682,1.690894048,3.513299112,2.833433319,1.229099941,3.126314714,4.278013983
Arboleda,site,13,52,TRUE,12/27/2014,3.291237088,3.87510557,3.056538758,2.994655102,6.445316908,2.214449224,2.709302994,0.330874078,3.037297645,2.616975144,3.001113973,1.384134709,3.53143373,3.758901303
Arboleda,site,13,52,TRUE,1/3/2015,3.34390961,4.538940524,2.408874656,5.244781137,5.111636293,2.472527667,2.328917101,0.532339576,3.811453709,1.725787097,3.176903016,1.605379081,3.806363249,2.972673293
Arboleda,site,13,52,TRUE,1/10/2015,3.362240434,4.67075074,1.970937985,6.546237662,3.531870514,2.949975614,1.427023614,1.353402168,4.004323554,2.332440353,2.516189462,1.485635686,4.090875172,2.571736017
Arboleda,site,13,52,TRUE,1/17/2015,3.245322702,3.923046525,1.53671936,6.94651923,2.539692983,3.015694283,0.529335838,1.879994599,3.682106777,3.027223435,1.534498318,2.941811108,3.92146432,1.56326011
Arboleda,site,13,52,TRUE,1/24/2015,3.115566118,3.007320132,2.968697166,6.413687493,2.178100228,2.666926093,0.318998449,2.990384477,2.58362701,2.936466108,1.298128052,3.613196211,3.852011804,1.190881985
Arboleda,site,13,52,TRUE,1/31/2015,3.023052843,1.972573956,5.014868086,4.842219232,2.131518807,2.019646776,0.40819935,3.364310646,1.492550332,2.614012414,1.150344329,4.598475836,3.640420659,1.194877791
Arboleda,site,13,52,TRUE,2/7/2015,3.054647554,1.412816129,5.981812374,2.956598122,2.226393812,1.173359464,0.886938669,3.116858127,1.775225707,1.477108788,1.75342284,5.789053483,3.436766771,2.052897875
Arboleda,site,13,52,TRUE,2/14/2015,3.236400148,1.181839302,6.09838977,1.700000479,1.94750072,1.426454886,1.084437519,2.616357998,2.006518648,0.763916168,4.585893371,6.299682902,2.338225393,3.169596377
Arboleda,site,13,52,TRUE,2/21/2015,3.583826815,2.604692507,5.41747416,1.036306847,1.485471745,2.193689041,1.901276124,2.029651641,1.443605858,1.659238212,6.458871003,6.869270642,2.530573646,3.855412874
Arboleda,site,13,52,TRUE,2/28/2015,3.863445924,4.397007452,3.85420771,0.859054618,1.692882128,2.57735982,1.838101012,1.997145734,1.77111374,2.96967892,7.746544212,6.581606227,3.220758365,4.072194974
Arboleda,site,13,52,TRUE,3/7/2015,3.891161474,5.210998831,2.136587365,1.179609205,2.118402803,2.159188966,1.859390568,2.078718993,1.988189321,3.892573115,8.346707839,5.514207772,3.996862978,3.411994783
Arboleda,site,13,52,TRUE,3/14/2015,3.83486289,5.547038193,1.178754781,1.268339607,2.447596949,1.540468403,2.051050999,1.940991903,2.088528064,5.955403276,7.864354237,3.645562114,4.365624823,2.654955969
Arboleda,site,13,52,TRUE,3/21/2015,4.03693116,5.08623516,0.675767989,1.258950127,2.933743726,1.854482466,2.137434167,1.545192721,2.616464532,7.476273149,7.905162387,3.435680881,4.618335616,2.565130904
Arboleda,site,13,52,TRUE,3/28/2015,4.797705327,3.319466989,0.342864795,2.247262365,3.945370338,1.376358746,2.905671178,2.725442606,4.722635095,9.633141277,8.41161591,4.804851362,5.378732508,3.441290386
Arboleda,site,13,52,TRUE,4/4/2015,5.658563677,1.313423334,0.626964574,3.921350761,4.335592637,1.028340613,3.690644443,4.44725991,6.977437161,11.57043819,8.496075603,6.579165555,5.465695115,4.195266723
Arboleda,site,13,52,TRUE,4/11/2015,6.176166363,0.799166539,0.904991534,5.220993007,4.013950168,2.007697477,3.882521187,5.778241274,9.89856112,12.01658952,7.514978236,7.566061141,5.197065713,3.931241837
Arboleda,site,13,52,TRUE,4/18/2015,6.118748729,0.889194229,1.878339579,5.501733211,3.037033123,3.356854965,3.648067977,5.961677113,11.05147987,11.49464052,6.701782182,7.265336997,4.717313887,2.926458585
Arboleda,site,13,52,TRUE,4/25/2015,5.953260805,0.821830482,3.048952209,5.296417664,1.653564247,3.911704503,4.040708128,6.491944417,11.50106811,10.23885137,6.40279613,6.672954072,4.52490648,1.760005779
Arboleda,site,13,52,TRUE,5/2/2015,5.832744532,0.696702362,4.079077127,4.521692271,1.064292904,3.846145398,4.667585637,7.239614668,11.84001755,8.75226328,6.796998329,5.639933377,4.345285395,0.948815322
Arboleda,site,13,52,TRUE,5/9/2015,5.825133026,0.720281091,4.870845386,3.679872916,1.873036886,3.563044263,5.31246273,9.390930027,11.49453935,7.018221525,7.162752629,4.873487377,3.668900529,0.906027252
Arboleda,site,13,52,TRUE,5/16/2015,5.945915292,1.770619687,5.293674197,2.896035811,3.229476908,3.44319284,5.690366872,10.76009184,11.20380199,6.434377193,7.050790572,4.541955777,2.798015314,2.124257627
Arboleda,site,13,52,TRUE,5/23/2015,6.181610548,3.147404062,5.449090662,1.724114577,4.028649017,4.198043456,6.692914084,11.71241229,10.44616885,6.58438575,6.819380613,4.647657897,1.836943504,3.795234511
Arboleda,site,13,52,TRUE,5/30/2015,6.731315806,4.715732242,5.269846329,1.364034887,4.483118429,5.558043621,8.293051046,12.92012876,9.78460215,7.67126697,6.340095091,4.946715964,1.377195017,5.415079937
Arboleda,site,13,52,TRUE,6/6/2015,7.297510546,6.104402336,4.864882921,2.45831287,4.721419686,6.953106747,11.18622781,13.33260783,8.772607058,8.583343651,6.014977216,4.597655141,1.680199703,6.404839362
Arboleda,site,13,52,TRUE,6/13/2015,7.283523926,6.464050211,3.732981886,3.978338526,4.61832528,7.216696503,12.40172212,12.84000768,7.941305606,8.257842152,5.529431834,3.530834857,2.778959905,6.633372236
Arboleda,site,13,52,TRUE,6/20/2015,6.330700134,5.442567304,1.720986495,4.023642546,4.191297796,6.684324116,11.70338109,10.43730782,6.576623774,6.813123547,4.642412092,1.83362449,3.791186032,5.926746081
Arboleda,site,13,52,TRUE,6/27/2015,5.02532715,3.436187836,1.139360905,2.964605287,3.393908178,5.708755531,10.25954803,7.261610026,5.522874132,4.622441506,3.466518944,0.490832681,4.065154998,4.863783082
Arboleda,site,13,52,TRUE,7/4/2015,4.016037905,1.781666012,1.918625618,2.045115059,2.510047516,6.393687455,8.342902164,4.075117631,4.733172474,2.94183635,2.138181331,0.757838844,3.537379105,4.065297206
Arboleda,site,13,52,TRUE,7/11/2015,3.501145339,1.879031361,2.036273959,1.430479371,1.81151102,6.621022593,7.035110807,2.672580867,3.9774832,2.052927088,1.239209518,1.356108998,3.093539827,3.591138194
Arboleda,site,13,52,TRUE,7/18/2015,3.240515652,2.270645389,1.62405531,1.675855104,2.082874257,6.737180293,5.614904877,2.410361602,3.374525671,1.780794732,1.239312364,1.957809401,2.695408471,3.413591838
Arboleda,site,13,52,TRUE,7/25/2015,3.205546474,2.472379193,1.745026114,1.366487265,2.73522511,7.063388463,4.411819751,2.996020084,2.628082191,1.704329813,1.347017641,2.59551928,2.638886132,3.378927091
Arboleda,site,13,52,TRUE,8/1/2015,3.268616163,2.438946569,1.923499229,1.123500061,4.964071378,6.746315992,2.688570179,3.50979434,2.000824137,1.459530326,1.409333988,2.648190258,2.872782468,3.859030964
Arboleda,site,13,52,TRUE,8/8/2015,3.503568456,2.027259157,1.467355517,1.510436298,6.300035723,6.706493087,2.392744797,3.73563133,1.862044994,1.174084998,1.402373337,2.899649246,3.330186598,4.513585045
Arboleda,site,13,52,TRUE,8/15/2015,3.673410271,1.755752982,1.664921855,2.423355829,7.134502438,5.993940594,2.723692156,3.648931573,2.004763376,1.148304052,2.050730169,2.949471509,3.73334502,4.894068161
Arboleda,site,13,52,TRUE,8/22/2015,3.700386193,1.844644546,1.560323525,3.201127198,7.591729799,4.855546082,3.404418852,2.946514585,1.99248857,1.133639736,2.816697312,3.002312643,3.782578575,4.891747641
Arboleda,site,13,52,TRUE,8/29/2015,3.470834747,1.910753005,1.214787073,5.057892242,6.854984812,2.777396877,3.592744185,2.06299233,1.500809627,1.362837246,2.707686235,2.953429487,3.936545625,4.285919525
Arboleda,site,13,52,TRUE,9/5/2015,3.22075704,1.672126124,0.898070833,5.634169438,6.019852932,1.836489555,3.230862598,1.471421247,1.100613414,1.547500634,2.500658008,2.785828929,4.039199618,3.654576974
Arboleda,site,13,52,TRUE,9/12/2015,3.211290321,1.785692362,1.666411732,6.214221403,5.119923663,2.016623305,3.0140751,1.490975182,1.386207921,1.862857501,2.364483621,2.992890691,4.280971941,3.1022712
Arboleda,site,13,52,TRUE,9/19/2015,3.521493181,1.396787752,2.829785953,7.172514893,4.502047437,3.079827605,2.693226405,1.76364174,1.302443487,2.640129555,2.713691791,3.462089114,4.61867303,3.21583158
Arboleda,site,13,52,TRUE,9/26/2015,3.883628685,1.615315005,5.468137808,7.322325954,3.171177909,3.95011192,2.334284504,1.688549017,1.165164281,2.965587587,3.301325656,4.271196412,4.593196135,3.949142731
Arboleda,site,13,52,TRUE,10/3/2015,4.06163878,1.833988642,6.644935601,7.059540704,2.693619532,3.995468092,2.067188315,1.244714332,1.353341934,3.10801435,3.610545317,4.75753379,4.353097342,4.685209074
Arboleda,site,13,52,TRUE,10/10/2015,4.092900185,2.52236826,7.24723064,6.101864269,2.814138382,3.726846838,2.068711391,1.126381915,2.079976902,3.021863706,3.824064976,4.968906218,3.811188558,5.196410714
Arboleda,site,13,52,TRUE,10/17/2015,4.174286882,3.365402893,7.773535381,5.011837642,3.546284192,3.0576441,2.092132012,1.061943204,2.895566818,3.127999284,3.921998785,5.010166377,3.614793687,5.52259873
Arboleda,site,13,52,TRUE,10/24/2015,4.118480078,5.417251141,7.264973318,3.121967832,3.906205671,2.300692743,1.664728176,1.189186094,2.933777414,3.25854947,4.230024832,4.555446817,3.912293396,5.542358013
Arboleda,site,13,52,TRUE,10/31/2015,4.078270343,6.211305773,6.615408634,2.316400065,3.668622575,1.809498568,1.159198877,1.418047059,2.846201353,3.257896664,4.450650967,4.054194859,4.395498682,5.843155755
Arboleda,site,13,52,TRUE,11/7/2015,3.690847948,6.148426352,5.058028752,1.969207631,2.968806268,1.455088599,1.406489711,1.853357015,2.32321909,2.939992825,4.236964916,3.056992576,4.445695804,5.690312037
Arboleda,site,13,52,TRUE,11/14/2015,3.368359153,6.005946091,3.589898666,2.206936845,2.021743581,1.13956972,1.78775338,2.200656592,1.925092662,2.581541357,3.858589696,2.442022066,4.274144047,5.54533894
Arboleda,site,13,52,TRUE,11/21/2015,2.790970302,4.822175943,1.526234019,2.058908426,1.037843754,1.015392964,2.25007565,1.648822947,1.479977591,2.518607174,2.962685271,2.359454149,3.732926396,4.973855617
Arboleda,site,13,52,TRUE,11/28/2015,2.521835331,4.02786163,1.123119996,1.779786422,0.625381002,1.406622582,2.212671795,1.451489942,1.23554733,2.664114688,2.337534878,2.71373909,3.818639754,4.07625025
Arboleda,site,13,52,TRUE,12/5/2015,2.323899211,3.164003347,1.233504834,1.550405426,0.617622009,2.193008996,1.890012787,1.132227975,1.277912609,2.804719161,1.596345635,2.978025661,3.934347879,3.135282461
Arboleda,site,13,52,TRUE,12/12/2015,2.114026274,2.563688252,1.121802037,1.211160878,0.431074803,2.622237404,1.765067614,0.81921675,1.237445775,2.589544812,1.159951868,2.897114284,3.925101002,2.137713306
Arboleda,site,13,52,TRUE,12/19/2015,1.843060961,2.014532037,0.852701535,0.993032728,1.348269451,3.044803616,1.008908787,0.625221306,1.432871252,1.844908711,1.289064944,2.415423514,3.459942901,0.983043484
Arboleda,site,13,52,TRUE,12/26/2015,1.775026841,2.326609715,0.678701032,1.173826824,2.064024171,2.953915857,1.056722625,0.608763142,1.47636184,1.284896871,1.605753512,2.438220415,2.574254234,0.503909003
Arboleda,site,13,52,TRUE,1/2/2016,1.779661234,2.099242714,0.844838409,1.092438459,2.832826057,2.284707967,0.981568949,0.689878163,1.787971131,0.656449555,1.938536685,2.689577684,1.912572824,1.377632785
Arboleda,site,13,52,TRUE,1/9/2016,1.810263728,1.217793098,1.210122042,0.780918063,3.091820468,1.7749764,0.812719727,0.852127105,1.888555299,0.498629741,2.134871753,3.029005326,1.356660102,2.357877121
Arboleda,site,13,52,TRUE,1/16/2016,1.840853983,0.673766356,1.162497609,1.509227983,3.24087138,0.9684741,0.717286415,1.240308773,1.588341713,1.058181906,2.094371758,3.089539454,0.65391068,2.911125806
Arboleda,site,13,52,TRUE,1/23/2016,1.864174721,0.617238813,1.283335657,2.148998402,3.043138539,1.080834803,0.711592494,1.348474653,1.187968004,1.487247199,2.282646686,2.406487638,0.492573186,3.302981193
Arboleda,site,13,52,TRUE,1/30/2016,1.881888743,0.819362861,1.276944471,2.985996754,2.406300153,1.098698943,0.820858595,1.555521283,0.520560722,1.701463168,2.404778861,1.654181159,1.521975735,3.275504018
Arboleda,site,13,52,TRUE,2/6/2016,1.91243965,1.384783995,1.082950983,3.355360372,1.865830618,1.085680549,0.957311525,1.500926127,0.308532079,1.711966621,2.531852146,1.020737737,2.649255273,2.805649804
Arboleda,site,13,52,TRUE,2/13/2016,1.944928728,1.488141484,1.786996859,3.543686483,1.037244881,1.068898617,1.077676938,1.226344759,0.778906457,1.603884123,2.520539216,0.34328493,3.307872993,2.394624834
Arboleda,site,13,52,TRUE,2/20/2016,1.933378458,1.361522125,2.209021301,3.105767452,1.106481353,0.796134592,1.261343989,1.126093386,1.406533384,2.174661494,2.290378405,0.518615132,3.388428138,1.947597281
Arboleda,site,13,52,TRUE,2/27/2016,1.939908706,1.091580385,2.83209302,2.284145397,0.981120312,0.689498307,1.789094369,0.657266196,1.939682945,2.690953054,1.913853272,1.377049856,3.080766974,1.835181153
Arboleda,site,13,52,TRUE,3/5/2016,1.993738052,0.648333716,2.963691141,1.752227948,0.737795119,0.894365291,2.078765991,0.665492539,2.341925618,3.272375197,1.555171374,2.235087423,2.381866357,2.002969912
Arboleda,site,13,52,TRUE,3/12/2016,2.094112494,1.285321081,2.960386325,1.045676217,0.637516121,1.52987661,1.958752186,1.394991205,2.554241465,3.619817393,1.131603731,2.561039995,1.833296546,2.478366443
Arboleda,site,13,52,TRUE,3/19/2016,2.1835252,1.678640827,2.536143929,1.158499588,0.698196394,2.119955413,1.835034711,2.204517724,3.194280977,3.394872079,1.054482114,2.598279069,1.399534529,2.574874106
Arboleda,site,13,52,TRUE,3/26/2016,2.232619019,2.334400777,1.957295291,1.008268861,1.042692513,2.573379655,1.366407609,2.74124946,3.651030053,2.849780677,1.308361276,2.439930348,1.348439117,2.544988279
Arboleda,site,13,52,TRUE,4/2/2016,2.233718876,2.627054328,1.764141383,0.815409885,1.231063507,2.582305174,1.152753238,2.889251069,3.915854206,2.129144094,1.992285687,2.017852044,1.70513393,2.347123554
Arboleda,site,13,52,TRUE,4/9/2016,2.211110788,2.749153607,1.179544153,0.791974524,1.798301769,2.250052144,1.67106955,2.902875521,4.020828078,1.511379754,2.313331831,1.629855533,2.304262277,1.641974298
Arboleda,site,13,52,TRUE,4/16/2016,2.220954056,2.43322674,1.234720277,0.848775325,2.288466253,1.988472224,2.361965372,3.388463376,3.606541062,1.242137956,2.451479329,1.297074389,2.477787532,1.151277885
Arboleda,site,13,52,TRUE,4/23/2016,2.34836203,1.848844279,1.249966526,1.471435485,2.982824837,1.775410329,3.160389563,4.152534876,3.356678526,1.52955848,2.110553494,1.099134564,2.306198117,0.823307139
Arboleda,site,13,52,TRUE,4/30/2016,2.491439811,1.941391159,1.35645335,1.93223115,3.278338841,1.85292823,3.644769937,4.804598011,2.973830665,1.908737697,1.52120677,1.309275188,1.953193681,0.687396359
Arboleda,site,13,52,TRUE,5/7/2016,2.771772551,1.950652087,1.910878349,2.935201838,3.357074735,2.743242319,4.184747045,5.492056348,2.932233727,1.636252714,0.889979274,1.700344298,1.056247596,1.122123076
Arboleda,site,13,52,TRUE,5/14/2016,2.929238664,2.13459629,2.273073935,3.590667543,3.220985709,3.584656526,4.871171675,5.228405791,2.759211696,1.385380249,0.544016927,1.759437542,0.913454862,0.9390926
Arboleda,site,13,52,TRUE,5/21/2016,2.890386649,1.981209645,2.49618391,3.866038567,2.67585878,4.065387212,5.235271772,4.4673289,2.31302181,1.412429623,0.580269111,1.80096729,1.067847429,0.621097793
Arboleda,site,13,52,TRUE,5/28/2016,2.709113566,1.744994867,2.378266331,3.679695639,2.2601705,4.080135763,5.316969177,3.472471575,2.006249308,1.239507974,1.094785568,1.73203702,0.869236318,0.754943653
Arboleda,site,13,52,TRUE,6/4/2016,2.648994006,1.794163833,2.82283019,3.251383255,2.640302376,4.064014759,5.353611906,2.797858834,1.67691109,0.958935653,1.753978495,1.105530319,1.114088443,0.465087731
Arboleda,site,13,52,TRUE,6/11/2016,2.674899882,1.938624322,3.296296483,2.938053459,3.307575156,4.537622151,4.862963179,2.412828229,1.61290396,0.705710718,1.91686232,0.906362392,0.973161937,0.466438647
Arboleda,site,13,52,TRUE,6/18/2016,2.628305596,2.121715642,3.549551701,2.351659312,3.740989381,4.84715392,4.067488338,2.00307893,1.660171209,0.761430866,1.980258644,0.937905848,0.81629411,0.567904454
Arboleda,site,13,52,TRUE,6/25/2016,2.513607109,2.086093007,3.418549793,1.995044913,3.796879533,4.983594571,3.147392067,1.931181134,1.422290136,1.232808775,1.875338796,0.740509467,0.908856339,0.892387401
Arboleda,site,13,52,TRUE,7/2/2016,2.445517384,2.514561207,2.958815072,2.355693472,3.728473015,4.968746522,2.42472554,1.820400492,1.151597963,1.907227886,1.250715023,1.129953721,0.70555136,1.017170064
Arboleda,site,13,52,TRUE,7/9/2016,2.343382049,2.725223008,2.39500037,2.771051622,3.888358278,4.152458632,1.744213305,2.079315827,1.036026077,2.230748853,1.000493451,1.200687025,0.971518721,1.175995555
Arboleda,site,13,52,TRUE,7/16/2016,2.226142238,2.731502972,1.523190627,2.903076465,3.844671125,3.044644575,1.377009358,2.312362255,1.251765391,2.452453854,0.835391153,1.487229991,1.431819452,1.542508928
Arboleda,site,13,52,TRUE,7/23/2016,2.152360011,2.357166745,0.930766111,2.644647395,3.628243246,1.866338841,2.084514947,2.180124143,1.837338966,2.476783693,0.770286653,1.801700265,2.196768506,1.699039093
Arboleda,site,13,52,TRUE,7/30/2016,2.147539594,1.701604884,1.158373631,2.23778076,3.255125264,0.797341894,2.799488797,2.018857492,2.639155284,1.978290502,1.723779076,2.01154475,2.736521028,1.476660112
Arboleda,site,13,52,TRUE,8/6/2016,2.208414905,1.1280984,1.409233239,2.178305453,2.29429135,0.517311559,3.38553602,1.945599301,3.094246815,1.676073584,2.269034472,2.539002536,3.129613941,0.920314392
Arboleda,site,13,52,TRUE,8/13/2016,2.267504594,0.483837119,1.538581795,2.208525729,1.486560418,1.645321778,3.410610083,2.086043832,3.251068994,1.406174494,2.720618493,2.984271255,3.000667295,0.776130033
Arboleda,site,13,52,TRUE,8/20/2016,2.278484146,0.3331598,1.59605626,2.395501722,0.955779037,2.737236925,2.884450092,2.41987976,3.04351145,1.377025347,2.724158566,3.399646233,2.373854934,0.858905208
Arboleda,site,13,52,TRUE,8/27/2016,2.252701805,0.796034653,1.643297568,2.566482701,0.345537301,3.275156954,2.371021746,2.948409396,2.290329271,2.090414379,2.558448386,3.433158277,1.497195871,0.836383858
Arboleda,site,13,52,TRUE,9/3/2016,2.285641291,1.209104346,1.899994476,1.996721738,0.682387988,3.608470988,2.099480772,3.2411928,1.817149011,2.471944245,2.806704856,3.466755618,0.700851306,0.809712796
Arboleda,site,13,52,TRUE,9/10/2016,2.333324323,1.39918201,2.03992554,1.352609049,1.764224708,3.528027482,2.175369865,3.336684783,1.493345752,2.854342525,3.151055888,3.188375939,0.586908741,0.766027613
Arboleda,site,13,52,TRUE,9/17/2016,2.388017428,1.392641926,2.155951893,0.885442708,2.899109038,3.023718761,2.536187762,3.156169761,1.515159512,2.909405687,3.636910803,2.583261144,0.609035975,1.337747341
Arboleda,site,13,52,TRUE,9/24/2016,2.451868411,1.231255659,2.082515769,0.559434457,3.625280263,2.620668003,3.170196346,2.514369152,2.368291328,2.947329137,3.926696419,1.740999451,0.384731514,1.646020634
Arboleda,site,13,52,TRUE,10/1/2016,2.565754836,1.317372695,1.389199479,1.249721021,4.097471474,2.43623816,3.563548367,2.137324901,2.924441934,3.392940905,4.205937918,0.767765902,0.246376222,1.398953948
Arboleda,site,13,52,TRUE,10/8/2016,2.740245574,1.299474646,1.000562283,2.408557489,4.074110151,2.59089253,3.735321553,1.923090255,3.478068108,3.92714959,4.088271639,0.441829626,0.241866402,1.917354105
Arboleda,site,13,52,TRUE,10/15/2016,2.88464774,1.342059786,1.144278519,3.515151605,3.511929406,2.945716249,3.552238055,2.016059772,3.562343582,4.467677571,3.405131615,0.323788789,0.868730412,3.148022025
Arboleda,site,13,52,TRUE,10/22/2016,3.004628268,1.324867502,1.259464639,4.200263844,3.020085802,3.528360849,2.87618397,2.831611931,3.570605247,4.715962719,2.362053437,0.436651428,1.086361928,4.071506322
Arboleda,site,13,52,TRUE,10/29/2016,3.103919362,0.993115167,1.778356433,4.504757915,2.716096571,3.832138975,2.411664991,3.306490588,3.880331015,4.821072126,1.258241836,0.425710364,1.062515003,4.560691188
Arboleda,site,13,52,TRUE,11/5/2016,3.35877159,1.051646949,2.69705454,4.29648341,2.760122032,3.897840345,2.105701071,3.732655364,4.243285995,4.463171244,0.792723786,0.415300142,1.961731305,6.005405645
Arboleda,site,13,52,TRUE,11/12/2016,3.605931023,1.333944585,3.716842635,3.662881924,3.07278751,3.675004024,2.174215198,3.765017839,4.724303926,3.676948286,0.585465291,0.810027437,3.314822464,7.095658021
Arboleda,site,13,52,TRUE,11/19/2016,3.975095749,1.526866106,4.409714236,3.163298096,3.657586155,3.006681613,3.001630014,3.794294745,4.998872976,2.622556889,0.694904656,0.921705835,4.324734494,8.712510648
Arboleda,site,13,52,TRUE,11/26/2016,4.129870441,1.981591137,4.658190034,2.821408138,3.933352945,2.516292273,3.451259478,4.063761809,5.052672775,1.473403563,0.608849674,0.976523123,4.783228106,9.274032323
Arboleda,site,13,52,TRUE,12/3/2016,4.211209314,2.791667256,4.367886226,2.814462029,3.950044428,2.164972579,3.814454608,4.344801056,4.584261137,0.909956862,0.499382592,1.987327036,6.125090352,8.858684171
Arboleda,site,13,52,TRUE,12/10/2016,4.360391573,3.7472469,3.685377494,3.091738983,3.693309758,2.197874169,3.795245117,4.762539341,3.717944657,0.625420129,0.806469654,3.340714442,7.138828266,8.800097829
Arboleda,site,13,52,TRUE,12/17/2016,4.669809063,4.356248152,3.126834035,3.624648105,2.973422389,2.958185258,3.737331772,4.926843191,2.554978949,0.62819084,0.96064244,4.259925831,8.635257958,9.230758232
Arboleda,site,13,52,TRUE,12/24/2016,4.897089108,4.410663894,2.651483699,3.770077056,2.347814297,3.217915173,3.767794205,4.679005093,1.131549128,0.322432762,1.12843926,4.42437097,8.878096772,10.86515005
Arboleda,site,13,52,TRUE,12/31/2016,4.843653118,3.902201171,2.460073524,3.609754103,1.784424387,3.281457479,3.682782764,3.801238335,0.236765195,0.317472511,1.921284629,5.347347484,8.035342524,11.47648685
Arboleda,site,13,52,TRUE,1/7/2017,4.609358831,3.029321319,2.540872209,3.160705181,1.520775109,2.916869523,3.646452615,2.591987782,0.59906353,1.330966049,2.716587855,5.890107749,7.534862764,10.89788754
Arboleda,site,13,52,TRUE,1/14/2017,4.415238304,2.346623706,2.926836919,2.268543772,2.063919549,2.520484058,3.384912792,1.48243702,0.881663299,2.067935563,2.94958144,7.002253128,7.77015827,9.315497192
Arboleda,site,13,52,TRUE,1/21/2017,4.238759586,1.850517557,3.003573222,1.591113263,2.145317763,2.373687661,2.921603152,1.09225868,1.271997381,2.324462953,2.758776668,7.016424272,9.50953145,6.658501379
Arboleda,site,13,52,TRUE,1/28/2017,4.026911057,1.638308443,2.822339477,1.023144532,2.05372933,2.149117833,2.120447347,1.763099865,1.727280053,2.599894612,3.587111864,6.142733843,10.21861811,4.231630948
Arboleda,site,13,52,TRUE,2/4/2017,3.831678885,1.734554506,2.376031567,0.698077338,1.641293492,1.980757514,1.684768325,2.373169657,2.668497239,2.560118748,4.102986701,5.679801812,9.826405352,2.702924971
Arboleda,site,13,52,TRUE,2/11/2017,3.709244967,2.103340275,1.442263799,1.222576118,1.051279052,1.492177063,2.268229622,2.681746879,3.614395733,1.881531688,5.090578352,6.069959822,8.417688834,2.230090565
Arboleda,site,13,52,TRUE,2/18/2017,3.669000606,2.107360902,0.948008152,1.091226633,0.757641656,0.921251273,3.163488275,3.071353706,4.001041746,1.098575778,4.828720171,7.98498792,5.912716579,2.890380193
Arboleda,site,13,52,TRUE,2/25/2017,3.64956017,1.953229309,0.954996552,0.782968911,0.526776228,1.480500567,3.821947674,3.405008787,4.038712909,1.897333762,4.102198862,8.843936525,3.644246326,3.302271606
Arboleda,site,13,52,TRUE,3/4/2017,3.630789087,1.544494024,1.080302844,0.659626552,0.182806299,2.816759964,4.345543238,4.261631475,3.516178917,2.462779527,3.743059275,8.648069424,2.170019271,3.230538179
Arboleda,site,13,52,TRUE,3/11/2017,3.67230499,0.758865262,1.412120259,0.773337639,0.638331857,4.383193695,4.70147817,5.381661818,2.485827089,3.294542733,4.433466072,7.416243489,1.587267243,2.693067065
Arboleda,site,13,52,TRUE,3/18/2017,3.817071229,1.280697924,1.40134433,1.329776198,1.799222794,5.697036972,5.170524495,6.007703777,2.136430286,2.474886029,6.436642508,5.055831245,2.208510013,1.720232227
Arboleda,site,13,52,TRUE,3/25/2017,3.965617982,1.992825286,1.250580359,1.763445892,3.46593454,6.331081427,5.451318026,6.051616642,2.065442442,2.126495335,7.25591053,2.985058256,2.501641819,0.869085078
Arboleda,site,13,52,TRUE,4/1/2017,4.032295599,2.206411617,1.649775132,1.78482569,4.862405149,6.393296828,5.942114683,5.084813082,2.20435461,2.215259637,7.43588172,1.745278618,2.503391595,0.73725902
Arboleda,site,13,52,TRUE,4/8/2017,3.927904804,1.919591403,1.577576091,1.701031647,5.535065565,5.721963868,6.27933344,3.298654229,2.750183861,3.823827123,6.911246216,1.328933707,2.365493387,0.708167438
Arboleda,site,13,52,TRUE,4/15/2017,3.787619634,1.361883225,1.266539853,1.719993873,5.611206401,5.099714285,5.9396534,2.064458282,2.545250915,6.48316374,5.084494692,2.228803288,1.733825191,0.843727618
Arboleda,site,13,52,TRUE,4/22/2017,3.69200915,0.692881567,0.951780935,2.532367547,5.325028012,4.630727567,5.228210465,1.557819994,2.779900104,7.878334002,3.239918145,2.81311362,0.887809777,0.920776275
Arboleda,site,13,52,TRUE,4/29/2017,3.678667271,0.88133076,0.637377927,3.589778651,5.156532728,4.925422546,4.098541754,2.091243647,3.034332935,8.166418038,1.981076496,2.940759197,0.75768328,0.888182488
Arboleda,site,13,52,TRUE,5/6/2017,3.688329622,0.89085665,0.79959829,4.557391325,4.857339303,5.518628358,2.598310395,3.188111363,4.327630266,7.33907201,1.543778055,2.642171668,0.749109088,1.079888218
Arboleda,site,13,52,TRUE,5/13/2017,3.669582525,0.822064489,1.164773836,4.992442195,4.588839807,5.449241392,1.57215239,3.08144759,6.832437579,5.291837475,2.381911095,1.841136258,0.850227246,0.953057223
Arboleda,site,13,52,TRUE,5/20/2017,3.667897883,0.76975964,2.325894055,5.08608694,4.435851824,5.035212008,1.516281845,2.971367314,8.029242404,3.302486823,2.889220944,0.91315138,0.908963119,1.217987853
Arboleda,site,13,52,TRUE,5/27/2017,3.66442347,0.351915662,3.279189684,4.83961057,4.665676736,3.863058688,2.201110833,3.301081974,8.354418219,2.052201766,3.053768326,0.81784266,0.889520836,1.742982487
Arboleda,site,13,52,TRUE,6/3/2017,3.668439877,0.266920683,3.97488569,4.333059039,5.058147402,2.244367375,3.571219908,4.698352958,7.59871759,1.694564416,2.814415399,0.881219822,1.159957391,2.048240185
Arboleda,site,13,52,TRUE,6/10/2017,3.680029493,0.590991306,4.185320059,3.921021735,4.809988177,1.080482873,3.831575672,7.320887166,5.564209446,2.597206659,2.002568766,0.998548812,1.235643289,2.448170808
Arboleda,site,13,52,TRUE,6/17/2017,3.698079506,1.669568263,4.200850799,3.713950597,4.332166384,1.691421269,3.747868557,8.597091714,3.540068431,3.176832094,1.062815606,1.007558344,1.408133081,2.687052166
Arboleda,site,13,52,TRUE,6/24/2017,3.740750284,2.624564867,4.127896307,4.084054193,3.372873352,2.605861446,3.945520605,8.777635386,2.224308802,3.308614636,1.005512834,1.013447367,1.614274005,3.159920981
Arboleda,site,13,52,TRUE,7/1/2017,3.790635308,3.383238617,3.788375294,4.580599924,1.97193143,4.031656603,5.122094658,7.868646533,1.862827416,2.996200858,1.069436386,1.319701446,1.751175822,3.649990822
Arboleda,site,13,52,TRUE,7/8/2017,3.870017776,3.85033283,3.643151088,4.54479105,0.985324721,4.153754425,7.533299634,5.677949818,2.690983482,2.075630609,1.094533949,1.37615051,2.232290273,4.371492061
Arboleda,site,13,52,TRUE,7/15/2017,3.923553479,3.879683999,3.45208221,4.08307284,1.862245147,4.047584549,8.806187666,3.628283734,3.283077141,1.134118035,1.0902108,1.512912844,2.450076276,4.937184601
Arboleda,site,13,52,TRUE,7/22/2017,3.950180749,3.648629939,3.694146144,3.083023465,2.965165546,4.403897982,9.063362991,2.348360377,3.480936394,1.158605502,1.168609852,1.592490184,2.765558309,5.052887543
Arboleda,site,13,52,TRUE,7/29/2017,3.967399006,3.057376045,3.941593238,1.832988702,4.717173855,5.737528464,8.231216576,2.102345623,3.243914012,1.366127952,1.615408672,1.416615176,2.978693558,4.812252282
Arboleda,site,13,52,TRUE,8/5/2017,3.99230727,2.639629403,3.592822475,1.398961976,5.346186807,8.337559707,6.090599521,3.045865645,2.362116488,1.532728828,1.938251584,1.467239605,3.354298077,3.975992955
Arboleda,site,13,52,TRUE,8/12/2017,4.020369274,2.373877834,3.111729826,2.870153617,5.339047098,9.682232494,4.001200027,3.729199863,1.486389537,1.578843978,2.062217617,1.474837335,3.715535545,3.076537259
Arboleda,site,13,52,TRUE,8/19/2017,4.058909916,2.622671775,2.547629323,4.158426792,5.738950354,9.861065354,2.719680447,3.962762518,1.640660671,1.752019234,1.810734249,1.679337787,3.707935903,2.150590467
Arboleda,site,13,52,TRUE,8/26/2017,4.12124593,2.96465987,2.195521482,5.866052336,6.758987531,8.790472446,2.492377551,3.632134485,1.869746052,2.16844925,1.181384624,1.957119902,3.580163666,2.044075377
Arboleda,site,13,52,TRUE,9/2/2017,4.237998235,2.669392652,2.3548722,6.55058976,9.177874943,6.500737265,3.415521909,2.671393847,2.035313783,2.534909537,0.786784531,2.37178933,2.832320048,2.788734961
Arboleda,site,13,52,TRUE,9/9/2017,4.36669162,2.384100363,3.950048729,6.538879996,10.48214137,4.345303658,4.137064091,1.847794358,2.113026988,2.639919028,0.612238012,2.630320959,1.948790035,3.468186323
Arboleda,site,13,52,TRUE,9/16/2017,4.530788012,2.580949369,5.454964186,7.089942386,10.64316563,3.108933142,4.435771172,2.148686799,2.411604079,2.309862895,0.695730542,2.40048074,1.004594095,3.812752745
Arboleda,site,13,52,TRUE,9/23/2017,4.696363368,3.333646862,7.501283592,8.215551731,9.541168965,3.039835921,4.161599741,2.581501841,2.991077113,1.588597065,0.726608165,1.939567385,0.882990872,3.324262275
Arboleda,site,13,52,TRUE,9/30/2017,4.840614421,3.938045643,8.339686007,10.468651,7.10530995,3.980467323,3.155713245,2.819657478,3.43908168,0.802724357,1.109565682,1.272969563,1.663897001,2.761986569
Arboleda,site,13,52,TRUE,10/7/2017,4.856109463,5.344910173,8.032755277,11.47476712,4.775674411,4.643026763,2.317703374,2.811684697,3.39356206,0.509955625,1.344482459,0.963537562,2.256457962,2.133973784
Arboleda,site,13,52,TRUE,10/14/2017,4.71176559,6.122967527,7.771916705,11.03320678,3.309522882,4.671781317,2.407955963,2.753305282,2.617062137,0.444893516,1.756567415,0.854713968,3.103286689,1.527632232
Arboleda,site,13,52,TRUE,10/21/2017,4.568131184,7.280354061,8.018263537,9.441546289,2.966077504,4.090902356,2.485777828,2.879011903,1.49853689,0.859027668,2.15545134,0.929981187,3.559290827,1.918062606
Arboleda,site,13,52,TRUE,10/28/2017,4.489309273,7.422170339,9.801087569,6.795674947,3.688718964,2.90429846,2.414074096,2.973811394,0.541705059,1.704612881,2.03695679,2.116243946,3.680720746,1.606891898
Arboleda,site,13,52,TRUE,11/4/2017,4.282285193,6.406833509,10.39433867,4.307398447,4.092292659,1.807104343,2.052559318,2.574704372,0.704612465,2.747925268,2.066510294,3.590410342,3.697275647,1.008252284
Arboleda,site,13,52,TRUE,11/11/2017,4.145319176,5.786359846,9.888814114,2.733129453,3.979537076,1.658282283,1.774498256,1.824637908,1.642208289,3.661325455,2.103949731,5.214953751,3.294990597,1.000448465
Arboleda,site,13,52,TRUE,11/18/2017,4.100183503,5.908392535,8.327713221,2.168120993,3.310420506,1.450139815,1.704510427,1.346383496,2.800882706,4.599367085,3.073182872,6.228933748,3.448263738,1.635633419
Arboleda,site,13,52,TRUE,11/25/2017,4.196789124,7.889082331,5.863576979,2.848055997,2.200757959,1.27838328,1.621451108,1.883789475,3.911418469,4.618929157,4.532262781,6.543992181,2.586905868,2.211908677
Arboleda,site,13,52,TRUE,12/2/2017,4.323131266,8.790751,3.621759282,3.27522904,1.128628024,1.083465725,1.504698095,2.467511414,4.959038081,4.420278556,6.018881367,6.301595804,2.45428301,2.224761904
Arboleda,site,13,52,TRUE,12/9/2017,4.553560274,8.550288962,2.129946018,3.171646685,0.89728464,0.927808714,1.670043696,3.47498751,5.922712921,4.466190439,7.75157432,5.868689847,3.184075525,2.372279708
Arboleda,site,13,52,TRUE,12/16/2017,5.016047487,7.164307278,1.450149375,2.527954465,0.701682979,1.075613199,2.573269975,4.962874318,7.171435957,5.779897608,9.050966794,6.196903811,4.357576722,3.196997186
Arboleda,site,13,52,TRUE,12/23/2017,5.750360478,4.648274457,1.948735856,1.566366317,1.121637059,0.966571763,4.227816508,6.978698634,8.136403421,8.189459966,10.38955669,6.442538261,5.96878267,3.859533141
Arboleda,site,13,52,TRUE,12/30/2017,6.549749833,2.573196888,1.996564048,1.157438718,1.847541208,1.903036171,5.590091807,8.879008029,8.729015788,10.52628745,11.00390027,7.241374773,6.693914282,4.826126333
Arboleda,site,13,52,TRUE,1/6/2018,7.19929197,1.559029859,1.724648337,1.378763792,2.236236312,3.479272215,6.923145515,10.12968727,8.986723499,12.49612826,10.81917379,8.074301053,6.883081258,5.682851785
Arboleda,site,13,52,TRUE,1/13/2018,7.677001835,1.191635705,1.552612809,1.748993268,2.410032092,4.846522336,8.168847544,10.96286885,9.826419346,13.21927035,10.52429679,8.598269146,6.910197271,6.270722385
Arboleda,site,13,52,TRUE,1/20/2018,8.103241255,1.671529267,1.595553798,2.360050605,2.311575513,6.242286153,9.601665699,11.13454574,11.36060027,13.66263097,9.862287928,9.222116537,6.654266277,6.316751817
Arboleda,site,13,52,TRUE,1/27/2018,8.592952322,1.527911478,1.850508844,3.007537487,3.09518225,7.378261979,11.12673126,11.21227634,13.14217892,13.71363366,10.02851857,9.290126292,7.005716294,5.901195436
Arboleda,site,13,52,TRUE,2/3/2018,8.809004032,1.174877362,2.062824653,3.184024405,4.499313152,8.410901757,11.94165595,10.94274226,14.54351769,12.96737341,10.20460676,8.834152893,7.271007064,4.996324694
Arboleda,site,13,52,TRUE,2/10/2018,9.194238251,1.295557634,2.490491411,3.289230031,5.926454241,9.641834661,12.70241321,11.68864328,15.13322128,12.53885801,10.55680173,8.643250606,7.683715438,4.769693721
Arboleda,site,13,52,TRUE,2/17/2018,9.569033996,1.861879222,3.149786541,3.201284119,7.391455963,11.09750091,12.84298463,13.17499521,15.52734595,11.82142603,11.07896272,8.258315983,7.584576413,4.593789065
Arboleda,site,13,52,TRUE,2/24/2018,10.48869796,2.563746158,4.100850761,4.261796706,8.987004445,13.14969575,13.44964068,15.50403914,16.15569127,12.54137454,11.63005975,8.981407455,7.406565063,4.958941257
Arboleda,site,13,52,TRUE,3/3/2018,11.53694712,3.271553141,4.81664366,6.272744483,10.89401727,14.96466135,14.20970446,17.96159425,16.55881155,13.76577044,12.09103311,9.950557245,7.044719125,5.602125627
Arboleda,site,13,52,TRUE,3/10/2018,11.97619237,3.884311562,4.956619632,7.909590146,12.32216462,15.8662743,15.07901681,18.61550968,16.22063928,14.12511742,11.80776709,10.26238343,6.757164301,5.64324713
Arboleda,site,13,52,TRUE,3/17/2018,11.14030455,4.001899853,4.161713923,8.60690553,12.67958027,14.64934911,15.09651142,17.49883582,13.89648246,13.04313051,9.957534277,8.927743786,5.665222872,4.721514524
Arboleda,site,13,52,TRUE,3/24/2018,9.536867129,3.521871565,3.641594295,8.139527962,12.08394022,12.27073373,14.25908659,14.86885829,11.21720809,10.39707622,7.939566574,6.612345557,4.285036864,3.227043301
Arboleda,site,13,52,TRUE,3/31/2018,8.239163704,2.807555029,4.093354515,7.82725093,11.23090957,10.1752182,13.74026683,12.12419166,9.368431365,8.068692448,6.645649139,4.515433522,3.361790364,1.549124079
Arboleda,site,13,52,TRUE,4/7/2018,7.289817207,2.139238217,4.50051317,7.693280151,10.40103548,9.225430127,12.60125516,9.876071864,7.96663186,6.352407099,5.815651832,3.324989773,2.477436661,1.538588199
Arboleda,site,13,52,TRUE,4/14/2018,6.393189173,1.270349096,4.782045323,7.700570577,8.961967784,9.06025321,11.29097701,7.380360255,6.863439488,4.624331028,4.711490271,2.316501542,1.840246277,1.940038741
Arboleda,site,13,52,TRUE,4/21/2018,5.936526304,1.546086272,4.940201842,8.062454157,7.828128321,9.579521219,10.02103462,6.231577197,5.752848498,4.043550381,3.653201007,1.798414047,1.841012035,2.153082583
Arboleda,site,13,52,TRUE,4/28/2018,6.090085013,2.719346104,5.737328665,8.684666562,7.429104916,10.86457463,9.110417925,6.380425705,5.328567807,4.43806913,2.798432925,1.879745718,1.285655237,2.894087587
Arboleda,site,13,52,TRUE,5/5/2018,6.202778718,3.669769346,6.539414075,9.037236348,7.768027422,11.10148152,8.310043362,6.436510981,5.005304306,4.715323367,2.470037093,1.720159019,1.508593574,3.093764477
Arboleda,site,13,52,TRUE,5/12/2018,5.818249278,4.257948354,7.017953329,8.181308699,8.236760107,10.4385927,6.493433086,6.017408208,3.900969971,4.138312175,1.871346379,1.563597434,1.826554102,2.992012294
Arboleda,site,13,52,TRUE,5/19/2018,5.019543456,4.057182569,6.953445631,6.606415319,8.298444082,8.688199204,4.865144005,4.47866633,2.999440422,2.864827351,1.181440006,1.881863721,1.701290089,2.444835104
Arboleda,site,13,52,TRUE,5/26/2018,4.226493843,3.87264956,6.409099381,4.985477331,8.299007812,6.435650359,3.738370542,2.889351757,2.590593695,1.294942777,0.813313573,2.093944061,1.773865361,1.448334677
Arboleda,site,13,52,TRUE,6/2/2018,3.716135111,3.888913724,5.897122531,4.430143893,7.65186886,4.794143388,2.964069543,2.035732351,2.248604198,0.536655379,0.748825046,2.411245847,1.55315042,1.184710613
