Source,Scaler_win,Forecast_win,Dist,t_0,Total_RMSE,amt1_RMSE,amt5_RMSE,amt9_RMSE,amt13_RMSE,amt17_RMSE,amt21_RMSE,amt25_RMSE,amt29_RMSE,amt33_RMSE,amt37_RMSE,amt41_RMSE,amt45_RMSE,amt49_RMSE
Ceiba,13,52,negbin,4/15/2017,1.590440998,0.876500294,1.151882953,2.431053825,3.441407248,0.785843114,0.279577826,0.784905837,0.949158626,0.815979104,0.587370914,1.161671573,2.278630394,1.808309569
Ceiba,13,52,negbin,4/22/2017,1.558020294,0.548137947,0.887310228,2.673286602,2.624029519,0.640146846,0.401229707,0.99139313,1.053566324,1.073150494,0.410438437,1.659493136,2.881403513,1.181793676
Ceiba,13,52,negbin,4/29/2017,1.591654256,0.730579389,0.672915528,2.901744694,1.932094394,0.649745936,0.684199353,1.074622275,1.182696788,1.183326308,0.835115713,2.186887016,2.760697016,1.35961923
Ceiba,13,52,negbin,5/6/2017,1.661132794,0.566348458,0.937667935,2.731753271,1.517101363,0.718734382,1.461397341,0.608378426,1.535840653,1.260550664,1.585284197,2.662226284,2.509830136,1.427466866
Ceiba,13,52,negbin,5/13/2017,1.676775986,0.54095664,1.873738729,2.431254616,0.948986697,0.984372399,1.41318806,1.439792067,1.522082451,0.481134759,1.86230309,2.880878744,2.164839687,1.376198449
Ceiba,13,52,negbin,5/20/2017,1.6702895,0.620752392,2.399840403,2.323881128,0.717649755,0.746303134,1.212674987,1.306274351,1.326213193,0.5746327,1.931797267,3.104472502,1.203271767,1.888877979
Ceiba,13,52,negbin,5/27/2017,1.706232013,0.696345447,2.659280544,1.785308243,0.788320913,0.9335515,1.231829385,1.359051303,1.329054523,1.010502057,2.355555936,2.899435666,1.271484958,1.97104711
Ceiba,13,52,negbin,6/3/2017,1.718473984,0.943954177,2.890839413,1.521431239,0.60796344,1.322732663,0.480599103,1.410478372,1.170371599,1.478617618,2.562858607,2.4261238,1.532710605,2.031985081
Ceiba,13,52,negbin,6/10/2017,1.730144195,1.997777628,2.71104619,0.783397098,0.707726012,1.1947674,1.253401233,1.299579003,0.32867223,1.662804294,2.713264223,2.05669381,1.563464851,2.20503168
Ceiba,13,52,negbin,6/17/2017,1.77176597,2.393175393,2.316515051,0.722324744,0.755874936,1.219267223,1.313387238,1.333313104,0.580663431,1.938815093,3.110207972,1.204374526,1.881697982,2.207302593
Ceiba,13,52,negbin,6/24/2017,1.815375314,2.845545883,1.896082337,0.675508821,0.741399694,1.108375199,1.221870295,1.214712207,0.874424948,2.225827528,2.792745189,1.3380651,2.118900451,2.479696373
Ceiba,13,52,negbin,7/1/2017,1.805278254,2.820727605,1.51737032,0.653846929,1.383298928,0.535361597,1.465220212,1.208822878,1.525229841,2.606587767,2.462951681,1.486256761,1.97647266,2.137882273
Ceiba,13,52,negbin,7/8/2017,1.837680228,2.092789637,1.209017291,1.327668251,1.696611629,1.691892252,1.803206269,0.734793235,2.106817498,3.08433887,2.303231145,1.157923165,1.685830468,1.82365651
Ceiba,13,52,negbin,7/15/2017,1.92695335,1.782267139,1.359811191,1.608431531,1.87430049,1.984707324,2.001915865,1.207521731,2.54303967,3.602501858,1.388341841,1.289419434,1.471078906,1.594128198
Ceiba,13,52,negbin,7/22/2017,1.985366067,1.519606243,1.600364762,1.885699087,1.972754012,2.114704074,2.019301269,1.731678365,2.992213777,3.422087979,1.095219541,1.285749701,1.455334002,1.319425626
Ceiba,13,52,negbin,7/29/2017,2.076985196,1.900587712,1.72560635,2.465077665,1.589215741,2.448891451,2.04085906,2.361568301,3.343887033,3.085779733,0.751919954,1.111347651,1.176315978,1.12299538
Ceiba,13,52,negbin,8/5/2017,2.140778864,1.939741422,2.163357258,2.418458249,2.359635605,2.504820736,1.410490186,2.701576519,3.574215269,2.661046109,0.721050095,1.02348105,1.15532358,1.182415471
Ceiba,13,52,negbin,8/12/2017,2.077718206,1.706485447,1.99399443,2.19631589,2.30450188,2.320107412,1.512049651,2.812050072,3.821068028,1.515482413,1.053539478,1.152411364,1.274228121,1.600471443
Ceiba,13,52,negbin,8/19/2017,2.089672934,1.796632954,2.092709782,2.148425834,2.288134669,2.184504248,1.893372776,3.130539383,3.535550351,1.096770787,1.151692694,1.276895588,1.143808134,1.784246783
Ceiba,13,52,negbin,8/26/2017,1.988218527,1.510400855,2.259186484,1.387643647,2.260823059,1.870283112,2.20136201,3.206667612,2.969629079,0.877872353,1.257601914,1.333847692,1.315532491,1.913032209
Ceiba,13,52,negbin,9/2/2017,2.002513909,1.778261937,2.081884526,2.045184575,2.179176674,1.095060534,2.427239568,3.348891423,2.492744592,0.899075088,1.323157083,1.444869318,1.318151368,2.190663344
Ceiba,13,52,negbin,9/9/2017,1.980668261,1.689006547,1.940757759,2.050971571,2.067851895,1.270710483,2.599333793,3.648261214,1.413077941,1.237991181,1.403726615,1.52462101,1.508181839,2.029245066
Ceiba,13,52,negbin,9/16/2017,1.9562834,1.757932931,1.866001723,2.008761822,1.9191634,1.632423754,2.906868178,3.352074446,1.101825218,1.372091386,1.566814703,1.433007644,1.516984367,1.789852347
Ceiba,13,52,negbin,9/23/2017,1.943991979,2.147586096,1.278195762,2.159025141,1.779323642,2.114730505,3.131960836,2.906433132,0.949447918,1.341152331,1.425422718,1.424728241,1.799223942,1.525589864
Ceiba,13,52,negbin,9/30/2017,1.856140512,1.832927186,1.815817945,1.936792686,0.861701578,2.221293015,3.179070673,2.369963061,1.061111847,1.555031658,1.684703,1.477661811,1.909534017,0.876565974
Ceiba,13,52,negbin,10/7/2017,1.774360497,1.517283937,1.62471004,1.643599477,0.864915789,2.22941429,3.34728952,1.272326585,1.589495718,1.850670259,1.997594146,1.480134156,1.49782833,0.606373696
Ceiba,13,52,negbin,10/14/2017,1.744282004,1.276491636,1.407070918,1.370375764,1.057606494,2.399151915,2.935267379,1.251052064,1.921827101,2.244231928,2.154952953,1.038394352,1.164330454,1.096545908
Ceiba,13,52,negbin,10/21/2017,1.736531939,0.329882812,1.23213479,1.058049587,1.32602186,2.41531342,2.301974926,1.690979193,2.221550106,2.416084863,2.551813391,0.754634912,1.079183097,1.298625777
Ceiba,13,52,negbin,10/28/2017,1.776164968,1.044499736,1.010346829,0.37023687,1.384880312,2.475690659,1.914433676,1.836695723,2.541870931,2.766039964,2.407741065,0.75599979,1.37603722,1.141616791
Ceiba,13,52,negbin,11/4/2017,1.838654232,0.919065815,0.936768291,0.425872654,1.472537631,2.727432975,1.191894273,2.368896154,2.788058376,3.035694329,1.921261854,0.43641376,1.801450592,1.135641302
Ceiba,13,52,negbin,11/11/2017,1.845248644,0.925296832,1.002717747,0.573868118,1.882006678,2.509234243,1.549675184,2.519761513,2.952732415,2.934382462,0.983723736,0.892414524,1.627235346,1.32029337
Ceiba,13,52,negbin,11/18/2017,1.863933483,0.948584674,0.948411676,1.075366823,2.145851333,2.075718259,1.985977932,2.57630749,2.82009808,2.999245469,0.484520441,1.246507143,1.654872487,1.113189324
Ceiba,13,52,negbin,11/25/2017,1.904821536,0.815422967,0.588227501,1.160920159,2.277952035,1.807965503,2.069345922,2.82461056,3.083963073,2.708790405,0.454373459,1.68151562,1.350000625,1.544854935
Ceiba,13,52,negbin,12/2/2017,1.93596008,0.86337977,0.513065353,1.326398163,2.606356228,1.213933371,2.525660575,2.972742116,3.243542647,2.061347706,0.273766053,2.037217465,1.278091897,1.357908977
Ceiba,13,52,negbin,12/9/2017,1.957772635,0.968973843,0.500799604,1.724459223,2.378712122,1.66048365,2.707665833,3.172601756,3.178354726,1.081527685,0.948653845,1.847225282,1.547429255,1.368645595
Ceiba,13,52,negbin,12/16/2017,1.989396733,0.958654327,0.954660299,1.985545924,1.941427746,2.165402986,2.792764347,3.067083255,3.271267265,0.467267946,1.419126408,1.902458793,1.351481186,1.278030142
Ceiba,13,52,negbin,12/23/2017,2.037067093,0.816029051,0.976244196,2.106282027,1.7261367,2.274534141,3.071953022,3.363508774,2.977984374,0.266219436,1.965956204,1.581611553,1.67293643,0.939346206
Ceiba,13,52,negbin,12/30/2017,2.002775948,0.594402097,1.229287227,2.52540301,1.235282734,2.631028596,3.096462735,3.383133905,2.16121462,0.223778213,2.195092127,1.386721888,1.397594376,1.002394315
Ceiba,13,52,negbin,1/6/2018,1.980996401,0.491798789,1.671168571,2.33442769,1.699640233,2.771868109,3.24752204,3.261632021,1.124228173,0.982314887,1.925267598,1.627001172,1.340614357,0.629083045
Ceiba,13,52,negbin,1/13/2018,1.974647766,0.959205386,1.992393019,1.947158859,2.157672066,2.783429104,3.056425935,3.259548042,0.464935008,1.410901109,1.891473676,1.340875072,1.283590318,0.639889346
Ceiba,13,52,negbin,1/20/2018,1.929663803,1.16019883,2.277300716,1.807635298,2.070118985,2.825545549,3.08501756,2.709798935,0.453454053,1.682566453,1.350804972,1.545252008,1.036074068,1.074757748
Ceiba,13,52,negbin,1/27/2018,1.954246526,1.338643977,2.616533084,1.211617402,2.51244467,2.957202322,3.226028218,2.049123177,0.284686817,2.017383978,1.265112927,1.353839247,1.103498619,1.037415309
Ceiba,13,52,negbin,2/3/2018,2.022527561,1.648169558,2.315289776,1.716788062,2.799683631,3.279952376,3.297699819,1.143962105,0.998875981,1.959449791,1.661714904,1.329698781,0.609587366,1.27892983
Ceiba,13,52,negbin,2/10/2018,2.089015068,1.86609777,1.841514789,2.301349294,2.957035547,3.254686026,3.477328743,0.546568306,1.572836026,2.099259581,1.541514942,1.190961543,0.507884652,1.378834406
Ceiba,13,52,negbin,2/17/2018,2.161478481,1.982082588,1.674041398,2.424740276,3.252137391,3.567795708,3.176660934,0.28195361,2.179424005,1.768531684,1.791469535,0.905433557,1.104838843,1.233595128
Ceiba,13,52,negbin,2/24/2018,2.153240937,2.364872945,1.292165734,2.841148951,3.342365842,3.661273539,2.371289948,0.354009459,2.508722687,1.624469426,1.511216048,0.841512486,1.195089099,1.123362607
Ceiba,13,52,negbin,3/3/2018,2.316616756,2.018028183,1.998595342,3.23732212,3.788308058,3.864355611,1.524642045,1.371200224,2.518399868,2.220589863,1.266608955,0.426310239,1.574547584,1.480660076
Ceiba,13,52,negbin,3/10/2018,2.506069758,1.513470667,2.768161071,3.522421213,3.901088999,4.184697462,1.08488031,2.185567494,2.809776858,2.224023795,1.089032481,0.295867058,1.776733937,1.824542054
Ceiba,13,52,negbin,3/17/2018,2.656365892,1.546978468,2.978720969,3.912366276,4.319615744,3.917355071,0.938325946,2.986572662,2.523185868,2.346503696,1.069763195,1.332060552,1.678037954,1.935754794
Ceiba,13,52,negbin,3/24/2018,2.814996376,1.616688149,3.596544846,4.220239513,4.659419177,3.202601061,1.319378484,3.626970129,2.591295048,2.164907143,0.685643712,1.683126184,1.68207606,2.293224018
Ceiba,13,52,negbin,3/31/2018,3.051789537,2.544799027,4.027160849,4.699709707,4.884204734,2.37040043,2.277514076,3.578697114,3.25650098,1.637748752,0.850962341,2.144893801,2.047100176,2.454060196
Ceiba,13,52,negbin,4/7/2018,3.274723999,3.408042989,4.299627322,4.790702212,5.153995397,1.969775483,3.120912689,3.825739196,3.189641653,1.457017058,0.801601684,2.334309798,2.398355044,2.719705365
Ceiba,13,52,negbin,4/14/2018,3.228398134,3.466435187,4.490055256,4.980266405,4.576001164,1.602640016,3.709488589,3.227010449,2.92114083,1.46247194,1.645365963,2.07282464,2.352256871,2.760871405
Ceiba,13,52,negbin,4/21/2018,3.145695845,3.877876807,4.545547788,5.030666671,3.530227351,1.694636545,4.040923467,2.970977665,2.461925289,0.840319919,1.888231757,1.894481737,2.525905294,2.615478874
Ceiba,13,52,negbin,4/28/2018,2.85816393,3.852675722,4.498849743,4.659145588,2.175026668,2.066050508,3.341352129,3.026219502,1.51456699,0.712451542,2.01642976,1.920207951,2.316300163,2.041087503
Ceiba,13,52,negbin,5/5/2018,2.484377315,3.557069256,3.940728187,4.227972654,1.122845519,2.225719623,2.854388007,2.266647933,1.094069819,0.304878593,1.801400313,1.84996687,2.159482986,1.435027757
Ceiba,13,52,negbin,5/12/2018,2.208994579,3.451792479,3.794669017,3.398812242,0.440914012,2.420182073,1.987661666,1.942366916,0.909028748,1.153389692,1.36682245,1.608024963,2.026867684,1.036907232
Ceiba,13,52,negbin,5/19/2018,1.826617447,3.101934837,3.389313788,2.165730229,0.22348965,2.202073607,1.391723845,1.399638442,0.998545108,1.090659729,0.977637381,1.496873157,1.679541709,0.759089932
Ceiba,13,52,negbin,5/26/2018,1.496194606,2.800650955,2.766069741,0.945059468,0.895063324,1.485387743,1.171021603,1.558453486,0.936227042,1.031549921,0.926037491,1.160624567,1.113882883,0.721334003
Ceiba,13,52,negbin,6/2/2018,1.290361515,2.10526766,2.204485196,1.048888108,1.088210986,1.10220832,0.663127467,1.960477073,1.351120167,0.733017487,0.735954983,0.940333245,0.693954562,0.548460931
Ceiba,13,52,negbin,6/9/2018,1.290518446,1.762990687,1.535721282,1.820790644,0.857484008,1.235862253,1.704232094,1.942029205,1.490092794,0.402798109,0.538904468,0.7325129,0.536183903,0.658186585
Ceiba,13,52,negbin,6/16/2018,1.429663619,1.339559901,1.570655555,2.25247898,0.284080217,1.652029892,2.120067976,2.589880745,1.240011876,0.648002755,0.33245341,0.442770516,0.58927035,0.782771529
Ceiba,13,52,negbin,6/23/2018,1.743036867,0.783672915,2.239270801,2.617334346,1.789484495,1.618796115,3.269041243,2.55493671,1.039902214,0.929568648,0.447763738,0.496517949,0.519199792,1.148136974
Ceiba,13,52,negbin,6/30/2018,1.870307404,0.672450284,2.782820627,2.441511597,1.957171507,1.978917632,3.452372499,2.63845854,0.823378497,0.806907217,0.408601343,0.758584614,0.394679189,1.5694537
Ceiba,13,52,negbin,7/7/2018,2.048233537,1.275449973,3.357425123,2.008142039,2.619712879,2.864414331,3.161362229,2.336632181,0.988908865,0.971773983,0.260919233,0.829381758,0.994445518,1.848699859
Ceiba,13,52,negbin,7/14/2018,2.173571883,2.213168189,3.395392007,1.501079835,2.743196187,3.053281642,3.46323894,1.806378785,1.204750165,0.708159884,0.209945725,0.85243328,1.177733853,2.553816369
Ceiba,13,52,negbin,7/21/2018,2.283063474,2.754514313,3.189649899,2.346339975,2.187937235,3.768851286,2.979434061,1.310450471,1.208017862,0.741210092,0.657303762,0.631726337,1.398636415,3.180058335
Ceiba,13,52,negbin,7/28/2018,2.28454835,3.047539879,2.709851282,2.225018261,2.251211901,3.685483813,2.831258011,0.955198779,0.94407485,0.532543301,0.845464945,0.452873819,1.700427841,3.701645952
Ceiba,13,52,negbin,8/4/2018,2.159669504,3.184334351,1.836652516,2.443315769,2.713530708,3.020536408,2.233289748,0.895448279,0.880719204,0.185336769,0.776467517,0.945109993,1.760953827,3.669844978
Ceiba,13,52,negbin,8/11/2018,2.070494665,2.918747381,0.983404663,2.272596812,2.649511963,3.097859428,1.554505234,0.955961261,0.465006608,0.094358533,0.726342189,1.006550369,2.317659322,3.740998209
Ceiba,13,52,negbin,8/18/2018,1.92390145,2.377931368,1.572915835,1.387674845,3.059824852,2.374676693,0.942573235,0.826916621,0.361915824,0.470813777,0.488126776,1.042805182,2.758427039,3.493245373
Ceiba,13,52,negbin,8/25/2018,1.764131117,1.787007596,1.346164935,1.303865717,2.858630298,2.140891506,0.572920693,0.546836988,0.365641822,0.604764384,0.336774949,1.235087759,3.19329468,2.834530544
Ceiba,13,52,negbin,9/1/2018,1.633961878,0.968523053,1.462334256,1.893600096,2.182347204,1.644788743,0.437295454,0.518544808,0.548009922,0.551466733,0.701788577,1.236264982,3.114148676,2.79183321
Ceiba,13,52,negbin,9/8/2018,1.555258976,0.270260888,1.3042821,1.81783467,2.267631669,1.078029023,0.511748881,0.47199362,0.6788688,0.540338528,0.656934842,1.788505829,3.161351403,2.28031314
Ceiba,13,52,negbin,9/15/2018,1.510533887,1.041398524,0.726316518,2.297733927,1.694880528,0.761426463,0.630608961,0.545949466,0.649938969,0.499402071,0.658501961,2.286550709,2.969417724,1.863146238
Ceiba,13,52,negbin,9/22/2018,1.493550119,1.026837799,0.723260937,2.219866056,1.586948703,0.612626164,0.603942674,0.745061726,0.623315534,0.460004754,0.875235164,2.787339724,2.361580365,1.991888398
Ceiba,13,52,negbin,9/29/2018,1.497292041,1.140626449,1.619936655,1.816555268,1.413507555,0.419155913,0.57842253,0.832226151,0.540652795,0.642555778,1.005304638,2.861041361,2.479720037,1.63344122
Ceiba,13,52,negbin,10/6/2018,1.461823363,1.066804663,1.590535479,1.985679872,0.975721456,0.474610539,0.66285595,0.888622904,0.531324052,0.565969781,1.612377827,2.962133288,2.018259904,1.308795652
Ceiba,13,52,negbin,10/13/2018,1.35084751,0.782040067,1.903924641,1.314696651,0.839570815,0.719406844,0.836114435,0.863840618,0.589908336,0.468149801,2.022623226,2.673441769,1.470818003,1.058689443
Ceiba,13,52,negbin,10/20/2018,1.313963642,0.697794517,1.844756376,1.242362084,0.800832882,0.808672304,1.032994168,0.735996075,0.59310385,0.667577783,2.535286245,2.069822089,1.597425266,0.214261744
Ceiba,13,52,negbin,10/27/2018,1.284909905,1.447042481,1.365327804,1.175793142,0.645448763,0.847346627,1.219764269,0.632744903,0.639422735,0.718127592,2.523020815,2.067052269,1.184465304,0.365672409
Ceiba,13,52,negbin,11/3/2018,1.294853584,1.379302018,1.616108259,0.922164266,0.572577828,0.949413077,1.169708716,0.571873382,0.493555317,1.385787068,2.696824947,1.671052505,1.043906064,0.433839335
Ceiba,13,52,negbin,11/10/2018,1.366713087,1.880655302,1.291022691,0.848599539,0.729394893,0.855491511,0.878505127,0.597048088,0.457692846,2.006129335,2.65483911,1.446411689,1.046713957,1.223515404
Ceiba,13,52,negbin,11/17/2018,1.392590216,1.949567414,1.340978222,0.739069466,0.742478307,0.948913713,0.697649415,0.552536177,0.724824457,2.607441146,2.153121773,1.709797541,0.141663785,1.385094435
Ceiba,13,52,negbin,11/24/2018,1.30640594,1.465117932,1.221664165,0.577111753,0.773015266,1.128491732,0.601848001,0.631813114,0.781797245,2.60211624,2.163032937,1.280523171,0.238530219,1.350904795
Ceiba,13,52,negbin,12/1/2018,1.336415869,1.747531494,0.929113864,0.520606891,0.844258734,1.068719488,0.550797852,0.511521575,1.465714317,2.791926023,1.79518217,1.123849571,0.463831241,1.402124468
Ceiba,13,52,negbin,12/8/2018,1.260118888,1.221491871,0.87759696,0.761243056,0.913094086,0.92233013,0.618892576,0.428474477,1.957602853,2.600020383,1.374744929,1.016881855,1.174205888,0.809250491
Ceiba,13,52,negbin,12/15/2018,1.232011483,1.157791871,0.857495144,0.868917351,1.105981604,0.772084908,0.629126209,0.620480735,2.473348097,1.998497719,1.501490738,0.31973997,1.229189033,0.56755465
Ceiba,13,52,negbin,12/22/2018,1.189096465,1.13186811,0.731305914,0.939064001,1.326223002,0.674304625,0.654482744,0.648453488,2.431132817,1.956144296,1.083418617,0.533055951,1.113232902,0.432489521
Ceiba,13,52,negbin,12/29/2018,1.17585647,0.976506329,0.7764631,1.248311044,1.450210638,0.661323201,0.499270895,1.175643607,2.434123567,1.331526308,0.951572331,0.659676871,0.94578298,0.868678495
Ceiba,13,52,negbin,1/5/2019,1.235287034,1.185063159,1.085747985,1.366838873,1.276376119,0.814371034,0.342984975,1.595113384,2.184818072,0.856276406,1.094217201,1.016782051,0.274740705,1.618032908
Ceiba,13,52,negbin,1/12/2019,1.286504957,1.179044474,1.206085401,1.484549421,0.988336274,0.823910583,0.436077395,2.160088296,1.641553193,1.03110313,0.939620779,0.988636194,0.495244092,2.022956258
Ceiba,13,52,negbin,1/19/2019,1.302934164,0.963336697,1.183844212,1.592462982,0.797963133,0.718054766,0.508033963,2.203117863,1.68469378,0.906037562,0.972645753,0.826447661,0.515037956,2.320830067
Ceiba,13,52,negbin,1/26/2019,1.297254432,0.836294733,1.324638176,1.520896811,0.689553367,0.513459429,1.126250771,2.368304382,1.247689241,0.963278969,0.756293064,0.869297069,0.940171514,2.190312939
Ceiba,13,52,negbin,2/2/2019,1.290093146,1.064077604,1.339876486,1.255015661,0.801905103,0.339203786,1.615799009,2.2088735,0.884250368,1.075568515,1.013292298,0.302113167,1.585624936,1.820660255
Ceiba,13,52,negbin,2/9/2019,1.327448644,1.267496993,1.550579981,1.029543808,0.858812432,0.419573173,2.106648557,1.581579807,0.955517065,1.049430811,0.972907624,0.529075735,2.1075019,1.517048312
Ceiba,13,52,negbin,2/16/2019,1.337679623,1.219566505,1.629990864,0.817133691,0.729600683,0.493834504,2.171197772,1.647255456,0.892391672,1.035414015,0.791149488,0.544617081,2.374472002,1.348065385
Ceiba,13,52,negbin,2/23/2019,1.305776502,1.25503475,1.456448786,0.663736776,0.500329953,1.171216822,2.428308185,1.324092636,0.952026116,0.667861962,0.938884198,0.874735283,2.095915882,1.168278573
Ceiba,13,52,negbin,3/2/2019,1.274501617,1.161340003,1.114442755,0.721646562,0.343946896,1.75541703,2.369913592,1.080000183,0.992671053,1.032498495,0.503859597,1.376505855,1.617530363,1.098164041
Ceiba,13,52,negbin,3/9/2019,1.278484225,1.0770526,0.757497327,0.614768502,0.638835755,2.497826766,2.026664194,1.539338081,0.276012912,1.25595199,0.589729633,1.521284117,1.023949124,0.805396899
Ceiba,13,52,negbin,3/16/2019,1.293356193,1.103522191,0.594258659,0.630615126,0.799733395,2.623805908,2.18942514,1.308062594,0.210453196,1.38182751,0.562622613,1.624404838,0.861150248,0.313590709
Ceiba,13,52,negbin,3/23/2019,1.347112774,0.936334789,0.534088287,0.549065502,1.573065619,2.916966806,1.958972393,1.25544951,0.586063274,1.570075182,0.672662326,1.347796842,0.778430343,0.217422628
Ceiba,13,52,negbin,3/30/2019,1.457044702,0.628496744,0.492320142,0.682324546,2.317098195,3.003502975,1.908663724,1.38863308,1.623491349,1.351022918,0.822300128,1.024980902,0.474619586,0.348552658
Ceiba,13,52,negbin,4/6/2019,1.566612754,0.585152767,0.3638649,1.096831303,3.039629979,2.655208585,2.389954876,0.861076865,1.984974491,1.272151221,0.954015127,0.801204653,0.462002161,0.401134006
Ceiba,13,52,negbin,4/13/2019,1.677509269,0.581210054,0.744373686,1.350110797,3.236282854,2.943049302,2.199730047,1.079541243,2.287305898,1.373154607,0.671395586,0.861237026,0.443078892,0.471550184
Ceiba,13,52,negbin,4/20/2019,1.665241162,0.588271433,0.780756251,1.989262561,3.383811997,2.573627432,1.895074341,1.320517503,2.211809418,1.102310253,0.715262742,0.83234467,0.599264427,0.238822952
Ceiba,13,52,negbin,4/27/2019,1.640918327,0.466681271,0.86334283,2.542070421,3.253707132,2.243953103,1.728812704,1.964506141,1.686552949,0.842058766,0.964400509,0.385506922,0.540135848,0.429797971
Ceiba,13,52,negbin,5/4/2019,1.580099015,0.358487725,1.115584529,3.060594667,2.679656359,2.423100776,0.902218803,2.016251053,1.301570574,0.943465418,0.809873005,0.461226856,0.417552141,0.398190602
Ceiba,13,52,negbin,5/11/2019,1.658778905,0.737194081,1.332203616,3.217152373,2.919342319,2.169983554,1.04294248,2.258507186,1.345467919,0.698272026,0.846789721,0.425702076,0.456264683,0.526814705
Ceiba,13,52,negbin,5/18/2019,1.687848196,0.797358785,2.014573954,3.411597518,2.610294891,1.937263196,1.368399615,2.250419812,1.136935633,0.684665131,0.850007402,0.624365553,0.24927307,0.511973756
Ceiba,13,52,negbin,5/25/2019,1.772984853,0.972574913,2.674240555,3.400144439,2.440818752,1.945928951,2.175110319,1.88254835,0.927340562,0.993413694,0.428030426,0.661330523,0.51580062,0.673760739
Ceiba,13,52,negbin,6/1/2019,1.709420108,1.221766219,3.17856858,2.817333872,2.609725666,1.134062048,2.194470066,1.468499833,0.90780563,0.880294324,0.480246664,0.516092025,0.454389083,1.040528451
Ceiba,13,52,negbin,6/8/2019,1.629706026,1.270143062,3.150627722,2.836963485,2.067106441,0.915883378,2.158509665,1.249650942,0.794510405,0.80219487,0.367034347,0.405840525,0.531526764,1.3228358
Ceiba,13,52,negbin,6/15/2019,1.634632001,1.8886424,3.272814475,2.427211686,1.729747255,1.131418136,2.057900724,0.970164933,0.84942647,0.775543335,0.499981741,0.229825762,0.500853396,1.800468098
Ceiba,13,52,negbin,6/22/2019,1.59159909,2.374060391,3.066984462,1.993557393,1.47004555,1.707116247,1.43622571,0.81085501,0.996920931,0.435310888,0.394024211,0.382392562,0.902514171,1.954416605
Ceiba,13,52,negbin,6/29/2019,1.519344675,2.753588994,2.322400632,1.938810153,0.311897488,1.575481063,0.884076197,1.198422838,0.818831543,0.584916929,0.257127592,0.464257857,1.480166288,2.234310081
Ceiba,13,52,negbin,7/6/2019,1.506038371,2.610755713,2.173542031,1.291436411,0.226804384,1.36320539,0.549721563,1.645701316,0.871518363,0.324059119,0.389054836,0.887674475,1.910279552,2.429913616
Ceiba,13,52,negbin,7/13/2019,1.569496251,2.428989412,1.324963189,0.951967104,0.666899182,0.939691038,0.874022992,2.094846817,1.16755982,0.374682677,0.938753957,1.142839432,2.792237987,2.343883908
Ceiba,13,52,negbin,7/20/2019,1.790097066,1.949279177,0.615740733,1.343070208,1.134102437,0.201478878,1.948269235,2.171612824,1.586965594,0.731628148,1.22907317,2.016375117,3.280346833,2.538880136
Ceiba,13,52,negbin,7/27/2019,2.017784046,1.143118668,0.552088098,1.912958278,1.152840021,1.019088572,2.790040688,2.137092558,1.697509606,1.11490043,1.602775215,2.725085105,3.684840032,2.289391323
Ceiba,13,52,negbin,8/3/2019,2.104784816,1.077023273,1.140061966,2.088258585,0.667295767,1.247174115,3.270515465,2.069745153,1.291690229,1.306060858,1.965432768,3.039384342,3.724758052,1.855073219
Ceiba,13,52,negbin,8/10/2019,2.394247703,0.48628032,1.986237001,2.315484932,0.840239848,2.170235821,3.605742755,2.320470882,1.25878017,1.918714799,2.205692497,3.927071733,3.545632231,1.747010081
Ceiba,13,52,negbin,8/17/2019,2.610785755,0.96379163,2.602836511,2.167221006,1.268190497,3.157659234,3.345026111,2.561705761,1.472924767,2.074783977,2.915528696,4.269226007,3.529893871,1.103852458
Ceiba,13,52,negbin,8/24/2019,2.703793847,1.002571896,3.031318641,1.859738843,1.8155375,3.701509935,2.981853745,2.332537633,1.671009838,2.253104179,3.381658654,4.430398805,2.974840161,1.507259958
Ceiba,13,52,negbin,8/31/2019,2.78472753,1.900406946,3.175732847,1.331988406,2.073682489,4.195319856,2.858134886,1.864681521,1.867343944,2.613244969,3.687953402,4.459608884,2.366207175,1.545725361
Ceiba,13,52,negbin,9/7/2019,2.75784622,2.409944902,2.798194477,1.159045006,2.566147031,4.027883866,2.663309866,1.510099139,2.19254168,2.509066648,4.241912905,3.881524646,1.902210548,1.982295885
Ceiba,13,52,negbin,9/14/2019,2.715707133,2.703017459,2.257309397,1.350089579,3.247049501,3.432022262,2.632594336,1.527110157,2.136620314,2.981108385,4.340661499,3.601776121,1.091705303,1.89961152
Ceiba,13,52,negbin,9/21/2019,2.761363279,3.10973608,1.917542589,1.873068329,3.766092739,3.041971807,2.377396926,1.710225827,2.298968946,3.427867647,4.482669683,3.023414852,1.469305705,1.351719476
Ceiba,13,52,negbin,9/28/2019,2.569770315,2.840829801,1.096158457,1.816236796,3.910451968,2.612941788,1.687959595,1.693898144,2.41279572,3.487881775,4.233281318,2.199006999,1.726155499,1.310474735
Ceiba,13,52,negbin,10/5/2019,2.394547073,2.269653266,0.812906333,2.132829009,3.565567896,2.288065984,1.234877082,1.892650507,2.176891319,3.897080347,3.513672491,1.734405054,2.309837145,0.712713114
Ceiba,13,52,negbin,10/12/2019,2.19482905,1.574187656,0.698292718,2.536809684,2.741760885,2.066099501,1.094623924,1.643354773,2.457714326,3.768432702,3.026888571,1.287914506,2.363667484,0.943134727
Ceiba,13,52,negbin,10/19/2019,2.055727472,1.099163138,0.937702439,2.692141473,2.047080569,1.629030246,1.054835182,1.532487496,2.653821472,3.603496966,2.21575347,2.158476712,1.966795831,1.353819102
Ceiba,13,52,negbin,10/26/2019,1.919820471,0.630278985,0.7613358,2.688035061,1.59210654,0.932990743,0.957501511,1.564240076,2.632666767,3.261602925,1.599513672,2.542823121,2.027561186,1.496163491
Ceiba,13,52,negbin,11/2/2019,1.898473126,0.663506545,1.195701029,2.517895192,1.468849008,0.615267139,1.212845126,1.433842087,3.112079726,2.680506082,1.575817524,3.067884272,1.558128722,1.178500825
Ceiba,13,52,negbin,11/9/2019,1.87646737,0.17256517,1.788854265,2.017385222,1.454192852,0.632501392,1.115268297,1.894265056,3.143826216,2.402970039,1.68239004,2.912381665,1.616998238,1.242285263
Ceiba,13,52,negbin,11/16/2019,1.854681898,0.537805836,2.125818512,1.533346258,1.231486824,0.706636008,1.123547813,2.235923439,3.123903648,1.789289448,2.561736288,2.377303353,1.88354086,0.747506223
Ceiba,13,52,negbin,11/23/2019,1.856776495,0.556854997,2.395243379,1.363799709,0.754485447,0.785933257,1.366463926,2.42894392,3.02855318,1.501410852,2.744739915,2.236715294,1.727569559,1.005250617
Ceiba,13,52,negbin,11/30/2019,1.878419302,0.969532577,2.230681678,1.26090563,0.450095274,1.026668659,1.235236317,2.895232883,2.452022182,1.596982984,3.279263531,1.808370637,1.420464724,1.610923074
Ceiba,13,52,negbin,12/7/2019,1.876330943,1.55484958,1.79083389,1.255124739,0.487145316,0.946178404,1.71119654,2.937357155,2.198106786,1.835839785,3.099776927,1.850769839,1.373699411,1.660189188
Ceiba,13,52,negbin,12/14/2019,1.913986747,1.895470278,1.330988753,1.069090076,0.566039975,0.956013653,2.061385023,2.921821715,1.615225885,2.734831172,2.55838687,2.11117365,0.820734175,2.30894439
Ceiba,13,52,negbin,12/21/2019,1.920666731,2.053339292,1.116076225,0.549978807,0.592714769,1.141301837,2.191803079,2.756004709,1.420522364,2.982847957,2.490720444,2.011484159,1.172660297,2.366133085
