Site,Weather,Scaler_win,Forecast_win,Trap_smoothing_flag,RMSE_mu,RMSE_sig
Arboleda,site,4,3,FALSE,3.325905314,1.96591816
Arboleda,site,4,4,FALSE,3.453992623,1.829543223
Arboleda,site,4,8,FALSE,3.740985001,1.674631025
Arboleda,site,4,17,FALSE,4.215841399,1.619908806
Arboleda,site,4,21,FALSE,4.387847306,1.598725392
Arboleda,site,4,30,FALSE,4.74648264,1.825905122
Arboleda,site,4,34,FALSE,4.850482613,1.920528413
Arboleda,site,4,52,FALSE,4.998572641,2.018333735
Arboleda,site,4,80,FALSE,4.896861135,1.6114759
Arboleda,site,4,150,FALSE,5.175253101,2.028177311
Arboleda,site,8,3,FALSE,3.260647394,1.863498627
Arboleda,site,8,4,FALSE,3.394477586,1.74212874
Arboleda,site,8,8,FALSE,3.73719888,1.662380591
Arboleda,site,8,17,FALSE,4.172546864,1.495776714
Arboleda,site,8,21,FALSE,4.347658295,1.490128635
Arboleda,site,8,30,FALSE,4.668877902,1.692844449
Arboleda,site,8,34,FALSE,4.747748739,1.740486847
Arboleda,site,8,52,FALSE,4.853285207,1.698989798
Arboleda,site,8,80,FALSE,4.723049338,1.283679741
Arboleda,site,8,150,FALSE,4.987696542,1.606701421
Arboleda,site,13,3,FALSE,3.433513252,1.927552913
Arboleda,site,13,4,FALSE,3.536854311,1.829042412
Arboleda,site,13,8,FALSE,3.802183028,1.652761305
Arboleda,site,13,17,FALSE,4.219611026,1.481501958
Arboleda,site,13,21,FALSE,4.374165748,1.50802328
Arboleda,site,13,30,FALSE,4.624836894,1.663569368
Arboleda,site,13,34,FALSE,4.688369454,1.699173139
Arboleda,site,13,52,FALSE,4.756613871,1.544278636
Arboleda,site,13,80,FALSE,4.608147259,1.154437108
Arboleda,site,13,150,FALSE,4.882414587,1.411964235
Arboleda,site,17,3,FALSE,3.447265817,1.935878349
Arboleda,site,17,4,FALSE,3.548223547,1.820882184
Arboleda,site,17,8,FALSE,3.823579854,1.614196324
Arboleda,site,17,17,FALSE,4.227765082,1.506488991
Arboleda,site,17,21,FALSE,4.359998755,1.552402405
Arboleda,site,17,30,FALSE,4.573968303,1.670951657
Arboleda,site,17,34,FALSE,4.62462165,1.684401664
Arboleda,site,17,52,FALSE,4.681443162,1.437560709
Arboleda,site,17,80,FALSE,4.536512837,1.077696203
Arboleda,site,17,150,FALSE,4.820233614,1.30191152
Arboleda,site,21,3,FALSE,3.484245159,1.935554984
Arboleda,site,21,4,FALSE,3.590027285,1.82757623
Arboleda,site,21,8,FALSE,3.869423904,1.628636264
Arboleda,site,21,17,FALSE,4.227203625,1.586350019
Arboleda,site,21,21,FALSE,4.339756452,1.629516283
Arboleda,site,21,30,FALSE,4.521693941,1.709539884
Arboleda,site,21,34,FALSE,4.564358278,1.682118825
Arboleda,site,21,52,FALSE,4.616838018,1.369685072
Arboleda,site,21,80,FALSE,4.490255694,1.072403818
Arboleda,site,21,150,FALSE,4.784666376,1.270992417
Arboleda,site,26,3,FALSE,3.532826965,1.976824282
Arboleda,site,26,4,FALSE,3.640300198,1.882356355
Arboleda,site,26,8,FALSE,3.890771295,1.680505488
Arboleda,site,26,17,FALSE,4.19140744,1.687317978
Arboleda,site,26,21,FALSE,4.289765503,1.719137756
Arboleda,site,26,30,FALSE,4.44122486,1.697411662
Arboleda,site,26,34,FALSE,4.479912082,1.616785028
Arboleda,site,26,52,FALSE,4.523884321,1.272795361
Arboleda,site,26,80,FALSE,4.443497566,1.052781556
Arboleda,site,26,150,FALSE,4.750533358,1.236917149
Playa,site,4,3,FALSE,6.171077686,4.010420145
Playa,site,4,4,FALSE,6.314009517,3.856069755
Playa,site,4,8,FALSE,6.654597998,3.826360651
Playa,site,4,17,FALSE,7.451241949,3.980726197
Playa,site,4,21,FALSE,7.683362969,3.838176733
Playa,site,4,30,FALSE,8.027281374,3.441742402
Playa,site,4,34,FALSE,8.168087705,3.283637439
Playa,site,4,52,FALSE,8.548758317,3.049976261
Playa,site,4,80,FALSE,8.772866804,3.154403124
Playa,site,4,150,FALSE,8.7713052,3.090583738
Playa,site,8,3,FALSE,5.727423486,4.012031796
Playa,site,8,4,FALSE,5.919086822,3.921214554
Playa,site,8,8,FALSE,6.474814276,3.915386295
Playa,site,8,17,FALSE,7.149566218,3.761190881
Playa,site,8,21,FALSE,7.34444963,3.571503928
Playa,site,8,30,FALSE,7.707125379,3.120108814
Playa,site,8,34,FALSE,7.843321517,2.960526103
Playa,site,8,52,FALSE,8.238869078,2.615871851
Playa,site,8,80,FALSE,8.425393004,2.633619122
Playa,site,8,150,FALSE,8.404810151,2.780359657
Playa,site,13,3,FALSE,5.873770646,4.271651167
Playa,site,13,4,FALSE,6.027907984,4.135876082
Playa,site,13,8,FALSE,6.449758996,3.886847604
Playa,site,13,17,FALSE,7.049985383,3.435974482
Playa,site,13,21,FALSE,7.246303764,3.205504649
Playa,site,13,30,FALSE,7.620588737,2.71831199
Playa,site,13,34,FALSE,7.756787417,2.553778486
Playa,site,13,52,FALSE,8.13220504,2.061277231
Playa,site,13,80,FALSE,8.25841601,2.059946987
Playa,site,13,150,FALSE,8.237777731,2.150529984
Playa,site,17,3,FALSE,5.777628637,4.184169313
Playa,site,17,4,FALSE,5.960365418,4.015321134
Playa,site,17,8,FALSE,6.392717101,3.646493537
Playa,site,17,17,FALSE,6.97189422,3.139656756
Playa,site,17,21,FALSE,7.167431533,2.94281098
Playa,site,17,30,FALSE,7.548019599,2.430633865
Playa,site,17,34,FALSE,7.681259654,2.248081316
Playa,site,17,52,FALSE,8.055120734,1.657979508
Playa,site,17,80,FALSE,8.154999931,1.652764662
Playa,site,17,150,FALSE,8.125028934,1.686658972
Playa,site,21,3,FALSE,5.779037523,4.052025333
Playa,site,21,4,FALSE,5.945896511,3.865712043
Playa,site,21,8,FALSE,6.368934494,3.462046838
Playa,site,21,17,FALSE,6.942796033,2.996607021
Playa,site,21,21,FALSE,7.140015749,2.779196033
Playa,site,21,30,FALSE,7.512019459,2.276735354
Playa,site,21,34,FALSE,7.641504536,2.07254422
Playa,site,21,52,FALSE,8.016058283,1.406334136
Playa,site,21,80,FALSE,8.11488505,1.408401958
Playa,site,21,150,FALSE,8.070141813,1.361334088
Playa,site,26,3,FALSE,5.756213449,3.986762727
Playa,site,26,4,FALSE,5.92595338,3.803357705
Playa,site,26,8,FALSE,6.362031582,3.395303522
Playa,site,26,17,FALSE,6.943676492,2.8930404
Playa,site,26,21,FALSE,7.13292348,2.676995197
Playa,site,26,30,FALSE,7.493350817,2.139398212
Playa,site,26,34,FALSE,7.615102019,1.908503452
Playa,site,26,52,FALSE,7.982955167,1.206327448
Playa,site,26,80,FALSE,8.081687616,1.236440308
Playa,site,26,150,FALSE,8.023669,1.120827204
La_Margarita,site,4,3,FALSE,0.69285627,0.674557619
La_Margarita,site,4,4,FALSE,0.723688038,0.665522257
La_Margarita,site,4,8,FALSE,0.797107411,0.644787782
La_Margarita,site,4,17,FALSE,0.926608725,0.607346926
La_Margarita,site,4,21,FALSE,0.964806185,0.597559325
La_Margarita,site,4,30,FALSE,1.043551691,0.60483051
La_Margarita,site,4,34,FALSE,1.07991381,0.614198523
La_Margarita,site,4,52,FALSE,1.128747228,0.600987128
La_Margarita,site,4,80,FALSE,1.101312682,0.48435953
La_Margarita,site,4,150,FALSE,1.067172417,0.291463356
La_Margarita,site,8,3,FALSE,0.663954175,0.68356761
La_Margarita,site,8,4,FALSE,0.698302019,0.667491358
La_Margarita,site,8,8,FALSE,0.782904273,0.647738529
La_Margarita,site,8,17,FALSE,0.899290447,0.612072044
La_Margarita,site,8,21,FALSE,0.934391562,0.605373136
La_Margarita,site,8,30,FALSE,1.022253347,0.607699495
La_Margarita,site,8,34,FALSE,1.053509225,0.609623407
La_Margarita,site,8,52,FALSE,1.096840881,0.566434094
La_Margarita,site,8,80,FALSE,1.049743123,0.426664644
La_Margarita,site,8,150,FALSE,1.027727106,0.240838432
La_Margarita,site,13,3,FALSE,0.682830901,0.698036855
La_Margarita,site,13,4,FALSE,0.711820072,0.683912969
La_Margarita,site,13,8,FALSE,0.782291385,0.661051351
La_Margarita,site,13,17,FALSE,0.893025709,0.625351749
La_Margarita,site,13,21,FALSE,0.93332585,0.623551339
La_Margarita,site,13,30,FALSE,1.017172372,0.629972663
La_Margarita,site,13,34,FALSE,1.042695373,0.626841732
La_Margarita,site,13,52,FALSE,1.080675818,0.563550258
La_Margarita,site,13,80,FALSE,1.023870076,0.419839927
La_Margarita,site,13,150,FALSE,1.01189473,0.227367825
La_Margarita,site,17,3,FALSE,0.688390801,0.704072913
La_Margarita,site,17,4,FALSE,0.716077114,0.688274423
La_Margarita,site,17,8,FALSE,0.784717052,0.661713945
La_Margarita,site,17,17,FALSE,0.897363312,0.638394562
La_Margarita,site,17,21,FALSE,0.938885391,0.642461576
La_Margarita,site,17,30,FALSE,1.01554028,0.64170318
La_Margarita,site,17,34,FALSE,1.035746986,0.631797082
La_Margarita,site,17,52,FALSE,1.071849291,0.55965477
La_Margarita,site,17,80,FALSE,1.012850892,0.419989013
La_Margarita,site,17,150,FALSE,1.008612115,0.220443155
La_Margarita,site,21,3,FALSE,0.69865802,0.705059812
La_Margarita,site,21,4,FALSE,0.724834549,0.690532819
La_Margarita,site,21,8,FALSE,0.791442715,0.666283687
La_Margarita,site,21,17,FALSE,0.90821942,0.659846361
La_Margarita,site,21,21,FALSE,0.947572808,0.662516883
La_Margarita,site,21,30,FALSE,1.014114711,0.647094602
La_Margarita,site,21,34,FALSE,1.031149856,0.631341574
La_Margarita,site,21,52,FALSE,1.066867625,0.553079072
La_Margarita,site,21,80,FALSE,1.009465087,0.420965922
La_Margarita,site,21,150,FALSE,1.011780461,0.214477729
La_Margarita,site,26,3,FALSE,0.710743198,0.716213779
La_Margarita,site,26,4,FALSE,0.738148308,0.703103829
La_Margarita,site,26,8,FALSE,0.810068016,0.687478757
La_Margarita,site,26,17,FALSE,0.923513947,0.685331905
La_Margarita,site,26,21,FALSE,0.957838879,0.679962909
La_Margarita,site,26,30,FALSE,1.011756305,0.643174705
La_Margarita,site,26,34,FALSE,1.02738655,0.623266022
La_Margarita,site,26,52,FALSE,1.061331121,0.539648153
La_Margarita,site,26,80,FALSE,1.012485911,0.421612875
La_Margarita,site,26,150,FALSE,1.02084254,0.207379864
Villodas,site,4,3,FALSE,0.733175638,0.587203395
Villodas,site,4,4,FALSE,0.763524132,0.574257388
Villodas,site,4,8,FALSE,0.840372686,0.573000712
Villodas,site,4,17,FALSE,0.983740878,0.606676424
Villodas,site,4,21,FALSE,1.031263028,0.616231698
Villodas,site,4,30,FALSE,1.100949697,0.596843907
Villodas,site,4,34,FALSE,1.126857613,0.579498878
Villodas,site,4,52,FALSE,1.227603611,0.532775907
Villodas,site,4,80,FALSE,1.366837416,0.54704347
Villodas,site,4,150,FALSE,1.354552288,0.555304208
Villodas,site,8,3,FALSE,0.718743033,0.602020011
Villodas,site,8,4,FALSE,0.751889129,0.590938182
Villodas,site,8,8,FALSE,0.841478898,0.594094667
Villodas,site,8,17,FALSE,0.974547753,0.612219311
Villodas,site,8,21,FALSE,1.016534231,0.605432295
Villodas,site,8,30,FALSE,1.087187952,0.565503474
Villodas,site,8,34,FALSE,1.11153403,0.542935156
Villodas,site,8,52,FALSE,1.21702081,0.496878549
Villodas,site,8,80,FALSE,1.347618535,0.497532262
Villodas,site,8,150,FALSE,1.328083594,0.505769711
Villodas,site,13,3,FALSE,0.750310825,0.648393508
Villodas,site,13,4,FALSE,0.780686738,0.634690295
Villodas,site,13,8,FALSE,0.854026652,0.627602741
Villodas,site,13,17,FALSE,0.984453914,0.616884635
Villodas,site,13,21,FALSE,1.026086233,0.597383751
Villodas,site,13,30,FALSE,1.090870493,0.540864167
Villodas,site,13,34,FALSE,1.112536232,0.515773011
Villodas,site,13,52,FALSE,1.222817314,0.478183656
Villodas,site,13,80,FALSE,1.345180503,0.456172925
Villodas,site,13,150,FALSE,1.31874498,0.469959259
Villodas,site,17,3,FALSE,0.743917256,0.669623761
Villodas,site,17,4,FALSE,0.776220927,0.655639252
Villodas,site,17,8,FALSE,0.861809294,0.642029028
Villodas,site,17,17,FALSE,0.988965566,0.611105769
Villodas,site,17,21,FALSE,1.026488143,0.58685537
Villodas,site,17,30,FALSE,1.087363544,0.52054386
Villodas,site,17,34,FALSE,1.108017923,0.49513868
Villodas,site,17,52,FALSE,1.223508891,0.463515126
Villodas,site,17,80,FALSE,1.34163422,0.410411178
Villodas,site,17,150,FALSE,1.308080439,0.433400603
Villodas,site,21,3,FALSE,0.768446795,0.683546147
Villodas,site,21,4,FALSE,0.801042474,0.663756887
Villodas,site,21,8,FALSE,0.878683917,0.638318031
Villodas,site,21,17,FALSE,0.996684631,0.595860919
Villodas,site,21,21,FALSE,1.030182374,0.567141349
Villodas,site,21,30,FALSE,1.086664568,0.497055813
Villodas,site,21,34,FALSE,1.108919249,0.473350838
Villodas,site,21,52,FALSE,1.228167707,0.441634541
Villodas,site,21,80,FALSE,1.34064808,0.35175735
Villodas,site,21,150,FALSE,1.300999226,0.38889511
Villodas,site,26,3,FALSE,0.78592921,0.677534794
Villodas,site,26,4,FALSE,0.816597577,0.659348828
Villodas,site,26,8,FALSE,0.89174269,0.632255239
Villodas,site,26,17,FALSE,0.998579097,0.573771487
Villodas,site,26,21,FALSE,1.028954142,0.541143129
Villodas,site,26,30,FALSE,1.085740861,0.47347086
Villodas,site,26,34,FALSE,1.110011992,0.455520067
Villodas,site,26,52,FALSE,1.23193,0.410266303
Villodas,site,26,80,FALSE,1.337553241,0.269521423
Villodas,site,26,150,FALSE,1.290093367,0.325132839
Arboleda,site,4,3,TRUE,2.363583653,1.565415403
Arboleda,site,4,4,TRUE,2.524343315,1.545271738
Arboleda,site,4,8,TRUE,2.904334804,1.533894888
Arboleda,site,4,17,TRUE,3.478076764,1.603590289
Arboleda,site,4,21,TRUE,3.698261049,1.649257246
Arboleda,site,4,30,TRUE,4.175098638,2.052770661
Arboleda,site,4,34,TRUE,4.303164944,2.223726869
Arboleda,site,4,52,TRUE,4.469312821,2.45219325
Arboleda,site,4,80,TRUE,4.279385647,1.760057289
Arboleda,site,4,150,TRUE,4.627005729,2.252368814
Arboleda,site,8,3,TRUE,2.419420298,1.57032019
Arboleda,site,8,4,TRUE,2.563979321,1.534515183
Arboleda,site,8,8,TRUE,2.952475651,1.549005414
Arboleda,site,8,17,TRUE,3.495082426,1.450636934
Arboleda,site,8,21,TRUE,3.727618059,1.509716116
Arboleda,site,8,30,TRUE,4.130657783,1.878599527
Arboleda,site,8,34,TRUE,4.221092175,1.997934484
Arboleda,site,8,52,TRUE,4.326662814,2.038098057
Arboleda,site,8,80,TRUE,4.131575533,1.416056008
Arboleda,site,8,150,TRUE,4.464278756,1.830718452
Arboleda,site,13,3,TRUE,2.61606353,1.705122347
Arboleda,site,13,4,TRUE,2.733780768,1.656351355
Arboleda,site,13,8,TRUE,3.050225006,1.542769044
Arboleda,site,13,17,TRUE,3.587087585,1.48472407
Arboleda,site,13,21,TRUE,3.796380609,1.568658317
Arboleda,site,13,30,TRUE,4.098035801,1.860835607
Arboleda,site,13,34,TRUE,4.16373971,1.945480505
Arboleda,site,13,52,TRUE,4.223477342,1.810149232
Arboleda,site,13,80,TRUE,4.022407545,1.247968746
Arboleda,site,13,150,TRUE,4.359748674,1.586521465
Arboleda,site,17,3,TRUE,2.656668397,1.725292848
Arboleda,site,17,4,TRUE,2.772269444,1.661127647
Arboleda,site,17,8,TRUE,3.095153322,1.541920444
Arboleda,site,17,17,TRUE,3.628948814,1.55203936
Arboleda,site,17,21,TRUE,3.803033914,1.62778022
Arboleda,site,17,30,TRUE,4.050388161,1.847969213
Arboleda,site,17,34,TRUE,4.097452546,1.897440149
Arboleda,site,17,52,TRUE,4.145793679,1.630666137
Arboleda,site,17,80,TRUE,3.95775645,1.152969584
Arboleda,site,17,150,TRUE,4.306729632,1.448564743
Arboleda,site,21,3,TRUE,2.717170054,1.782973987
Arboleda,site,21,4,TRUE,2.832950008,1.726718173
Arboleda,site,21,8,TRUE,3.174279053,1.621873555
Arboleda,site,21,17,TRUE,3.644025532,1.667787179
Arboleda,site,21,21,TRUE,3.789382303,1.731914865
Arboleda,site,21,30,TRUE,3.990771275,1.875015926
Arboleda,site,21,34,TRUE,4.030464605,1.860334484
Arboleda,site,21,52,TRUE,4.077450622,1.508447976
Arboleda,site,21,80,TRUE,3.912881137,1.136285302
Arboleda,site,21,150,TRUE,4.275796035,1.397666554
Arboleda,site,26,3,TRUE,2.826451328,1.883999804
Arboleda,site,26,4,TRUE,2.93562651,1.838972951
Arboleda,site,26,8,TRUE,3.23413361,1.743016722
Arboleda,site,26,17,TRUE,3.611765483,1.78345262
Arboleda,site,26,21,TRUE,3.732954483,1.821768402
Arboleda,site,26,30,TRUE,3.896363589,1.823441828
Arboleda,site,26,34,TRUE,3.939322499,1.732738574
Arboleda,site,26,52,TRUE,3.968538221,1.342078123
Arboleda,site,26,80,TRUE,3.866991216,1.102250943
Arboleda,site,26,150,TRUE,4.249704227,1.342049812
Playa,site,4,3,TRUE,4.143932143,2.763953231
Playa,site,4,4,TRUE,4.328858144,2.728225575
Playa,site,4,8,TRUE,4.724344584,2.940195295
Playa,site,4,17,TRUE,5.515519646,3.298203671
Playa,site,4,21,TRUE,5.775750989,3.250859221
Playa,site,4,30,TRUE,6.164759937,3.132740229
Playa,site,4,34,TRUE,6.305458359,3.121314198
Playa,site,4,52,TRUE,6.697125274,3.096486995
Playa,site,4,80,TRUE,6.830134421,2.889618446
Playa,site,4,150,TRUE,6.79593197,2.86467971
Playa,site,8,3,TRUE,3.931652644,2.868293912
Playa,site,8,4,TRUE,4.107638497,2.890176739
Playa,site,8,8,TRUE,4.629264825,3.083205395
Playa,site,8,17,TRUE,5.321406843,3.152728669
Playa,site,8,21,TRUE,5.545511945,3.05586734
Playa,site,8,30,TRUE,5.931610076,2.889841847
Playa,site,8,34,TRUE,6.054531783,2.872368253
Playa,site,8,52,TRUE,6.435365152,2.721032502
Playa,site,8,80,TRUE,6.539246597,2.495019426
Playa,site,8,150,TRUE,6.447841426,2.655827313
Playa,site,13,3,TRUE,4.071236922,3.182242844
Playa,site,13,4,TRUE,4.216892269,3.141979895
Playa,site,13,8,TRUE,4.657321502,3.057975201
Playa,site,13,17,TRUE,5.304009554,2.865598003
Playa,site,13,21,TRUE,5.517188079,2.754436264
Playa,site,13,30,TRUE,5.874887459,2.600090586
Playa,site,13,34,TRUE,5.988441648,2.574534232
Playa,site,13,52,TRUE,6.341233936,2.279125999
Playa,site,13,80,TRUE,6.376300303,2.025033459
Playa,site,13,150,TRUE,6.250133143,2.126815282
Playa,site,17,3,TRUE,4.052976787,3.114438394
Playa,site,17,4,TRUE,4.221801038,3.045986753
Playa,site,17,8,TRUE,4.689780208,2.837686911
Playa,site,17,17,TRUE,5.290447033,2.611207857
Playa,site,17,21,TRUE,5.486966656,2.541738022
Playa,site,17,30,TRUE,5.826969112,2.361891025
Playa,site,17,34,TRUE,5.935244379,2.3132195
Playa,site,17,52,TRUE,6.285321073,1.905473049
Playa,site,17,80,TRUE,6.29176885,1.680928422
Playa,site,17,150,TRUE,6.137014244,1.719211442
Playa,site,21,3,TRUE,4.17550115,2.998829672
Playa,site,21,4,TRUE,4.323274605,2.896678625
Playa,site,21,8,TRUE,4.733922548,2.675265132
Playa,site,21,17,TRUE,5.296724793,2.505663229
Playa,site,21,21,TRUE,5.48238152,2.417242707
Playa,site,21,30,TRUE,5.801567957,2.218942004
Playa,site,21,34,TRUE,5.904344558,2.138646974
Playa,site,21,52,TRUE,6.253609768,1.659787915
Playa,site,21,80,TRUE,6.251746827,1.486902564
Playa,site,21,150,TRUE,6.075739593,1.415120156
Playa,site,26,3,TRUE,4.182023616,2.973200291
Playa,site,26,4,TRUE,4.33285544,2.879043105
Playa,site,26,8,TRUE,4.754332975,2.648569151
Playa,site,26,17,TRUE,5.296761021,2.435717658
Playa,site,26,21,TRUE,5.465100862,2.336096904
Playa,site,26,30,TRUE,5.767811153,2.072837482
Playa,site,26,34,TRUE,5.863673942,1.957969826
Playa,site,26,52,TRUE,6.19420668,1.465365717
Playa,site,26,80,TRUE,6.195879611,1.370828911
Playa,site,26,150,TRUE,6.014816159,1.20577605
La_Margarita,site,4,3,TRUE,0.466621576,0.443561363
La_Margarita,site,4,4,TRUE,0.494527851,0.45274179
La_Margarita,site,4,8,TRUE,0.570583341,0.467548485
La_Margarita,site,4,17,TRUE,0.717269902,0.477159283
La_Margarita,site,4,21,TRUE,0.762192152,0.486184135
La_Margarita,site,4,30,TRUE,0.849497494,0.555734877
La_Margarita,site,4,34,TRUE,0.883748934,0.583711422
La_Margarita,site,4,52,TRUE,0.91503067,0.586228066
La_Margarita,site,4,80,TRUE,0.840442836,0.388145035
La_Margarita,site,4,150,TRUE,0.823981669,0.246808908
La_Margarita,site,8,3,TRUE,0.460353536,0.469266487
La_Margarita,site,8,4,TRUE,0.487750388,0.472638216
La_Margarita,site,8,8,TRUE,0.574583354,0.485787616
La_Margarita,site,8,17,TRUE,0.708332328,0.491931087
La_Margarita,site,8,21,TRUE,0.749571366,0.508479235
La_Margarita,site,8,30,TRUE,0.840075118,0.569932251
La_Margarita,site,8,34,TRUE,0.866566438,0.587388643
La_Margarita,site,8,52,TRUE,0.887984612,0.560516821
La_Margarita,site,8,80,TRUE,0.799361857,0.326918408
La_Margarita,site,8,150,TRUE,0.786751354,0.182158328
La_Margarita,site,13,3,TRUE,0.495172457,0.496170943
La_Margarita,site,13,4,TRUE,0.517842064,0.499185712
La_Margarita,site,13,8,TRUE,0.591014856,0.502977108
La_Margarita,site,13,17,TRUE,0.71299161,0.518478219
La_Margarita,site,13,21,TRUE,0.756391297,0.544971279
La_Margarita,site,13,30,TRUE,0.836055834,0.597809465
La_Margarita,site,13,34,TRUE,0.855847278,0.604349339
La_Margarita,site,13,52,TRUE,0.869316045,0.553500924
La_Margarita,site,13,80,TRUE,0.774201252,0.314818123
La_Margarita,site,13,150,TRUE,0.765574221,0.160097273
La_Margarita,site,17,3,TRUE,0.506573721,0.510921676
La_Margarita,site,17,4,TRUE,0.530835849,0.508882812
La_Margarita,site,17,8,TRUE,0.600925893,0.509730018
La_Margarita,site,17,17,TRUE,0.721429815,0.547366684
La_Margarita,site,17,21,TRUE,0.763431419,0.5759609
La_Margarita,site,17,30,TRUE,0.832441611,0.608358041
La_Margarita,site,17,34,TRUE,0.846127847,0.60531486
La_Margarita,site,17,52,TRUE,0.857287776,0.541862767
La_Margarita,site,17,80,TRUE,0.761593746,0.312717262
La_Margarita,site,17,150,TRUE,0.758591255,0.149491389
La_Margarita,site,21,3,TRUE,0.525724284,0.518660779
La_Margarita,site,21,4,TRUE,0.546401577,0.518272779
La_Margarita,site,21,8,TRUE,0.61099235,0.528634615
La_Margarita,site,21,17,TRUE,0.732321585,0.580955815
La_Margarita,site,21,21,TRUE,0.770132048,0.601734937
La_Margarita,site,21,30,TRUE,0.826793319,0.608438856
La_Margarita,site,21,34,TRUE,0.837142903,0.598272676
La_Margarita,site,21,52,TRUE,0.848906997,0.525056999
La_Margarita,site,21,80,TRUE,0.755112126,0.312642157
La_Margarita,site,21,150,TRUE,0.757844453,0.139691029
La_Margarita,site,26,3,TRUE,0.54338829,0.54664013
La_Margarita,site,26,4,TRUE,0.564984826,0.54806308
La_Margarita,site,26,8,TRUE,0.633752398,0.567702255
La_Margarita,site,26,17,TRUE,0.744365246,0.608675726
La_Margarita,site,26,21,TRUE,0.775743578,0.613713325
La_Margarita,site,26,30,TRUE,0.817640394,0.592351292
La_Margarita,site,26,34,TRUE,0.826501264,0.577005686
La_Margarita,site,26,52,TRUE,0.837476981,0.494933996
La_Margarita,site,26,80,TRUE,0.752923076,0.312977756
La_Margarita,site,26,150,TRUE,0.762071025,0.130136191
Villodas,site,4,3,TRUE,0.52344214,0.43062988
Villodas,site,4,4,TRUE,0.557802488,0.436145185
Villodas,site,4,8,TRUE,0.653154075,0.471796536
Villodas,site,4,17,TRUE,0.812264756,0.552851111
Villodas,site,4,21,TRUE,0.862817949,0.569873961
Villodas,site,4,30,TRUE,0.948654276,0.545961567
Villodas,site,4,34,TRUE,0.974924856,0.529259861
Villodas,site,4,52,TRUE,1.066235379,0.515516292
Villodas,site,4,80,TRUE,1.179782875,0.535165367
Villodas,site,4,150,TRUE,1.189462583,0.529645268
Villodas,site,8,3,TRUE,0.539453124,0.468971196
Villodas,site,8,4,TRUE,0.571966511,0.473958744
Villodas,site,8,8,TRUE,0.670316934,0.506671625
Villodas,site,8,17,TRUE,0.815230992,0.559245462
Villodas,site,8,21,TRUE,0.864239458,0.55280743
Villodas,site,8,30,TRUE,0.944527142,0.509746635
Villodas,site,8,34,TRUE,0.965927884,0.490005671
Villodas,site,8,52,TRUE,1.06010787,0.477338259
Villodas,site,8,80,TRUE,1.166474972,0.493908278
Villodas,site,8,150,TRUE,1.163679889,0.490706918
Villodas,site,13,3,TRUE,0.5813646,0.5273164
Villodas,site,13,4,TRUE,0.610198795,0.527861256
Villodas,site,13,8,TRUE,0.690837753,0.547204675
Villodas,site,13,17,TRUE,0.834870261,0.556922868
Villodas,site,13,21,TRUE,0.881970599,0.537736831
Villodas,site,13,30,TRUE,0.947125049,0.482097639
Villodas,site,13,34,TRUE,0.964642208,0.461526568
Villodas,site,13,52,TRUE,1.064019353,0.45194253
Villodas,site,13,80,TRUE,1.162066374,0.45854175
Villodas,site,13,150,TRUE,1.150778419,0.46183799
Villodas,site,17,3,TRUE,0.589390678,0.55635837
Villodas,site,17,4,TRUE,0.618324266,0.554434498
Villodas,site,17,8,TRUE,0.706464383,0.561614942
Villodas,site,17,17,TRUE,0.845997418,0.547397806
Villodas,site,17,21,TRUE,0.885645511,0.523462226
Villodas,site,17,30,TRUE,0.941578495,0.461307376
Villodas,site,17,34,TRUE,0.95841606,0.440464603
Villodas,site,17,52,TRUE,1.062777006,0.435462502
Villodas,site,17,80,TRUE,1.157167951,0.416432124
Villodas,site,17,150,TRUE,1.139177333,0.427342914
Villodas,site,21,3,TRUE,0.619317152,0.567106851
Villodas,site,21,4,TRUE,0.648450518,0.560446661
Villodas,site,21,8,TRUE,0.731144555,0.554954289
Villodas,site,21,17,TRUE,0.855059583,0.52943188
Villodas,site,21,21,TRUE,0.887435283,0.502770095
Villodas,site,21,30,TRUE,0.937305696,0.438307253
Villodas,site,21,34,TRUE,0.956161171,0.41918514
Villodas,site,21,52,TRUE,1.064877361,0.413112027
Villodas,site,21,80,TRUE,1.154369346,0.362985336
Villodas,site,21,150,TRUE,1.130362276,0.384050301
Villodas,site,26,3,TRUE,0.651176512,0.560701981
Villodas,site,26,4,TRUE,0.676523443,0.555559111
Villodas,site,26,8,TRUE,0.751485423,0.546759206
Villodas,site,26,17,TRUE,0.856325823,0.501564356
Villodas,site,26,21,TRUE,0.883608304,0.471670382
Villodas,site,26,30,TRUE,0.933542084,0.410145013
Villodas,site,26,34,TRUE,0.954826156,0.396905371
Villodas,site,26,52,TRUE,1.066012116,0.378458883
Villodas,site,26,80,TRUE,1.151501126,0.284315271
Villodas,site,26,150,TRUE,1.118779457,0.31909481
Arboleda,airport,4,3,FALSE,3.780334146,2.313204278
Arboleda,airport,4,4,FALSE,3.970817632,2.281629186
Arboleda,airport,4,8,FALSE,4.451451959,2.490874732
Arboleda,airport,4,17,FALSE,5.139919477,2.951155719
Arboleda,airport,4,21,FALSE,5.28212851,2.979417005
Arboleda,airport,4,30,FALSE,5.527838132,3.279800891
Arboleda,airport,4,34,FALSE,5.666474235,3.356530045
Arboleda,airport,4,52,FALSE,6.117511389,3.992247316
Arboleda,airport,4,80,FALSE,6.398122519,4.427074331
Arboleda,airport,4,150,FALSE,7.206445775,5.660308145
Arboleda,airport,8,3,FALSE,3.855591737,2.438902301
Arboleda,airport,8,4,FALSE,4.01891641,2.430971176
Arboleda,airport,8,8,FALSE,4.508228526,2.54734519
Arboleda,airport,8,17,FALSE,5.003224516,2.678042257
Arboleda,airport,8,21,FALSE,5.073546129,2.684455964
Arboleda,airport,8,30,FALSE,5.336231398,2.857202876
Arboleda,airport,8,34,FALSE,5.463824086,2.908948571
Arboleda,airport,8,52,FALSE,5.862609185,3.38353817
Arboleda,airport,8,80,FALSE,6.104894357,3.681545572
Arboleda,airport,8,150,FALSE,6.910737816,4.817100281
Arboleda,airport,13,3,FALSE,4.057664205,2.629053265
Arboleda,airport,13,4,FALSE,4.187561971,2.574946956
Arboleda,airport,13,8,FALSE,4.553184128,2.44697743
Arboleda,airport,13,17,FALSE,4.826856278,2.334499581
Arboleda,airport,13,21,FALSE,4.905415442,2.331597822
Arboleda,airport,13,30,FALSE,5.180883554,2.370829437
Arboleda,airport,13,34,FALSE,5.298724134,2.430223618
Arboleda,airport,13,52,FALSE,5.6308952,2.695143318
Arboleda,airport,13,80,FALSE,5.84810882,2.892707561
Arboleda,airport,13,150,FALSE,6.674674882,3.854082562
Arboleda,airport,17,3,FALSE,4.025260485,2.610843556
Arboleda,airport,17,4,FALSE,4.159958912,2.505483392
Arboleda,airport,17,8,FALSE,4.453045464,2.29248448
Arboleda,airport,17,17,FALSE,4.667656996,2.133430657
Arboleda,airport,17,21,FALSE,4.7771209,2.116221822
Arboleda,airport,17,30,FALSE,5.067188813,2.132255308
Arboleda,airport,17,34,FALSE,5.174950917,2.158864107
Arboleda,airport,17,52,FALSE,5.478530859,2.278173879
Arboleda,airport,17,80,FALSE,5.688211393,2.440003261
Arboleda,airport,17,150,FALSE,6.534711792,3.232418756
Arboleda,airport,21,3,FALSE,3.942519532,2.519733671
Arboleda,airport,21,4,FALSE,4.049549458,2.402536
Arboleda,airport,21,8,FALSE,4.276453482,2.08264988
Arboleda,airport,21,17,FALSE,4.577516195,1.950797108
Arboleda,airport,21,21,FALSE,4.709698996,1.945996038
Arboleda,airport,21,30,FALSE,4.991811303,2.002444235
Arboleda,airport,21,34,FALSE,5.088376738,2.023862559
Arboleda,airport,21,52,FALSE,5.387349439,2.044641596
Arboleda,airport,21,80,FALSE,5.577964167,2.186146798
Arboleda,airport,21,150,FALSE,6.453759778,2.850523215
Arboleda,airport,26,3,FALSE,3.742062322,2.216430497
Arboleda,airport,26,4,FALSE,3.870088802,2.101495036
Arboleda,airport,26,8,FALSE,4.177101005,1.825927666
Arboleda,airport,26,17,FALSE,4.565519714,1.84879114
Arboleda,airport,26,21,FALSE,4.697144981,1.918303186
Arboleda,airport,26,30,FALSE,4.947576164,2.03791525
Arboleda,airport,26,34,FALSE,5.04357755,2.041635341
Arboleda,airport,26,52,FALSE,5.328506404,1.984397838
Arboleda,airport,26,80,FALSE,5.48033803,2.10983688
Arboleda,airport,26,150,FALSE,6.40040899,2.70805799
Playa,airport,4,3,FALSE,6.318648508,4.325765741
Playa,airport,4,4,FALSE,6.528753742,4.191466637
Playa,airport,4,8,FALSE,7.057120042,4.160198807
Playa,airport,4,17,FALSE,8.182564316,4.181161033
Playa,airport,4,21,FALSE,8.370464072,3.921132552
Playa,airport,4,30,FALSE,8.585763368,3.487208869
Playa,airport,4,34,FALSE,8.762606833,3.338182996
Playa,airport,4,52,FALSE,9.553951317,4.307316218
Playa,airport,4,80,FALSE,10.17138157,5.21389645
Playa,airport,4,150,FALSE,10.78098656,6.155865645
Playa,airport,8,3,FALSE,6.130346909,4.193049868
Playa,airport,8,4,FALSE,6.366299668,4.065707929
Playa,airport,8,8,FALSE,7.094810632,3.914927707
Playa,airport,8,17,FALSE,7.905505459,3.521805138
Playa,airport,8,21,FALSE,7.963429104,3.224742479
Playa,airport,8,30,FALSE,8.218967233,2.752393394
Playa,airport,8,34,FALSE,8.406489439,2.61491592
Playa,airport,8,52,FALSE,9.170546862,3.164711255
Playa,airport,8,80,FALSE,9.750749962,3.785577824
Playa,airport,8,150,FALSE,10.3004865,4.51551717
Playa,airport,13,3,FALSE,6.450717527,4.348615707
Playa,airport,13,4,FALSE,6.669956056,4.149020031
Playa,airport,13,8,FALSE,7.235179845,3.765991382
Playa,airport,13,17,FALSE,7.624954856,3.134901399
Playa,airport,13,21,FALSE,7.693293488,2.919743057
Playa,airport,13,30,FALSE,8.025874382,2.484050199
Playa,airport,13,34,FALSE,8.224615047,2.387460832
Playa,airport,13,52,FALSE,8.926830149,2.471652407
Playa,airport,13,80,FALSE,9.484341975,2.829656141
Playa,airport,13,150,FALSE,9.946134847,3.26286103
Playa,airport,17,3,FALSE,6.483852332,4.274240333
Playa,airport,17,4,FALSE,6.693305738,4.071937483
Playa,airport,17,8,FALSE,7.088106217,3.580276981
Playa,airport,17,17,FALSE,7.349516239,2.932671417
Playa,airport,17,21,FALSE,7.456163097,2.75733796
Playa,airport,17,30,FALSE,7.857489391,2.35154126
Playa,airport,17,34,FALSE,8.067690524,2.19433613
Playa,airport,17,52,FALSE,8.745980876,2.006458391
Playa,airport,17,80,FALSE,9.301109119,2.205826768
Playa,airport,17,150,FALSE,9.669962962,2.407796306
Playa,airport,21,3,FALSE,6.371554213,4.121208952
Playa,airport,21,4,FALSE,6.499050673,3.883852559
Playa,airport,21,8,FALSE,6.761573818,3.271637161
Playa,airport,21,17,FALSE,7.115410918,2.834940799
Playa,airport,21,21,FALSE,7.271499351,2.681318865
Playa,airport,21,30,FALSE,7.746252228,2.240839479
Playa,airport,21,34,FALSE,7.956687831,2.077616422
Playa,airport,21,52,FALSE,8.623331163,1.672768658
Playa,airport,21,80,FALSE,9.162752154,1.74950167
Playa,airport,21,150,FALSE,9.466308317,1.749297702
Playa,airport,26,3,FALSE,5.950297731,3.737396651
Playa,airport,26,4,FALSE,6.108054496,3.545395883
Playa,airport,26,8,FALSE,6.474921144,3.173855883
Playa,airport,26,17,FALSE,6.989210002,2.830841159
Playa,airport,26,21,FALSE,7.208194102,2.64624596
Playa,airport,26,30,FALSE,7.720779225,2.209210051
Playa,airport,26,34,FALSE,7.916660266,2.023939184
Playa,airport,26,52,FALSE,8.566611988,1.468482536
Playa,airport,26,80,FALSE,9.030352616,1.451941776
Playa,airport,26,150,FALSE,9.312480008,1.25682329
La_Margarita,airport,4,3,FALSE,0.740426733,0.695159021
La_Margarita,airport,4,4,FALSE,0.786935167,0.686451924
La_Margarita,airport,4,8,FALSE,0.904499545,0.697536741
La_Margarita,airport,4,17,FALSE,1.071844632,0.698350632
La_Margarita,airport,4,21,FALSE,1.10009426,0.673572166
La_Margarita,airport,4,30,FALSE,1.162099907,0.658756288
La_Margarita,airport,4,34,FALSE,1.202912762,0.656920381
La_Margarita,airport,4,52,FALSE,1.321787098,0.684631885
La_Margarita,airport,4,80,FALSE,1.398206256,0.705840629
La_Margarita,airport,4,150,FALSE,1.450828782,0.801271949
La_Margarita,airport,8,3,FALSE,0.775058197,0.714363272
La_Margarita,airport,8,4,FALSE,0.816056244,0.705730953
La_Margarita,airport,8,8,FALSE,0.923229638,0.709023723
La_Margarita,airport,8,17,FALSE,1.046666552,0.66096827
La_Margarita,airport,8,21,FALSE,1.063406702,0.631976213
La_Margarita,airport,8,30,FALSE,1.140369929,0.60099708
La_Margarita,airport,8,34,FALSE,1.180544074,0.588151951
La_Margarita,airport,8,52,FALSE,1.28466292,0.568102254
La_Margarita,airport,8,80,FALSE,1.341269714,0.561859173
La_Margarita,airport,8,150,FALSE,1.403315318,0.622800491
La_Margarita,airport,13,3,FALSE,0.825518591,0.736286732
La_Margarita,airport,13,4,FALSE,0.858099053,0.720583322
La_Margarita,airport,13,8,FALSE,0.939190195,0.692811717
La_Margarita,airport,13,17,FALSE,1.017235561,0.616001193
La_Margarita,airport,13,21,FALSE,1.04311286,0.588558402
La_Margarita,airport,13,30,FALSE,1.128633356,0.543477378
La_Margarita,airport,13,34,FALSE,1.164474217,0.527892542
La_Margarita,airport,13,52,FALSE,1.247970017,0.470020632
La_Margarita,airport,13,80,FALSE,1.2959229,0.453223607
La_Margarita,airport,13,150,FALSE,1.361451896,0.449705216
La_Margarita,airport,17,3,FALSE,0.831457747,0.731211284
La_Margarita,airport,17,4,FALSE,0.862822048,0.709876645
La_Margarita,airport,17,8,FALSE,0.930251563,0.663746082
La_Margarita,airport,17,17,FALSE,0.999722921,0.588909434
La_Margarita,airport,17,21,FALSE,1.034004511,0.562594939
La_Margarita,airport,17,30,FALSE,1.12049948,0.513996883
La_Margarita,airport,17,34,FALSE,1.150076739,0.49283571
La_Margarita,airport,17,52,FALSE,1.222566125,0.423560826
La_Margarita,airport,17,80,FALSE,1.271510316,0.402134995
La_Margarita,airport,17,150,FALSE,1.338112554,0.340608003
La_Margarita,airport,21,3,FALSE,0.823509169,0.715530107
La_Margarita,airport,21,4,FALSE,0.847698829,0.691639466
La_Margarita,airport,21,8,FALSE,0.902345914,0.636030873
La_Margarita,airport,21,17,FALSE,0.994789606,0.571107379
La_Margarita,airport,21,21,FALSE,1.033920802,0.545521095
La_Margarita,airport,21,30,FALSE,1.113245115,0.497384083
La_Margarita,airport,21,34,FALSE,1.138357243,0.475811537
La_Margarita,airport,21,52,FALSE,1.205414172,0.405359135
La_Margarita,airport,21,80,FALSE,1.255083504,0.378849577
La_Margarita,airport,21,150,FALSE,1.325095098,0.267328295
La_Margarita,airport,26,3,FALSE,0.789269699,0.688389385
La_Margarita,airport,26,4,FALSE,0.819509475,0.666889127
La_Margarita,airport,26,8,FALSE,0.894700945,0.620892062
La_Margarita,airport,26,17,FALSE,1.008535644,0.564871975
La_Margarita,airport,26,21,FALSE,1.046380996,0.543888395
La_Margarita,airport,26,30,FALSE,1.11113863,0.499949083
La_Margarita,airport,26,34,FALSE,1.133634856,0.478333346
La_Margarita,airport,26,52,FALSE,1.196894164,0.408114836
La_Margarita,airport,26,80,FALSE,1.243048871,0.378775747
La_Margarita,airport,26,150,FALSE,1.318475938,0.239907605
Villodas,airport,4,3,FALSE,0.785515755,0.634642533
Villodas,airport,4,4,FALSE,0.823221097,0.628039829
Villodas,airport,4,8,FALSE,0.947776319,0.652819984
Villodas,airport,4,17,FALSE,1.128440559,0.662878719
Villodas,airport,4,21,FALSE,1.150572303,0.618324478
Villodas,airport,4,30,FALSE,1.216827756,0.539230947
Villodas,airport,4,34,FALSE,1.263062704,0.521398351
Villodas,airport,4,52,FALSE,1.420009033,0.533333441
Villodas,airport,4,80,FALSE,1.525578925,0.508262235
Villodas,airport,4,150,FALSE,1.619654585,0.623297466
Villodas,airport,8,3,FALSE,0.804340911,0.671696628
Villodas,airport,8,4,FALSE,0.84749836,0.664329787
Villodas,airport,8,8,FALSE,0.97783928,0.679011757
Villodas,airport,8,17,FALSE,1.103102059,0.605067696
Villodas,airport,8,21,FALSE,1.11879425,0.553824078
Villodas,airport,8,30,FALSE,1.204131947,0.475574886
Villodas,airport,8,34,FALSE,1.251021204,0.460706143
Villodas,airport,8,52,FALSE,1.389608635,0.442883713
Villodas,airport,8,80,FALSE,1.47235022,0.386388214
Villodas,airport,8,150,FALSE,1.568770325,0.481217527
Villodas,airport,13,3,FALSE,0.871043601,0.716842113
Villodas,airport,13,4,FALSE,0.907197938,0.701339161
Villodas,airport,13,8,FALSE,0.995618804,0.664738217
Villodas,airport,13,17,FALSE,1.071783637,0.546884128
Villodas,airport,13,21,FALSE,1.098557186,0.502816568
Villodas,airport,13,30,FALSE,1.197071604,0.444914874
Villodas,airport,13,34,FALSE,1.240568107,0.437197639
Villodas,airport,13,52,FALSE,1.356188568,0.398748017
Villodas,airport,13,80,FALSE,1.423700515,0.333891357
Villodas,airport,13,150,FALSE,1.518220765,0.406074967
Villodas,airport,17,3,FALSE,0.871154852,0.69439238
Villodas,airport,17,4,FALSE,0.902131858,0.671407293
Villodas,airport,17,8,FALSE,0.974404259,0.61573165
Villodas,airport,17,17,FALSE,1.045223948,0.510473698
Villodas,airport,17,21,FALSE,1.082871288,0.474604668
Villodas,airport,17,30,FALSE,1.186606793,0.437587189
Villodas,airport,17,34,FALSE,1.226080087,0.433247477
Villodas,airport,17,52,FALSE,1.331440049,0.370657914
Villodas,airport,17,80,FALSE,1.393511104,0.299038536
Villodas,airport,17,150,FALSE,1.47988652,0.345778305
Villodas,airport,21,3,FALSE,0.855812196,0.673146106
Villodas,airport,21,4,FALSE,0.883293143,0.644207732
Villodas,airport,21,8,FALSE,0.942847244,0.580396042
Villodas,airport,21,17,FALSE,1.034660641,0.501439852
Villodas,airport,21,21,FALSE,1.080682439,0.474805117
Villodas,airport,21,30,FALSE,1.183583749,0.448701459
Villodas,airport,21,34,FALSE,1.219844232,0.441166372
Villodas,airport,21,52,FALSE,1.321307145,0.351051111
Villodas,airport,21,80,FALSE,1.377737818,0.277206007
Villodas,airport,21,150,FALSE,1.453640203,0.305232667
Villodas,airport,26,3,FALSE,0.822737258,0.64398775
Villodas,airport,26,4,FALSE,0.852818312,0.618587463
Villodas,airport,26,8,FALSE,0.926902531,0.572759484
Villodas,airport,26,17,FALSE,1.045581279,0.517324849
Villodas,airport,26,21,FALSE,1.094686029,0.497746531
Villodas,airport,26,30,FALSE,1.192693513,0.465316798
Villodas,airport,26,34,FALSE,1.226243805,0.446612253
Villodas,airport,26,52,FALSE,1.324052971,0.332272422
Villodas,airport,26,80,FALSE,1.369712768,0.25729017
Villodas,airport,26,150,FALSE,1.433684488,0.275703922
Arboleda,airport,4,3,TRUE,2.758041552,1.839974217
Arboleda,airport,4,4,TRUE,2.985980637,1.921253762
Arboleda,airport,4,8,TRUE,3.573672546,2.329756079
Arboleda,airport,4,17,TRUE,4.348109423,2.872016333
Arboleda,airport,4,21,TRUE,4.526194594,2.896945591
Arboleda,airport,4,30,TRUE,4.851928084,3.180504012
Arboleda,airport,4,34,TRUE,5.013035996,3.252628527
Arboleda,airport,4,52,TRUE,5.479709933,3.886955757
Arboleda,airport,4,80,TRUE,5.783615025,4.258552975
Arboleda,airport,4,150,TRUE,6.645534731,5.450678302
Arboleda,airport,8,3,TRUE,3.016440967,2.150530876
Arboleda,airport,8,4,TRUE,3.189339878,2.215392746
Arboleda,airport,8,8,TRUE,3.694658536,2.486559528
Arboleda,airport,8,17,TRUE,4.290715519,2.655942513
Arboleda,airport,8,21,TRUE,4.402772304,2.65506958
Arboleda,airport,8,30,TRUE,4.731111323,2.834856401
Arboleda,airport,8,34,TRUE,4.868115362,2.910519742
Arboleda,airport,8,52,TRUE,5.276162035,3.41839195
Arboleda,airport,8,80,TRUE,5.553312293,3.675413714
Arboleda,airport,8,150,TRUE,6.429186381,4.804623842
Arboleda,airport,13,3,TRUE,3.239796477,2.412446559
Arboleda,airport,13,4,TRUE,3.373716082,2.42482824
Arboleda,airport,13,8,TRUE,3.783870635,2.415458971
Arboleda,airport,13,17,TRUE,4.160003073,2.341434236
Arboleda,airport,13,21,TRUE,4.276268557,2.347538977
Arboleda,airport,13,30,TRUE,4.599402223,2.434440094
Arboleda,airport,13,34,TRUE,4.722478594,2.521460073
Arboleda,airport,13,52,TRUE,5.06465122,2.812911732
Arboleda,airport,13,80,TRUE,5.325505309,2.988152219
Arboleda,airport,13,150,TRUE,6.238687486,3.952047997
Arboleda,airport,17,3,TRUE,3.26187146,2.404546805
Arboleda,airport,17,4,TRUE,3.38819091,2.366691678
Arboleda,airport,17,8,TRUE,3.723255787,2.262647344
Arboleda,airport,17,17,TRUE,4.044633115,2.143012139
Arboleda,airport,17,21,TRUE,4.187450001,2.135350016
Arboleda,airport,17,30,TRUE,4.508080604,2.222809996
Arboleda,airport,17,34,TRUE,4.616042738,2.285353745
Arboleda,airport,17,52,TRUE,4.929847718,2.431095148
Arboleda,airport,17,80,TRUE,5.183298952,2.577172545
Arboleda,airport,17,150,TRUE,6.129427712,3.380784516
Arboleda,airport,21,3,TRUE,3.219633587,2.316722262
Arboleda,airport,21,4,TRUE,3.320150146,2.258370945
Arboleda,airport,21,8,TRUE,3.591166403,2.060889726
Arboleda,airport,21,17,TRUE,3.982625227,1.97968124
Arboleda,airport,21,21,TRUE,4.13736635,2.002229358
Arboleda,airport,21,30,TRUE,4.441703793,2.124952739
Arboleda,airport,21,34,TRUE,4.536221263,2.172264387
Arboleda,airport,21,52,TRUE,4.848684203,2.2102681
Arboleda,airport,21,80,TRUE,5.082699862,2.339148459
Arboleda,airport,21,150,TRUE,6.064960145,3.017281466
Arboleda,airport,26,3,TRUE,3.07733727,2.036653455
Arboleda,airport,26,4,TRUE,3.189936915,1.976745921
Arboleda,airport,26,8,TRUE,3.531627812,1.840800656
Arboleda,airport,26,17,TRUE,3.98358957,1.934659555
Arboleda,airport,26,21,TRUE,4.130690745,2.02548526
Arboleda,airport,26,30,TRUE,4.395440864,2.180867932
Arboleda,airport,26,34,TRUE,4.491133689,2.198957684
Arboleda,airport,26,52,TRUE,4.793402098,2.145619575
Arboleda,airport,26,80,TRUE,4.991295824,2.254905713
Arboleda,airport,26,150,TRUE,6.022450264,2.865749097
Playa,airport,4,3,TRUE,4.473451126,3.340316232
Playa,airport,4,4,TRUE,4.746857018,3.394984506
Playa,airport,4,8,TRUE,5.407230128,3.813778102
Playa,airport,4,17,TRUE,6.546920907,4.063736953
Playa,airport,4,21,TRUE,6.727857178,3.828578169
Playa,airport,4,30,TRUE,6.952893549,3.514948898
Playa,airport,4,34,TRUE,7.141865872,3.422423324
Playa,airport,4,52,TRUE,7.997996611,4.500625651
Playa,airport,4,80,TRUE,8.629174975,5.314076054
Playa,airport,4,150,TRUE,9.272648145,6.257302587
Playa,airport,8,3,TRUE,4.574009089,3.448970531
Playa,airport,8,4,TRUE,4.806189304,3.483488304
Playa,airport,8,8,TRUE,5.512400207,3.694100506
Playa,airport,8,17,TRUE,6.337562098,3.450079592
Playa,airport,8,21,TRUE,6.389168712,3.154526776
Playa,airport,8,30,TRUE,6.672296143,2.786828515
Playa,airport,8,34,TRUE,6.866284948,2.770032105
Playa,airport,8,52,TRUE,7.694726527,3.559380211
Playa,airport,8,80,TRUE,8.266999612,4.172302528
Playa,airport,8,150,TRUE,8.845958204,4.992269153
Playa,airport,13,3,TRUE,4.875295577,3.723065099
Playa,airport,13,4,TRUE,5.088626194,3.659376023
Playa,airport,13,8,TRUE,5.662413504,3.495773085
Playa,airport,13,17,TRUE,6.035649897,2.976732909
Playa,airport,13,21,TRUE,6.105739363,2.758728529
Playa,airport,13,30,TRUE,6.478983792,2.429372568
Playa,airport,13,34,TRUE,6.687578158,2.44320077
Playa,airport,13,52,TRUE,7.44263934,2.772012256
Playa,airport,13,80,TRUE,7.99324858,3.213610741
Playa,airport,13,150,TRUE,8.485291219,3.748484972
Playa,airport,17,3,TRUE,4.934491794,3.678433897
Playa,airport,17,4,TRUE,5.113710615,3.585776534
Playa,airport,17,8,TRUE,5.519308937,3.291998844
Playa,airport,17,17,TRUE,5.768829098,2.681812877
Playa,airport,17,21,TRUE,5.894791033,2.485411899
Playa,airport,17,30,TRUE,6.334315179,2.206584246
Playa,airport,17,34,TRUE,6.5513896,2.16507469
Playa,airport,17,52,TRUE,7.266466558,2.218880387
Playa,airport,17,80,TRUE,7.81911448,2.587506225
Playa,airport,17,150,TRUE,8.226220842,2.888948601
Playa,airport,21,3,TRUE,4.831879752,3.575710732
Playa,airport,21,4,TRUE,4.940725154,3.423215933
Playa,airport,21,8,TRUE,5.185396038,2.932973368
Playa,airport,21,17,TRUE,5.563786169,2.464051744
Playa,airport,21,21,TRUE,5.747042246,2.292995883
Playa,airport,21,30,TRUE,6.251571415,2.003599974
Playa,airport,21,34,TRUE,6.463117767,1.954233084
Playa,airport,21,52,TRUE,7.143437896,1.817902026
Playa,airport,21,80,TRUE,7.680044829,2.149035501
Playa,airport,21,150,TRUE,8.021579491,2.221605513
Playa,airport,26,3,TRUE,4.393332639,3.009134029
Playa,airport,26,4,TRUE,4.529556556,2.893981244
Playa,airport,26,8,TRUE,4.896062067,2.65721501
Playa,airport,26,17,TRUE,5.461532785,2.377640893
Playa,airport,26,21,TRUE,5.702674407,2.215644328
Playa,airport,26,30,TRUE,6.231056679,1.962657527
Playa,airport,26,34,TRUE,6.42977642,1.873239133
Playa,airport,26,52,TRUE,7.064378956,1.638404262
Playa,airport,26,80,TRUE,7.52889436,1.883935634
Playa,airport,26,150,TRUE,7.847392324,1.734539871
La_Margarita,airport,4,3,TRUE,0.527451356,0.476066572
La_Margarita,airport,4,4,TRUE,0.575573362,0.492137045
La_Margarita,airport,4,8,TRUE,0.711046422,0.560604495
La_Margarita,airport,4,17,TRUE,0.887311038,0.606360721
La_Margarita,airport,4,21,TRUE,0.917662493,0.586794687
La_Margarita,airport,4,30,TRUE,0.988386674,0.589315065
La_Margarita,airport,4,34,TRUE,1.030790557,0.594967007
La_Margarita,airport,4,52,TRUE,1.133503695,0.649666987
La_Margarita,airport,4,80,TRUE,1.184795391,0.682707391
La_Margarita,airport,4,150,TRUE,1.24957255,0.814278619
La_Margarita,airport,8,3,TRUE,0.599350152,0.533047582
La_Margarita,airport,8,4,TRUE,0.636291936,0.544787741
La_Margarita,airport,8,8,TRUE,0.747992976,0.583795129
La_Margarita,airport,8,17,TRUE,0.879866603,0.559052228
La_Margarita,airport,8,21,TRUE,0.899283234,0.531018334
La_Margarita,airport,8,30,TRUE,0.98066672,0.519869231
La_Margarita,airport,8,34,TRUE,1.019609889,0.518377789
La_Margarita,airport,8,52,TRUE,1.104637642,0.532752267
La_Margarita,airport,8,80,TRUE,1.138985755,0.552410195
La_Margarita,airport,8,150,TRUE,1.211034007,0.659657356
La_Margarita,airport,13,3,TRUE,0.657301785,0.570122445
La_Margarita,airport,13,4,TRUE,0.684450853,0.571615167
La_Margarita,airport,13,8,TRUE,0.770393415,0.565941402
La_Margarita,airport,13,17,TRUE,0.857861482,0.496523333
La_Margarita,airport,13,21,TRUE,0.885983117,0.472545167
La_Margarita,airport,13,30,TRUE,0.971981165,0.448641662
La_Margarita,airport,13,34,TRUE,1.00560837,0.443109832
La_Margarita,airport,13,52,TRUE,1.067553307,0.41466692
La_Margarita,airport,13,80,TRUE,1.093952137,0.436614466
La_Margarita,airport,13,150,TRUE,1.169645491,0.495354118
La_Margarita,airport,17,3,TRUE,0.670455477,0.563381143
La_Margarita,airport,17,4,TRUE,0.696199645,0.556242367
La_Margarita,airport,17,8,TRUE,0.767687714,0.527269007
La_Margarita,airport,17,17,TRUE,0.845747092,0.459722444
La_Margarita,airport,17,21,TRUE,0.881274939,0.438747941
La_Margarita,airport,17,30,TRUE,0.965530885,0.409986978
La_Margarita,airport,17,34,TRUE,0.991007281,0.397146038
La_Margarita,airport,17,52,TRUE,1.040689811,0.354052222
La_Margarita,airport,17,80,TRUE,1.067195021,0.380981066
La_Margarita,airport,17,150,TRUE,1.145960829,0.395715522
La_Margarita,airport,21,3,TRUE,0.671113573,0.537936622
La_Margarita,airport,21,4,TRUE,0.690631615,0.526255325
La_Margarita,airport,21,8,TRUE,0.746157474,0.486065319
La_Margarita,airport,21,17,TRUE,0.84418853,0.435774802
La_Margarita,airport,21,21,TRUE,0.882808382,0.417662135
La_Margarita,airport,21,30,TRUE,0.957178104,0.386048777
La_Margarita,airport,21,34,TRUE,0.977357053,0.370055476
La_Margarita,airport,21,52,TRUE,1.021420831,0.324330196
La_Margarita,airport,21,80,TRUE,1.047409178,0.351363233
La_Margarita,airport,21,150,TRUE,1.12971064,0.330114895
La_Margarita,airport,26,3,TRUE,0.642999562,0.498705974
La_Margarita,airport,26,4,TRUE,0.667422697,0.487834866
La_Margarita,airport,26,8,TRUE,0.744250187,0.461996992
La_Margarita,airport,26,17,TRUE,0.85856836,0.431469363
La_Margarita,airport,26,21,TRUE,0.89501583,0.417400337
La_Margarita,airport,26,30,TRUE,0.951329503,0.38531383
La_Margarita,airport,26,34,TRUE,0.968786804,0.36705113
La_Margarita,airport,26,52,TRUE,1.009685845,0.321920831
La_Margarita,airport,26,80,TRUE,1.030773331,0.344731856
La_Margarita,airport,26,150,TRUE,1.117113876,0.307254644
Villodas,airport,4,3,TRUE,0.559941389,0.469863539
Villodas,airport,4,4,TRUE,0.608123228,0.478652167
Villodas,airport,4,8,TRUE,0.755120826,0.547447764
Villodas,airport,4,17,TRUE,0.949811638,0.584389548
Villodas,airport,4,21,TRUE,0.976887708,0.538837677
Villodas,airport,4,30,TRUE,1.061205937,0.469191554
Villodas,airport,4,34,TRUE,1.111483068,0.459094588
Villodas,airport,4,52,TRUE,1.261863651,0.511733053
Villodas,airport,4,80,TRUE,1.34554908,0.512166042
Villodas,airport,4,150,TRUE,1.46772188,0.59853606
Villodas,airport,8,3,TRUE,0.624908848,0.532476562
Villodas,airport,8,4,TRUE,0.668216312,0.543800491
Villodas,airport,8,8,TRUE,0.804158338,0.590277032
Villodas,airport,8,17,TRUE,0.942737403,0.526944544
Villodas,airport,8,21,TRUE,0.963993193,0.477283681
Villodas,airport,8,30,TRUE,1.063096195,0.415106164
Villodas,airport,8,34,TRUE,1.110166093,0.416831986
Villodas,airport,8,52,TRUE,1.239126044,0.453494511
Villodas,airport,8,80,TRUE,1.30296721,0.435632643
Villodas,airport,8,150,TRUE,1.430125031,0.502386891
Villodas,airport,13,3,TRUE,0.704222876,0.590020587
Villodas,airport,13,4,TRUE,0.737745986,0.588675726
Villodas,airport,13,8,TRUE,0.832858756,0.569530011
Villodas,airport,13,17,TRUE,0.918755098,0.461435408
Villodas,airport,13,21,TRUE,0.949705165,0.425117763
Villodas,airport,13,30,TRUE,1.05653605,0.394055207
Villodas,airport,13,34,TRUE,1.098679432,0.404907776
Villodas,airport,13,52,TRUE,1.203570404,0.410480846
Villodas,airport,13,80,TRUE,1.253482461,0.386713581
Villodas,airport,13,150,TRUE,1.381807304,0.427826525
Villodas,airport,17,3,TRUE,0.715619537,0.569176237
Villodas,airport,17,4,TRUE,0.743256856,0.556325466
Villodas,airport,17,8,TRUE,0.817640552,0.513017879
Villodas,airport,17,17,TRUE,0.897214545,0.424476727
Villodas,airport,17,21,TRUE,0.938396012,0.399671797
Villodas,airport,17,30,TRUE,1.04528146,0.397695233
Villodas,airport,17,34,TRUE,1.082805588,0.40939691
Villodas,airport,17,52,TRUE,1.177475605,0.383647882
Villodas,airport,17,80,TRUE,1.221325841,0.358636325
Villodas,airport,17,150,TRUE,1.344857533,0.371352515
Villodas,airport,21,3,TRUE,0.700873467,0.539256362
Villodas,airport,21,4,TRUE,0.725449018,0.521774803
Villodas,airport,21,8,TRUE,0.79065629,0.470395955
Villodas,airport,21,17,TRUE,0.889804528,0.41759506
Villodas,airport,21,21,TRUE,0.937842256,0.40539386
Villodas,airport,21,30,TRUE,1.040732386,0.414292757
Villodas,airport,21,34,TRUE,1.075041184,0.418437481
Villodas,airport,21,52,TRUE,1.165241075,0.364237425
Villodas,airport,21,80,TRUE,1.203238483,0.338887285
Villodas,airport,21,150,TRUE,1.315697627,0.332526899
Villodas,airport,26,3,TRUE,0.675361041,0.508401794
Villodas,airport,26,4,TRUE,0.702797682,0.492550893
Villodas,airport,26,8,TRUE,0.781422112,0.462306033
Villodas,airport,26,17,TRUE,0.903276542,0.44368947
Villodas,airport,26,21,TRUE,0.952600637,0.438538614
Villodas,airport,26,30,TRUE,1.049732552,0.430828646
Villodas,airport,26,34,TRUE,1.081825209,0.419368589
Villodas,airport,26,52,TRUE,1.166692415,0.344617117
Villodas,airport,26,80,TRUE,1.194498703,0.314616813
Villodas,airport,26,150,TRUE,1.291589069,0.304296175
Arboleda_baseline,site,0,80,FALSE,3.773227767,0.609196
Playa_baseline,site,0,80,FALSE,7.025137334,0.728585039
La_Margarita_baseline,site,0,150,FALSE,0.913473818,0.27066595
Villodas_baseline,site,0,80,FALSE,1.030149906,0.226274296
Arboleda_baseline,site,0,80,TRUE,3.024227101,0.59523251
Playa_baseline,site,0,80,TRUE,4.981238993,0.527725112
La_Margarita_baseline,site,0,150,TRUE,0.655305318,0.194767434
Villodas_baseline,site,0,80,TRUE,0.830158604,0.180385098
Arboleda_baseline,airport,0,80,FALSE,4.206812206,0.75316
Playa_baseline,airport,0,80,FALSE,7.364294837,0.796548729
La_Margarita_baseline,airport,0,150,FALSE,1.005178282,0.205100511
Villodas_baseline,airport,0,80,FALSE,1.107966042,0.180380127
Arboleda_baseline,airport,0,80,TRUE,3.484346947,0.742871874
Playa_baseline,airport,0,80,TRUE,5.554662109,0.707165578
La_Margarita_baseline,airport,0,150,TRUE,0.781951587,0.116863327
Villodas_baseline,airport,0,80,TRUE,0.903400586,0.139207896
