Abundance_source,Dist,Scaler_win,t_0,Scaler_rto
Ceiba,poisson,13,4/8/2017,0.000463768
Ceiba,poisson,13,4/15/2017,0.000455425
Ceiba,poisson,13,4/22/2017,0.000446333
Ceiba,poisson,13,4/29/2017,0.000445734
Ceiba,poisson,13,5/6/2017,0.000448492
Ceiba,poisson,13,5/13/2017,0.000457015
Ceiba,poisson,13,5/20/2017,0.000462155
Ceiba,poisson,13,5/27/2017,0.000470121
Ceiba,poisson,13,6/3/2017,0.000474777
Ceiba,poisson,13,6/10/2017,0.000476441
Ceiba,poisson,13,6/17/2017,0.000472739
Ceiba,poisson,13,6/24/2017,0.000461511
Ceiba,poisson,13,7/1/2017,0.000446398
Ceiba,poisson,13,7/8/2017,0.000431061
Ceiba,poisson,13,7/15/2017,0.000419094
Ceiba,poisson,13,7/22/2017,0.000409057
Ceiba,poisson,13,7/29/2017,0.000399338
Ceiba,poisson,13,8/5/2017,0.000394827
Ceiba,poisson,13,8/12/2017,0.000395135
Ceiba,poisson,13,8/19/2017,0.000401241
Ceiba,poisson,13,8/26/2017,0.000404461
Ceiba,poisson,13,9/2/2017,0.000409397
Ceiba,poisson,13,9/9/2017,0.000414507
Ceiba,poisson,13,9/16/2017,0.000422404
Ceiba,poisson,13,9/23/2017,0.000428388
Ceiba,poisson,13,9/30/2017,0.000440815
Ceiba,poisson,13,10/7/2017,0.000451741
Ceiba,poisson,13,10/14/2017,0.000462461
Ceiba,poisson,13,10/21/2017,0.000474451
Ceiba,poisson,13,10/28/2017,0.000485652
Ceiba,poisson,13,11/4/2017,0.000493627
Ceiba,poisson,13,11/11/2017,0.000497398
Ceiba,poisson,13,11/18/2017,0.000498957
Ceiba,poisson,13,11/25/2017,0.000500439
Ceiba,poisson,13,12/2/2017,0.000499751
Ceiba,poisson,13,12/9/2017,0.000498898
Ceiba,poisson,13,12/16/2017,0.000495983
Ceiba,poisson,13,12/23/2017,0.000495731
Ceiba,poisson,13,12/30/2017,0.000495011
Ceiba,poisson,13,1/6/2018,0.00049508
Ceiba,poisson,13,1/13/2018,0.00049863
Ceiba,poisson,13,1/20/2018,0.000498629
Ceiba,poisson,13,1/27/2018,0.000500976
Ceiba,poisson,13,2/3/2018,0.000501582
Ceiba,poisson,13,2/10/2018,0.000506349
Ceiba,poisson,13,2/17/2018,0.000513684
Ceiba,poisson,13,2/24/2018,0.000522768
Ceiba,poisson,13,3/3/2018,0.000529927
Ceiba,poisson,13,3/10/2018,0.000543466
Ceiba,poisson,13,3/17/2018,0.000558745
Ceiba,poisson,13,3/24/2018,0.000574093
Ceiba,poisson,13,3/31/2018,0.000578397
Ceiba,poisson,13,4/7/2018,0.000580935
Ceiba,poisson,13,4/14/2018,0.000571936
Ceiba,poisson,13,4/21/2018,0.000559994
Ceiba,poisson,13,4/28/2018,0.000540837
Ceiba,poisson,13,5/5/2018,0.000523313
Ceiba,poisson,13,5/12/2018,0.000504251
Ceiba,poisson,13,5/19/2018,0.000483547
Ceiba,poisson,13,5/26/2018,0.000458691
Ceiba,poisson,13,6/2/2018,0.000435556
Ceiba,poisson,13,6/9/2018,0.000416567
Ceiba,poisson,13,6/16/2018,0.000398269
Ceiba,poisson,13,6/23/2018,0.000380002
Ceiba,poisson,13,6/30/2018,0.000368777
Ceiba,poisson,13,7/7/2018,0.000364629
Ceiba,poisson,13,7/14/2018,0.000364694
Ceiba,poisson,13,7/21/2018,0.000369128
Ceiba,poisson,13,7/28/2018,0.000378421
Ceiba,poisson,13,8/4/2018,0.000390033
Ceiba,poisson,13,8/11/2018,0.000400318
Ceiba,poisson,13,8/18/2018,0.000414097
Ceiba,poisson,13,8/25/2018,0.00042822
Ceiba,poisson,13,9/1/2018,0.000438239
Ceiba,poisson,13,9/8/2018,0.000439861
Ceiba,poisson,13,9/15/2018,0.000438376
Ceiba,poisson,13,9/22/2018,0.000444199
Ceiba,poisson,13,9/29/2018,0.000450284
Ceiba,poisson,13,10/6/2018,0.000454537
Ceiba,poisson,13,10/13/2018,0.000458619
Ceiba,poisson,13,10/20/2018,0.000461825
Ceiba,poisson,13,10/27/2018,0.000460167
Ceiba,poisson,13,11/3/2018,0.000456869
Ceiba,poisson,13,11/10/2018,0.000454359
Ceiba,poisson,13,11/17/2018,0.000449698
Ceiba,poisson,13,11/24/2018,0.000446611
Ceiba,poisson,13,12/1/2018,0.000446726
Ceiba,poisson,13,12/8/2018,0.000455152
Ceiba,poisson,13,12/15/2018,0.000465665
Ceiba,poisson,13,12/22/2018,0.000471287
Ceiba,poisson,13,12/29/2018,0.00047619
Ceiba,poisson,13,1/5/2019,0.000479776
Ceiba,poisson,13,1/12/2019,0.000477273
Ceiba,poisson,13,1/19/2019,0.000476285
Ceiba,poisson,13,1/26/2019,0.000475171
Ceiba,poisson,13,2/2/2019,0.000476385
Ceiba,poisson,13,2/9/2019,0.000473548
Ceiba,poisson,13,2/16/2019,0.000464512
Ceiba,poisson,13,2/23/2019,0.000455298
Ceiba,poisson,13,3/2/2019,0.000447396
Ceiba,poisson,13,3/9/2019,0.000431541
Ceiba,poisson,13,3/16/2019,0.000416109
Ceiba,poisson,13,3/23/2019,0.000405897
Ceiba,poisson,13,3/30/2019,0.000396693
Ceiba,poisson,13,4/6/2019,0.000385746
Ceiba,poisson,13,4/13/2019,0.000380574
Ceiba,poisson,13,4/20/2019,0.000377665
Ceiba,poisson,13,4/27/2019,0.000374043
Ceiba,poisson,13,5/4/2019,0.000367201
Ceiba,poisson,13,5/11/2019,0.000361906
Ceiba,poisson,13,5/18/2019,0.000361306
Ceiba,poisson,13,5/25/2019,0.000360708
Ceiba,poisson,13,6/1/2019,0.000364567
Ceiba,poisson,13,6/8/2019,0.000365877
Ceiba,poisson,13,6/15/2019,0.000376736
Ceiba,poisson,13,6/22/2019,0.000388856
Ceiba,poisson,13,6/29/2019,0.000407594
Ceiba,poisson,13,7/6/2019,0.000440657
Ceiba,poisson,13,7/13/2019,0.000474728
Ceiba,poisson,13,7/20/2019,0.000505759
Ceiba,poisson,13,7/27/2019,0.000531568
Ceiba,poisson,13,8/3/2019,0.000551268
Ceiba,poisson,13,8/10/2019,0.000566181
Ceiba,poisson,13,8/17/2019,0.000576565
Ceiba,poisson,13,8/24/2019,0.00057684
Ceiba,poisson,13,8/31/2019,0.000583257
Ceiba,poisson,13,9/7/2019,0.000585349
Ceiba,poisson,13,9/14/2019,0.000583091
Ceiba,poisson,13,9/21/2019,0.000575056
Ceiba,poisson,13,9/28/2019,0.000561932
Ceiba,poisson,13,10/5/2019,0.000540276
Ceiba,poisson,13,10/12/2019,0.000518858
Ceiba,poisson,13,10/19/2019,0.000498892
Ceiba,poisson,13,10/26/2019,0.000487547
Ceiba,poisson,13,11/2/2019,0.00047917
Ceiba,poisson,13,11/9/2019,0.000473016
Ceiba,poisson,13,11/16/2019,0.000469242
Ceiba,poisson,13,11/23/2019,0.000473
Ceiba,poisson,13,11/30/2019,0.000467186
Ceiba,poisson,13,12/7/2019,0.000465071
Ceiba,poisson,13,12/14/2019,0.000460438
Ceiba,poisson,13,12/21/2019,0.000454972
Ceiba,poisson,13,12/28/2019,0.000451286
Ceiba,poisson,13,1/4/2020,0.000451359
Ceiba,poisson,13,1/11/2020,0.000452021
Ceiba,poisson,13,1/18/2020,0.000453238
Ceiba,poisson,13,1/25/2020,0.000449883
Ceiba,poisson,13,2/1/2020,0.000446838
Ceiba,poisson,13,2/8/2020,0.000442635
Ceiba,poisson,13,2/15/2020,0.000439835
Ceiba,poisson,13,2/22/2020,0.000429515
Ceiba,poisson,13,2/29/2020,0.000422579
Ceiba,poisson,13,3/7/2020,0.000415442
Ceiba,poisson,13,3/14/2020,0.000413069
Ceiba,poisson,13,3/21/2020,0.000413477
Ceiba,poisson,13,3/28/2020,0.00041856
Ceiba,poisson,13,4/4/2020,0.000420381
Ceiba,poisson,13,4/11/2020,0.000419333
Ceiba,poisson,13,4/18/2020,0.000413679
Ceiba,poisson,13,4/25/2020,0.000403888
Ceiba,poisson,13,5/2/2020,0.000396965
Ceiba,poisson,13,5/9/2020,0.000390952
Ceiba,poisson,13,5/16/2020,0.000381966
Ceiba,poisson,13,5/23/2020,0.00037737
Ceiba,poisson,13,5/30/2020,0.0003716
Ceiba,poisson,13,6/6/2020,0.000364262
Ceiba,poisson,13,6/13/2020,0.000353753
Ceiba,poisson,13,6/20/2020,0.000343991
Ceiba,poisson,13,6/27/2020,0.000334796
Ceiba,poisson,13,7/4/2020,0.000328141
Ceiba,poisson,13,7/11/2020,0.000332967
Ceiba,poisson,13,7/18/2020,0.000343951
Ceiba,poisson,13,7/25/2020,0.000361686
Ceiba,poisson,13,8/1/2020,0.000376968
Ceiba,poisson,13,8/8/2020,0.000399707
Ceiba,poisson,13,8/15/2020,0.000420306
Ceiba,poisson,13,8/22/2020,0.000444286
Ceiba,poisson,13,8/29/2020,0.000471755
Ceiba,poisson,13,9/5/2020,0.000494753
Ceiba,poisson,13,9/12/2020,0.000520675
Ceiba,poisson,13,9/19/2020,0.000544078
Ceiba,poisson,13,9/26/2020,0.000566427
Ceiba,poisson,13,10/3/2020,0.00058729
Ceiba,poisson,13,10/10/2020,0.00059905
Ceiba,poisson,13,10/17/2020,0.000596683
Ceiba,poisson,13,10/24/2020,0.000592207
Ceiba,poisson,13,10/31/2020,0.000582924
Ceiba,poisson,13,11/7/2020,0.000572421
Ceiba,poisson,13,11/14/2020,0.000563952
Ceiba,poisson,13,11/21/2020,0.000556496
Ceiba,poisson,13,11/28/2020,0.000553679
Ceiba,poisson,13,12/5/2020,0.00055879
Ceiba,poisson,13,12/12/2020,0.000563881
Ceiba,negbin,13,4/8/2017,0.000393303
Ceiba,negbin,13,4/15/2017,0.000379802
Ceiba,negbin,13,4/22/2017,0.000372697
Ceiba,negbin,13,4/29/2017,0.000361438
Ceiba,negbin,13,5/6/2017,0.000359237
Ceiba,negbin,13,5/13/2017,0.000366778
Ceiba,negbin,13,5/20/2017,0.000364133
Ceiba,negbin,13,5/27/2017,0.000366881
Ceiba,negbin,13,6/3/2017,0.000368678
Ceiba,negbin,13,6/10/2017,0.000366444
Ceiba,negbin,13,6/17/2017,0.000370716
Ceiba,negbin,13,6/24/2017,0.000364483
Ceiba,negbin,13,7/1/2017,0.000347807
Ceiba,negbin,13,7/8/2017,0.000337758
Ceiba,negbin,13,7/15/2017,0.000332068
Ceiba,negbin,13,7/22/2017,0.000324546
Ceiba,negbin,13,7/29/2017,0.000320391
Ceiba,negbin,13,8/5/2017,0.00032504
Ceiba,negbin,13,8/12/2017,0.000325139
Ceiba,negbin,13,8/19/2017,0.000331923
Ceiba,negbin,13,8/26/2017,0.000332986
Ceiba,negbin,13,9/2/2017,0.000335094
Ceiba,negbin,13,9/9/2017,0.000336349
Ceiba,negbin,13,9/16/2017,0.000335948
Ceiba,negbin,13,9/23/2017,0.000342495
Ceiba,negbin,13,9/30/2017,0.000352621
Ceiba,negbin,13,10/7/2017,0.000361925
Ceiba,negbin,13,10/14/2017,0.000375006
Ceiba,negbin,13,10/21/2017,0.000382107
Ceiba,negbin,13,10/28/2017,0.000388803
Ceiba,negbin,13,11/4/2017,0.000388297
Ceiba,negbin,13,11/11/2017,0.000390016
Ceiba,negbin,13,11/18/2017,0.000393341
Ceiba,negbin,13,11/25/2017,0.000395889
Ceiba,negbin,13,12/2/2017,0.000396444
Ceiba,negbin,13,12/9/2017,0.000399086
Ceiba,negbin,13,12/16/2017,0.000403148
Ceiba,negbin,13,12/23/2017,0.000400631
Ceiba,negbin,13,12/30/2017,0.000399217
Ceiba,negbin,13,1/6/2018,0.000398696
Ceiba,negbin,13,1/13/2018,0.000393378
Ceiba,negbin,13,1/20/2018,0.000395293
Ceiba,negbin,13,1/27/2018,0.000400417
Ceiba,negbin,13,2/3/2018,0.000405937
Ceiba,negbin,13,2/10/2018,0.000410282
Ceiba,negbin,13,2/17/2018,0.000410048
Ceiba,negbin,13,2/24/2018,0.0004192
Ceiba,negbin,13,3/3/2018,0.00042936
Ceiba,negbin,13,3/10/2018,0.000436375
Ceiba,negbin,13,3/17/2018,0.000443598
Ceiba,negbin,13,3/24/2018,0.000452793
Ceiba,negbin,13,3/31/2018,0.000461308
Ceiba,negbin,13,4/7/2018,0.000459162
Ceiba,negbin,13,4/14/2018,0.000456012
Ceiba,negbin,13,4/21/2018,0.000445396
Ceiba,negbin,13,4/28/2018,0.000430789
Ceiba,negbin,13,5/5/2018,0.00041818
Ceiba,negbin,13,5/12/2018,0.000400841
Ceiba,negbin,13,5/19/2018,0.000382654
Ceiba,negbin,13,5/26/2018,0.000363235
Ceiba,negbin,13,6/2/2018,0.000345502
Ceiba,negbin,13,6/9/2018,0.000327752
Ceiba,negbin,13,6/16/2018,0.000307372
Ceiba,negbin,13,6/23/2018,0.000301503
Ceiba,negbin,13,6/30/2018,0.00029365
Ceiba,negbin,13,7/7/2018,0.000290246
Ceiba,negbin,13,7/14/2018,0.000288181
Ceiba,negbin,13,7/21/2018,0.000292315
Ceiba,negbin,13,7/28/2018,0.000299478
Ceiba,negbin,13,8/4/2018,0.000305876
Ceiba,negbin,13,8/11/2018,0.000315546
Ceiba,negbin,13,8/18/2018,0.00032526
Ceiba,negbin,13,8/25/2018,0.00033492
Ceiba,negbin,13,9/1/2018,0.000341768
Ceiba,negbin,13,9/8/2018,0.000346619
Ceiba,negbin,13,9/15/2018,0.000351838
Ceiba,negbin,13,9/22/2018,0.000351163
Ceiba,negbin,13,9/29/2018,0.000354172
Ceiba,negbin,13,10/6/2018,0.000364338
Ceiba,negbin,13,10/13/2018,0.000368521
Ceiba,negbin,13,10/20/2018,0.000373001
Ceiba,negbin,13,10/27/2018,0.000370769
Ceiba,negbin,13,11/3/2018,0.000365457
Ceiba,negbin,13,11/10/2018,0.000363727
Ceiba,negbin,13,11/17/2018,0.000367873
Ceiba,negbin,13,11/24/2018,0.000364808
Ceiba,negbin,13,12/1/2018,0.000368759
Ceiba,negbin,13,12/8/2018,0.000372648
Ceiba,negbin,13,12/15/2018,0.000378975
Ceiba,negbin,13,12/22/2018,0.000387317
Ceiba,negbin,13,12/29/2018,0.000394016
Ceiba,negbin,13,1/5/2019,0.000393751
Ceiba,negbin,13,1/12/2019,0.00039389
Ceiba,negbin,13,1/19/2019,0.000391486
Ceiba,negbin,13,1/26/2019,0.000392538
Ceiba,negbin,13,2/2/2019,0.000397398
Ceiba,negbin,13,2/9/2019,0.00039599
Ceiba,negbin,13,2/16/2019,0.000387685
Ceiba,negbin,13,2/23/2019,0.000382694
Ceiba,negbin,13,3/2/2019,0.000371015
Ceiba,negbin,13,3/9/2019,0.000366469
Ceiba,negbin,13,3/16/2019,0.000356991
Ceiba,negbin,13,3/23/2019,0.000344587
Ceiba,negbin,13,3/30/2019,0.000335285
Ceiba,negbin,13,4/6/2019,0.000327108
Ceiba,negbin,13,4/13/2019,0.000327963
Ceiba,negbin,13,4/20/2019,0.000329719
Ceiba,negbin,13,4/27/2019,0.000333915
Ceiba,negbin,13,5/4/2019,0.00032833
Ceiba,negbin,13,5/11/2019,0.000326241
Ceiba,negbin,13,5/18/2019,0.000321048
Ceiba,negbin,13,5/25/2019,0.000326219
Ceiba,negbin,13,6/1/2019,0.000332585
Ceiba,negbin,13,6/8/2019,0.000334845
Ceiba,negbin,13,6/15/2019,0.000340808
Ceiba,negbin,13,6/22/2019,0.000354062
Ceiba,negbin,13,6/29/2019,0.000367314
Ceiba,negbin,13,7/6/2019,0.000387642
Ceiba,negbin,13,7/13/2019,0.000408625
Ceiba,negbin,13,7/20/2019,0.000425926
Ceiba,negbin,13,7/27/2019,0.00043095
Ceiba,negbin,13,8/3/2019,0.000447799
Ceiba,negbin,13,8/10/2019,0.000459008
Ceiba,negbin,13,8/17/2019,0.000462754
Ceiba,negbin,13,8/24/2019,0.0004669
Ceiba,negbin,13,8/31/2019,0.000464468
Ceiba,negbin,13,9/7/2019,0.000462645
Ceiba,negbin,13,9/14/2019,0.000465335
Ceiba,negbin,13,9/21/2019,0.000455835
Ceiba,negbin,13,9/28/2019,0.00044621
Ceiba,negbin,13,10/5/2019,0.000433504
Ceiba,negbin,13,10/12/2019,0.000421906
Ceiba,negbin,13,10/19/2019,0.000408246
Ceiba,negbin,13,10/26/2019,0.000404612
Ceiba,negbin,13,11/2/2019,0.000401661
Ceiba,negbin,13,11/9/2019,0.000398183
Ceiba,negbin,13,11/16/2019,0.000396803
Ceiba,negbin,13,11/23/2019,0.000393109
Ceiba,negbin,13,11/30/2019,0.000391124
Ceiba,negbin,13,12/7/2019,0.000388177
Ceiba,negbin,13,12/14/2019,0.000383397
Ceiba,negbin,13,12/21/2019,0.000381255
Ceiba,negbin,13,12/28/2019,0.0003766
Ceiba,negbin,13,1/4/2020,0.000371329
Ceiba,negbin,13,1/11/2020,0.000366089
Ceiba,negbin,13,1/18/2020,0.000365275
Ceiba,negbin,13,1/25/2020,0.000364674
Ceiba,negbin,13,2/1/2020,0.000355501
Ceiba,negbin,13,2/8/2020,0.000347428
Ceiba,negbin,13,2/15/2020,0.000342792
Ceiba,negbin,13,2/22/2020,0.00033949
Ceiba,negbin,13,2/29/2020,0.000336297
Ceiba,negbin,13,3/7/2020,0.000335657
Ceiba,negbin,13,3/14/2020,0.000334129
Ceiba,negbin,13,3/21/2020,0.000335307
Ceiba,negbin,13,3/28/2020,0.000339741
Ceiba,negbin,13,4/4/2020,0.000344572
Ceiba,negbin,13,4/11/2020,0.000346435
Ceiba,negbin,13,4/18/2020,0.000348712
Ceiba,negbin,13,4/25/2020,0.000342973
Ceiba,negbin,13,5/2/2020,0.000339447
Ceiba,negbin,13,5/9/2020,0.00034206
Ceiba,negbin,13,5/16/2020,0.000335396
Ceiba,negbin,13,5/23/2020,0.000326185
Ceiba,negbin,13,5/30/2020,0.00031726
Ceiba,negbin,13,6/6/2020,0.000306232
Ceiba,negbin,13,6/13/2020,0.000296862
Ceiba,negbin,13,6/20/2020,0.000289964
Ceiba,negbin,13,6/27/2020,0.000285518
Ceiba,negbin,13,7/4/2020,0.000285239
Ceiba,negbin,13,7/11/2020,0.000283532
Ceiba,negbin,13,7/18/2020,0.000284075
Ceiba,negbin,13,7/25/2020,0.000294784
Ceiba,negbin,13,8/1/2020,0.000309178
Ceiba,negbin,13,8/8/2020,0.000324562
Ceiba,negbin,13,8/15/2020,0.000350189
Ceiba,negbin,13,8/22/2020,0.000371088
Ceiba,negbin,13,8/29/2020,0.000397053
Ceiba,negbin,13,9/5/2020,0.000415996
Ceiba,negbin,13,9/12/2020,0.00043257
Ceiba,negbin,13,9/19/2020,0.000450511
Ceiba,negbin,13,9/26/2020,0.000468759
Ceiba,negbin,13,10/3/2020,0.00047734
Ceiba,negbin,13,10/10/2020,0.000491714
Ceiba,negbin,13,10/17/2020,0.000492371
Ceiba,negbin,13,10/24/2020,0.000488507
Ceiba,negbin,13,10/31/2020,0.000477039
Ceiba,negbin,13,11/7/2020,0.000466419
Ceiba,negbin,13,11/14/2020,0.000457004
Ceiba,negbin,13,11/21/2020,0.000457093
Ceiba,negbin,13,11/28/2020,0.000447291
Ceiba,negbin,13,12/5/2020,0.000453339
Ceiba,negbin,13,12/12/2020,0.00045345
Ceiba_mols,poisson,13,4/8/2017,0.000474529
Ceiba_mols,poisson,13,4/15/2017,0.000475047
Ceiba_mols,poisson,13,4/22/2017,0.000474357
Ceiba_mols,poisson,13,4/29/2017,0.000477993
Ceiba_mols,poisson,13,5/6/2017,0.000478642
Ceiba_mols,poisson,13,5/13/2017,0.000481663
Ceiba_mols,poisson,13,5/20/2017,0.000480477
Ceiba_mols,poisson,13,5/27/2017,0.000482175
Ceiba_mols,poisson,13,6/3/2017,0.000480804
Ceiba_mols,poisson,13,6/10/2017,0.000480054
Ceiba_mols,poisson,13,6/17/2017,0.000480483
Ceiba_mols,poisson,13,6/24/2017,0.000479777
Ceiba_mols,poisson,13,7/1/2017,0.000478819
Ceiba_mols,poisson,13,7/8/2017,0.000477469
Ceiba_mols,poisson,13,7/15/2017,0.000476983
Ceiba_mols,poisson,13,7/22/2017,0.000475615
Ceiba_mols,poisson,13,7/29/2017,0.0004714
Ceiba_mols,poisson,13,8/5/2017,0.000469081
Ceiba_mols,poisson,13,8/12/2017,0.000467594
Ceiba_mols,poisson,13,8/19/2017,0.000470236
Ceiba_mols,poisson,13,8/26/2017,0.000470082
Ceiba_mols,poisson,13,9/2/2017,0.000473415
Ceiba_mols,poisson,13,9/9/2017,0.000476031
Ceiba_mols,poisson,13,9/16/2017,0.000479076
Ceiba_mols,poisson,13,9/23/2017,0.000476946
Ceiba_mols,poisson,13,9/30/2017,0.000479246
Ceiba_mols,poisson,13,10/7/2017,0.000478269
Ceiba_mols,poisson,13,10/14/2017,0.000477324
Ceiba_mols,poisson,13,10/21/2017,0.000478882
Ceiba_mols,poisson,13,10/28/2017,0.000481243
Ceiba_mols,poisson,13,11/4/2017,0.000482353
Ceiba_mols,poisson,13,11/11/2017,0.000481423
Ceiba_mols,poisson,13,11/18/2017,0.000480211
Ceiba_mols,poisson,13,11/25/2017,0.00047964
Ceiba_mols,poisson,13,12/2/2017,0.000477358
Ceiba_mols,poisson,13,12/9/2017,0.000475838
Ceiba_mols,poisson,13,12/16/2017,0.000473478
Ceiba_mols,poisson,13,12/23/2017,0.000474055
Ceiba_mols,poisson,13,12/30/2017,0.000473884
Ceiba_mols,poisson,13,1/6/2018,0.000474086
Ceiba_mols,poisson,13,1/13/2018,0.000477075
Ceiba_mols,poisson,13,1/20/2018,0.000475918
Ceiba_mols,poisson,13,1/27/2018,0.000475984
Ceiba_mols,poisson,13,2/3/2018,0.000473109
Ceiba_mols,poisson,13,2/10/2018,0.000473088
Ceiba_mols,poisson,13,2/17/2018,0.000473768
Ceiba_mols,poisson,13,2/24/2018,0.000474245
Ceiba_mols,poisson,13,3/3/2018,0.000470941
Ceiba_mols,poisson,13,3/10/2018,0.000472132
Ceiba_mols,poisson,13,3/17/2018,0.000474888
Ceiba_mols,poisson,13,3/24/2018,0.000479647
Ceiba_mols,poisson,13,3/31/2018,0.000478686
Ceiba_mols,poisson,13,4/7/2018,0.000481218
Ceiba_mols,poisson,13,4/14/2018,0.000480014
Ceiba_mols,poisson,13,4/21/2018,0.000481829
Ceiba_mols,poisson,13,4/28/2018,0.00048114
Ceiba_mols,poisson,13,5/5/2018,0.000484318
Ceiba_mols,poisson,13,5/12/2018,0.000488128
Ceiba_mols,poisson,13,5/19/2018,0.000492573
Ceiba_mols,poisson,13,5/26/2018,0.000494232
Ceiba_mols,poisson,13,6/2/2018,0.000497505
Ceiba_mols,poisson,13,6/9/2018,0.000502637
Ceiba_mols,poisson,13,6/16/2018,0.000503005
Ceiba_mols,poisson,13,6/23/2018,0.000495818
Ceiba_mols,poisson,13,6/30/2018,0.000490952
Ceiba_mols,poisson,13,7/7/2018,0.000490146
Ceiba_mols,poisson,13,7/14/2018,0.000489482
Ceiba_mols,poisson,13,7/21/2018,0.000488474
Ceiba_mols,poisson,13,7/28/2018,0.000488855
Ceiba_mols,poisson,13,8/4/2018,0.000489306
Ceiba_mols,poisson,13,8/11/2018,0.000486681
Ceiba_mols,poisson,13,8/18/2018,0.00048782
Ceiba_mols,poisson,13,8/25/2018,0.00049014
Ceiba_mols,poisson,13,9/1/2018,0.00049066
Ceiba_mols,poisson,13,9/8/2018,0.000485917
Ceiba_mols,poisson,13,9/15/2018,0.00048065
Ceiba_mols,poisson,13,9/22/2018,0.000483408
Ceiba_mols,poisson,13,9/29/2018,0.000484271
Ceiba_mols,poisson,13,10/6/2018,0.000481523
Ceiba_mols,poisson,13,10/13/2018,0.00047981
Ceiba_mols,poisson,13,10/20/2018,0.000480479
Ceiba_mols,poisson,13,10/27/2018,0.000478995
Ceiba_mols,poisson,13,11/3/2018,0.000477303
Ceiba_mols,poisson,13,11/10/2018,0.000476766
Ceiba_mols,poisson,13,11/17/2018,0.000473636
Ceiba_mols,poisson,13,11/24/2018,0.000470713
Ceiba_mols,poisson,13,12/1/2018,0.00046819
Ceiba_mols,poisson,13,12/8/2018,0.000470791
Ceiba_mols,poisson,13,12/15/2018,0.000473516
Ceiba_mols,poisson,13,12/22/2018,0.000472358
Ceiba_mols,poisson,13,12/29/2018,0.000473929
Ceiba_mols,poisson,13,1/5/2019,0.000477586
Ceiba_mols,poisson,13,1/12/2019,0.00047658
Ceiba_mols,poisson,13,1/19/2019,0.000476786
Ceiba_mols,poisson,13,1/26/2019,0.000476745
Ceiba_mols,poisson,13,2/2/2019,0.000480337
Ceiba_mols,poisson,13,2/9/2019,0.000482893
Ceiba_mols,poisson,13,2/16/2019,0.000482573
Ceiba_mols,poisson,13,2/23/2019,0.000485051
Ceiba_mols,poisson,13,3/2/2019,0.000491097
Ceiba_mols,poisson,13,3/9/2019,0.000489417
Ceiba_mols,poisson,13,3/16/2019,0.000487363
Ceiba_mols,poisson,13,3/23/2019,0.000489428
Ceiba_mols,poisson,13,3/30/2019,0.000490006
Ceiba_mols,poisson,13,4/6/2019,0.000485381
Ceiba_mols,poisson,13,4/13/2019,0.000485407
Ceiba_mols,poisson,13,4/20/2019,0.00048722
Ceiba_mols,poisson,13,4/27/2019,0.000488415
Ceiba_mols,poisson,13,5/4/2019,0.0004853
Ceiba_mols,poisson,13,5/11/2019,0.000482057
Ceiba_mols,poisson,13,5/18/2019,0.000480898
Ceiba_mols,poisson,13,5/25/2019,0.000476088
Ceiba_mols,poisson,13,6/1/2019,0.000476031
Ceiba_mols,poisson,13,6/8/2019,0.000472637
Ceiba_mols,poisson,13,6/15/2019,0.000478324
Ceiba_mols,poisson,13,6/22/2019,0.000477338
Ceiba_mols,poisson,13,6/29/2019,0.000474458
Ceiba_mols,poisson,13,7/6/2019,0.000479212
Ceiba_mols,poisson,13,7/13/2019,0.000480774
Ceiba_mols,poisson,13,7/20/2019,0.000480828
Ceiba_mols,poisson,13,7/27/2019,0.000480764
Ceiba_mols,poisson,13,8/3/2019,0.000480483
Ceiba_mols,poisson,13,8/10/2019,0.000480889
Ceiba_mols,poisson,13,8/17/2019,0.000481812
Ceiba_mols,poisson,13,8/24/2019,0.000477453
Ceiba_mols,poisson,13,8/31/2019,0.000480072
Ceiba_mols,poisson,13,9/7/2019,0.000480373
Ceiba_mols,poisson,13,9/14/2019,0.000480128
Ceiba_mols,poisson,13,9/21/2019,0.000480283
Ceiba_mols,poisson,13,9/28/2019,0.000481182
Ceiba_mols,poisson,13,10/5/2019,0.000478097
Ceiba_mols,poisson,13,10/12/2019,0.000476009
Ceiba_mols,poisson,13,10/19/2019,0.000473295
Ceiba_mols,poisson,13,10/26/2019,0.00047493
Ceiba_mols,poisson,13,11/2/2019,0.000475268
Ceiba_mols,poisson,13,11/9/2019,0.000474241
Ceiba_mols,poisson,13,11/16/2019,0.00047276
Ceiba_mols,poisson,13,11/23/2019,0.000477705
Ceiba_mols,poisson,13,11/30/2019,0.000473148
Ceiba_mols,poisson,13,12/7/2019,0.000473284
Ceiba_mols,poisson,13,12/14/2019,0.000471095
Ceiba_mols,poisson,13,12/21/2019,0.000467903
Ceiba_mols,poisson,13,12/28/2019,0.000466877
Ceiba_mols,poisson,13,1/4/2020,0.000469767
Ceiba_mols,poisson,13,1/11/2020,0.000472446
Ceiba_mols,poisson,13,1/18/2020,0.000475422
Ceiba_mols,poisson,13,1/25/2020,0.000474829
Ceiba_mols,poisson,13,2/1/2020,0.000476171
Ceiba_mols,poisson,13,2/8/2020,0.000476869
Ceiba_mols,poisson,13,2/15/2020,0.000479951
Ceiba_mols,poisson,13,2/22/2020,0.000476222
Ceiba_mols,poisson,13,2/29/2020,0.000477558
Ceiba_mols,poisson,13,3/7/2020,0.00047838
Ceiba_mols,poisson,13,3/14/2020,0.000482683
Ceiba_mols,poisson,13,3/21/2020,0.000485966
Ceiba_mols,poisson,13,3/28/2020,0.000489856
Ceiba_mols,poisson,13,4/4/2020,0.000488275
Ceiba_mols,poisson,13,4/11/2020,0.000486557
Ceiba_mols,poisson,13,4/18/2020,0.000484211
Ceiba_mols,poisson,13,4/25/2020,0.000479216
Ceiba_mols,poisson,13,5/2/2020,0.000477481
Ceiba_mols,poisson,13,5/9/2020,0.000477284
Ceiba_mols,poisson,13,5/16/2020,0.000475013
Ceiba_mols,poisson,13,5/23/2020,0.000479421
Ceiba_mols,poisson,13,5/30/2020,0.000483101
Ceiba_mols,poisson,13,6/6/2020,0.000485578
Ceiba_mols,poisson,13,6/13/2020,0.000484528
Ceiba_mols,poisson,13,6/20/2020,0.000484808
Ceiba_mols,poisson,13,6/27/2020,0.000484232
Ceiba_mols,poisson,13,7/4/2020,0.000481983
Ceiba_mols,poisson,13,7/11/2020,0.000487349
Ceiba_mols,poisson,13,7/18/2020,0.000491315
Ceiba_mols,poisson,13,7/25/2020,0.000496223
Ceiba_mols,poisson,13,8/1/2020,0.000491992
Ceiba_mols,poisson,13,8/8/2020,0.000493189
Ceiba_mols,poisson,13,8/15/2020,0.000488184
Ceiba_mols,poisson,13,8/22/2020,0.000484931
Ceiba_mols,poisson,13,8/29/2020,0.000484604
Ceiba_mols,poisson,13,9/5/2020,0.000480344
Ceiba_mols,poisson,13,9/12/2020,0.000480216
Ceiba_mols,poisson,13,9/19/2020,0.000479123
Ceiba_mols,poisson,13,9/26/2020,0.000478871
Ceiba_mols,poisson,13,10/3/2020,0.000480542
Ceiba_mols,poisson,13,10/10/2020,0.00048033
Ceiba_mols,poisson,13,10/17/2020,0.000475782
Ceiba_mols,poisson,13,10/24/2020,0.000475478
Ceiba_mols,poisson,13,10/31/2020,0.000475297
Ceiba_mols,poisson,13,11/7/2020,0.000476026
Ceiba_mols,poisson,13,11/14/2020,0.000478325
Ceiba_mols,poisson,13,11/21/2020,0.000478951
Ceiba_mols,poisson,13,11/28/2020,0.00047921
Ceiba_mols,poisson,13,12/5/2020,0.000482008
Ceiba_mols,poisson,13,12/12/2020,0.000482535
Ceiba_mols,negbin,13,4/8/2017,0.000402428
Ceiba_mols,negbin,13,4/15/2017,0.000396165
Ceiba_mols,negbin,13,4/22/2017,0.000396098
Ceiba_mols,negbin,13,4/29/2017,0.000387596
Ceiba_mols,negbin,13,5/6/2017,0.000383387
Ceiba_mols,negbin,13,5/13/2017,0.00038656
Ceiba_mols,negbin,13,5/20/2017,0.000378569
Ceiba_mols,negbin,13,5/27/2017,0.000376287
Ceiba_mols,negbin,13,6/3/2017,0.000373357
Ceiba_mols,negbin,13,6/10/2017,0.000369222
Ceiba_mols,negbin,13,6/17/2017,0.000376789
Ceiba_mols,negbin,13,6/24/2017,0.000378908
Ceiba_mols,negbin,13,7/1/2017,0.000373068
Ceiba_mols,negbin,13,7/8/2017,0.000374121
Ceiba_mols,negbin,13,7/15/2017,0.000377936
Ceiba_mols,negbin,13,7/22/2017,0.000377353
Ceiba_mols,negbin,13,7/29/2017,0.000378207
Ceiba_mols,negbin,13,8/5/2017,0.000386169
Ceiba_mols,negbin,13,8/12/2017,0.000384763
Ceiba_mols,negbin,13,8/19/2017,0.000388999
Ceiba_mols,negbin,13,8/26/2017,0.00038701
Ceiba_mols,negbin,13,9/2/2017,0.000387494
Ceiba_mols,negbin,13,9/9/2017,0.000386273
Ceiba_mols,negbin,13,9/16/2017,0.000381021
Ceiba_mols,negbin,13,9/23/2017,0.000381318
Ceiba_mols,negbin,13,9/30/2017,0.000383363
Ceiba_mols,negbin,13,10/7/2017,0.00038318
Ceiba_mols,negbin,13,10/14/2017,0.000387058
Ceiba_mols,negbin,13,10/21/2017,0.000385676
Ceiba_mols,negbin,13,10/28/2017,0.000385273
Ceiba_mols,negbin,13,11/4/2017,0.000379429
Ceiba_mols,negbin,13,11/11/2017,0.00037749
Ceiba_mols,negbin,13,11/18/2017,0.000378563
Ceiba_mols,negbin,13,11/25/2017,0.000379435
Ceiba_mols,negbin,13,12/2/2017,0.000378679
Ceiba_mols,negbin,13,12/9/2017,0.000380639
Ceiba_mols,negbin,13,12/16/2017,0.000384855
Ceiba_mols,negbin,13,12/23/2017,0.000383114
Ceiba_mols,negbin,13,12/30/2017,0.000382179
Ceiba_mols,negbin,13,1/6/2018,0.000381789
Ceiba_mols,negbin,13,1/13/2018,0.000376373
Ceiba_mols,negbin,13,1/20/2018,0.000377288
Ceiba_mols,negbin,13,1/27/2018,0.000380441
Ceiba_mols,negbin,13,2/3/2018,0.000382893
Ceiba_mols,negbin,13,2/10/2018,0.000383332
Ceiba_mols,negbin,13,2/17/2018,0.000378186
Ceiba_mols,negbin,13,2/24/2018,0.00038029
Ceiba_mols,negbin,13,3/3/2018,0.000381568
Ceiba_mols,negbin,13,3/10/2018,0.000379097
Ceiba_mols,negbin,13,3/17/2018,0.000377023
Ceiba_mols,negbin,13,3/24/2018,0.000378301
Ceiba_mols,negbin,13,3/31/2018,0.000381782
Ceiba_mols,negbin,13,4/7/2018,0.000380347
Ceiba_mols,negbin,13,4/14/2018,0.000382721
Ceiba_mols,negbin,13,4/21/2018,0.000383226
Ceiba_mols,negbin,13,4/28/2018,0.000383239
Ceiba_mols,negbin,13,5/5/2018,0.000387019
Ceiba_mols,negbin,13,5/12/2018,0.000388025
Ceiba_mols,negbin,13,5/19/2018,0.000389797
Ceiba_mols,negbin,13,5/26/2018,0.00039138
Ceiba_mols,negbin,13,6/2/2018,0.000394642
Ceiba_mols,negbin,13,6/9/2018,0.000395471
Ceiba_mols,negbin,13,6/16/2018,0.000388204
Ceiba_mols,negbin,13,6/23/2018,0.000393395
Ceiba_mols,negbin,13,6/30/2018,0.000390935
Ceiba_mols,negbin,13,7/7/2018,0.000390158
Ceiba_mols,negbin,13,7/14/2018,0.000386789
Ceiba_mols,negbin,13,7/21/2018,0.000386826
Ceiba_mols,negbin,13,7/28/2018,0.000386874
Ceiba_mols,negbin,13,8/4/2018,0.000383729
Ceiba_mols,negbin,13,8/11/2018,0.000383622
Ceiba_mols,negbin,13,8/18/2018,0.000383167
Ceiba_mols,negbin,13,8/25/2018,0.000383349
Ceiba_mols,negbin,13,9/1/2018,0.000382649
Ceiba_mols,negbin,13,9/8/2018,0.000382911
Ceiba_mols,negbin,13,9/15/2018,0.000385767
Ceiba_mols,negbin,13,9/22/2018,0.00038216
Ceiba_mols,negbin,13,9/29/2018,0.000380905
Ceiba_mols,negbin,13,10/6/2018,0.000385969
Ceiba_mols,negbin,13,10/13/2018,0.000385549
Ceiba_mols,negbin,13,10/20/2018,0.000388067
Ceiba_mols,negbin,13,10/27/2018,0.00038594
Ceiba_mols,negbin,13,11/3/2018,0.000381803
Ceiba_mols,negbin,13,11/10/2018,0.000381664
Ceiba_mols,negbin,13,11/17/2018,0.000387456
Ceiba_mols,negbin,13,11/24/2018,0.000384496
Ceiba_mols,negbin,13,12/1/2018,0.000386476
Ceiba_mols,negbin,13,12/8/2018,0.000385452
Ceiba_mols,negbin,13,12/15/2018,0.000385364
Ceiba_mols,negbin,13,12/22/2018,0.000388197
Ceiba_mols,negbin,13,12/29/2018,0.000392145
Ceiba_mols,negbin,13,1/5/2019,0.000391953
Ceiba_mols,negbin,13,1/12/2019,0.000393318
Ceiba_mols,negbin,13,1/19/2019,0.000391898
Ceiba_mols,negbin,13,1/26/2019,0.000393838
Ceiba_mols,negbin,13,2/2/2019,0.000400694
Ceiba_mols,negbin,13,2/9/2019,0.000403804
Ceiba_mols,negbin,13,2/16/2019,0.000402759
Ceiba_mols,negbin,13,2/23/2019,0.000407702
Ceiba_mols,negbin,13,3/2/2019,0.000407255
Ceiba_mols,negbin,13,3/9/2019,0.000415618
Ceiba_mols,negbin,13,3/16/2019,0.000418122
Ceiba_mols,negbin,13,3/23/2019,0.000415501
Ceiba_mols,negbin,13,3/30/2019,0.000414153
Ceiba_mols,negbin,13,4/6/2019,0.000411597
Ceiba_mols,negbin,13,4/13/2019,0.000418303
Ceiba_mols,negbin,13,4/20/2019,0.000425365
Ceiba_mols,negbin,13,4/27/2019,0.000436017
Ceiba_mols,negbin,13,5/4/2019,0.000433928
Ceiba_mols,negbin,13,5/11/2019,0.000434552
Ceiba_mols,negbin,13,5/18/2019,0.000427315
Ceiba_mols,negbin,13,5/25/2019,0.000430567
Ceiba_mols,negbin,13,6/1/2019,0.000434271
Ceiba_mols,negbin,13,6/8/2019,0.000432551
Ceiba_mols,negbin,13,6/15/2019,0.000432707
Ceiba_mols,negbin,13,6/22/2019,0.000434628
Ceiba_mols,negbin,13,6/29/2019,0.000427569
Ceiba_mols,negbin,13,7/6/2019,0.000421559
Ceiba_mols,negbin,13,7/13/2019,0.000413829
Ceiba_mols,negbin,13,7/20/2019,0.00040493
Ceiba_mols,negbin,13,7/27/2019,0.000389762
Ceiba_mols,negbin,13,8/3/2019,0.000390299
Ceiba_mols,negbin,13,8/10/2019,0.000389861
Ceiba_mols,negbin,13,8/17/2019,0.000386704
Ceiba_mols,negbin,13,8/24/2019,0.000386455
Ceiba_mols,negbin,13,8/31/2019,0.000382298
Ceiba_mols,negbin,13,9/7/2019,0.000379675
Ceiba_mols,negbin,13,9/14/2019,0.000383165
Ceiba_mols,negbin,13,9/21/2019,0.000380711
Ceiba_mols,negbin,13,9/28/2019,0.00038209
Ceiba_mols,negbin,13,10/5/2019,0.000383613
Ceiba_mols,negbin,13,10/12/2019,0.000387064
Ceiba_mols,negbin,13,10/19/2019,0.0003873
Ceiba_mols,negbin,13,10/26/2019,0.000394141
Ceiba_mols,negbin,13,11/2/2019,0.00039839
Ceiba_mols,negbin,13,11/9/2019,0.000399214
Ceiba_mols,negbin,13,11/16/2019,0.000399777
Ceiba_mols,negbin,13,11/23/2019,0.000397019
Ceiba_mols,negbin,13,11/30/2019,0.000396116
Ceiba_mols,negbin,13,12/7/2019,0.000395033
Ceiba_mols,negbin,13,12/14/2019,0.000392271
Ceiba_mols,negbin,13,12/21/2019,0.000392091
Ceiba_mols,negbin,13,12/28/2019,0.00038961
Ceiba_mols,negbin,13,1/4/2020,0.000386473
Ceiba_mols,negbin,13,1/11/2020,0.000382631
Ceiba_mols,negbin,13,1/18/2020,0.000383154
Ceiba_mols,negbin,13,1/25/2020,0.000384896
Ceiba_mols,negbin,13,2/1/2020,0.000378839
Ceiba_mols,negbin,13,2/8/2020,0.000374299
Ceiba_mols,negbin,13,2/15/2020,0.000374057
Ceiba_mols,negbin,13,2/22/2020,0.000376408
Ceiba_mols,negbin,13,2/29/2020,0.00038005
Ceiba_mols,negbin,13,3/7/2020,0.000386508
Ceiba_mols,negbin,13,3/14/2020,0.000390439
Ceiba_mols,negbin,13,3/21/2020,0.000394091
Ceiba_mols,negbin,13,3/28/2020,0.000397611
Ceiba_mols,negbin,13,4/4/2020,0.000400222
Ceiba_mols,negbin,13,4/11/2020,0.000401972
Ceiba_mols,negbin,13,4/18/2020,0.000408167
Ceiba_mols,negbin,13,4/25/2020,0.000406941
Ceiba_mols,negbin,13,5/2/2020,0.000408297
Ceiba_mols,negbin,13,5/9/2020,0.000417596
Ceiba_mols,negbin,13,5/16/2020,0.000417099
Ceiba_mols,negbin,13,5/23/2020,0.000414395
Ceiba_mols,negbin,13,5/30/2020,0.000412457
Ceiba_mols,negbin,13,6/6/2020,0.000408222
Ceiba_mols,negbin,13,6/13/2020,0.000406606
Ceiba_mols,negbin,13,6/20/2020,0.000408663
Ceiba_mols,negbin,13,6/27/2020,0.000412959
Ceiba_mols,negbin,13,7/4/2020,0.000418967
Ceiba_mols,negbin,13,7/11/2020,0.000414994
Ceiba_mols,negbin,13,7/18/2020,0.000405785
Ceiba_mols,negbin,13,7/25/2020,0.000404435
Ceiba_mols,negbin,13,8/1/2020,0.000403517
Ceiba_mols,negbin,13,8/8/2020,0.00040047
Ceiba_mols,negbin,13,8/15/2020,0.000406743
Ceiba_mols,negbin,13,8/22/2020,0.000405037
Ceiba_mols,negbin,13,8/29/2020,0.000407869
Ceiba_mols,negbin,13,9/5/2020,0.00040388
Ceiba_mols,negbin,13,9/12/2020,0.000398956
Ceiba_mols,negbin,13,9/19/2020,0.000396727
Ceiba_mols,negbin,13,9/26/2020,0.0003963
Ceiba_mols,negbin,13,10/3/2020,0.000390577
Ceiba_mols,negbin,13,10/10/2020,0.000394266
Ceiba_mols,negbin,13,10/17/2020,0.000392606
Ceiba_mols,negbin,13,10/24/2020,0.000392218
Ceiba_mols,negbin,13,10/31/2020,0.000388962
Ceiba_mols,negbin,13,11/7/2020,0.000387875
Ceiba_mols,negbin,13,11/14/2020,0.000387615
Ceiba_mols,negbin,13,11/21/2020,0.000393399
Ceiba_mols,negbin,13,11/28/2020,0.000387131
Ceiba_mols,negbin,13,12/5/2020,0.000391047
Ceiba_mols,negbin,13,12/12/2020,0.000388036
