Datetime,Avg_Temp,Humidity,Precip,MoLS,Neural Network,mols_run_0,mols_run_1,mols_run_2,mols_run_3,mols_run_4,mols_run_5,mols_run_6,mols_run_7,mols_run_8,mols_run_9,mols_run_10,mols_run_11,mols_run_12,mols_run_13,mols_run_14,mols_run_15,mols_run_16,mols_run_17,mols_run_18,mols_run_19,mols_run_20,mols_run_21,mols_run_22,mols_run_23,mols_run_24,mols_run_25,mols_run_26,mols_run_27,mols_run_28,mols_run_29,mols_run_30,mols_run_31,mols_run_32,mols_run_33,mols_run_34,mols_run_35,mols_run_36,mols_run_37,mols_run_38,mols_run_39,mols_run_40,mols_run_41,mols_run_42,mols_run_43,mols_run_44,mols_run_45,mols_run_46,mols_run_47,mols_run_48,mols_run_49,Ref,Ref_sd
2017-01-14,24.801587301428572,80.35805,5.4356,28439.51688888889,23687.075047577786,6.0,15.0,13.0,19.0,18.0,11.0,14.0,14.0,14.0,12.0,13.0,12.0,8.0,14.0,15.0,8.0,14.0,11.0,15.0,12.0,7.0,16.0,21.0,13.0,22.0,17.0,21.0,11.0,15.0,17.0,14.0,13.0,11.0,10.0,17.0,15.0,13.0,11.0,16.0,12.0,22.0,14.0,13.0,11.0,13.0,19.0,10.0,13.0,16.0,12.0,13.86,3.5971076816616687
2017-01-21,23.730158727142857,79.14027857142857,3.1750000000000003,26546.003111111113,22182.32194789508,21.0,18.0,10.0,9.0,13.0,9.0,11.0,8.0,8.0,10.0,13.0,17.0,7.0,13.0,6.0,16.0,11.0,13.0,11.0,10.0,13.0,17.0,14.0,11.0,20.0,16.0,14.0,8.0,16.0,13.0,5.0,11.0,9.0,17.0,13.0,8.0,7.0,16.0,8.0,15.0,17.0,17.0,9.0,9.0,19.0,12.0,11.0,18.0,16.0,11.0,12.48,3.9447200568013203
2017-01-28,24.404761904285714,81.62532142857143,0.1016,23603.853333333336,21407.974636199055,16.0,4.0,14.0,14.0,9.0,12.0,9.0,15.0,14.0,12.0,13.0,9.0,7.0,11.0,8.0,8.0,10.0,7.0,9.0,12.0,11.0,9.0,22.0,11.0,11.0,17.0,10.0,13.0,9.0,4.0,9.0,9.0,6.0,9.0,9.0,13.0,13.0,9.0,11.0,9.0,11.0,11.0,14.0,12.0,10.0,12.0,17.0,13.0,14.0,16.0,11.14,3.3564436961930832
2017-02-04,25.634920634285713,83.37057857142858,0.7112,20188.037333333334,21453.741343644888,15.0,13.0,8.0,10.0,9.0,11.0,13.0,11.0,6.0,16.0,8.0,9.0,9.0,12.0,6.0,7.0,11.0,9.0,14.0,11.0,8.0,9.0,9.0,7.0,7.0,7.0,10.0,10.0,14.0,14.0,10.0,12.0,7.0,11.0,9.0,14.0,6.0,14.0,16.0,10.0,6.0,11.0,12.0,9.0,9.0,12.0,4.0,14.0,7.0,8.0,10.08,2.8985569949651193
2017-02-11,26.19047619285714,77.09460714285714,2.6416,17335.132,21428.211608399237,7.0,12.0,6.0,8.0,7.0,9.0,7.0,3.0,9.0,12.0,9.0,7.0,9.0,9.0,8.0,9.0,11.0,7.0,7.0,9.0,7.0,11.0,12.0,5.0,10.0,10.0,11.0,8.0,8.0,6.0,5.0,11.0,8.0,10.0,7.0,10.0,5.0,6.0,7.0,9.0,7.0,8.0,11.0,9.0,8.0,7.0,10.0,6.0,7.0,8.0,8.24,2.0158555179843014
2017-02-18,25.07936507857143,74.57315714285714,0.0,15541.665777777776,20533.997461629457,7.0,4.0,4.0,5.0,3.0,8.0,8.0,9.0,6.0,5.0,3.0,10.0,3.0,6.0,5.0,4.0,8.0,10.0,3.0,5.0,10.0,7.0,4.0,11.0,4.0,9.0,6.0,10.0,12.0,9.0,2.0,8.0,15.0,9.0,7.0,10.0,2.0,11.0,8.0,8.0,14.0,9.0,7.0,2.0,5.0,9.0,7.0,5.0,8.0,4.0,6.96,3.0835971573101806
2017-02-25,25.03968253857143,73.04869285714285,2.0827999999999998,14366.072444444444,18723.93873918478,10.0,7.0,1.0,9.0,7.0,5.0,14.0,9.0,8.0,2.0,9.0,7.0,7.0,6.0,3.0,1.0,4.0,5.0,6.0,8.0,5.0,5.0,6.0,2.0,6.0,9.0,3.0,10.0,8.0,8.0,8.0,9.0,9.0,9.0,1.0,2.0,10.0,10.0,5.0,5.0,4.0,2.0,10.0,9.0,10.0,8.0,7.0,8.0,6.0,10.0,6.64,2.9675799251654364
2017-03-04,25.515873017142855,70.40933571428572,1.1684,13273.13288888889,16582.3342793312,5.0,7.0,8.0,6.0,5.0,6.0,11.0,4.0,5.0,4.0,8.0,9.0,4.0,4.0,8.0,6.0,10.0,7.0,2.0,8.0,9.0,5.0,5.0,9.0,2.0,8.0,5.0,7.0,5.0,5.0,10.0,3.0,7.0,7.0,4.0,6.0,6.0,10.0,6.0,9.0,6.0,8.0,9.0,5.0,3.0,6.0,12.0,10.0,11.0,6.0,6.62,2.4065387118075976
2017-03-11,24.285714284285714,71.29939285714286,7.366,12527.849777777777,14560.304846373288,8.0,8.0,2.0,7.0,5.0,6.0,2.0,2.0,6.0,8.0,2.0,8.0,5.0,5.0,3.0,5.0,3.0,6.0,11.0,6.0,9.0,6.0,6.0,3.0,5.0,5.0,8.0,4.0,6.0,7.0,4.0,13.0,5.0,9.0,3.0,4.0,6.0,3.0,3.0,5.0,6.0,5.0,4.0,3.0,5.0,8.0,6.0,6.0,4.0,3.0,5.44,2.340068026222088
2017-03-18,25.87301587428571,68.02592142857144,1.6256,12648.447111111112,13051.694167367596,4.0,4.0,5.0,3.0,6.0,3.0,7.0,8.0,4.0,4.0,3.0,5.0,13.0,4.0,7.0,2.0,8.0,5.0,6.0,3.0,5.0,6.0,4.0,4.0,12.0,7.0,6.0,5.0,4.0,6.0,4.0,4.0,9.0,6.0,4.0,6.0,7.0,8.0,2.0,3.0,9.0,4.0,7.0,3.0,2.0,4.0,9.0,7.0,5.0,7.0,5.46,2.3751262050248863
2017-03-25,25.158730158571426,82.02890000000001,13.462000000000002,13472.652444444444,12425.253941069479,5.0,5.0,6.0,5.0,8.0,4.0,7.0,8.0,3.0,6.0,11.0,6.0,4.0,7.0,7.0,10.0,6.0,7.0,7.0,7.0,8.0,3.0,11.0,7.0,11.0,9.0,10.0,8.0,3.0,9.0,4.0,10.0,7.0,4.0,2.0,6.0,6.0,4.0,3.0,10.0,7.0,7.0,6.0,6.0,13.0,8.0,11.0,4.0,3.0,2.0,6.62,2.656451522967726
2017-04-01,25.793650794285718,78.61715000000001,6.096000000000001,14482.779555555557,12910.376887658582,8.0,9.0,4.0,6.0,7.0,9.0,8.0,4.0,10.0,2.0,9.0,11.0,9.0,4.0,9.0,10.0,3.0,6.0,11.0,7.0,4.0,9.0,7.0,6.0,6.0,6.0,7.0,13.0,5.0,5.0,7.0,1.0,6.0,6.0,6.0,6.0,7.0,6.0,7.0,9.0,10.0,7.0,3.0,5.0,10.0,11.0,10.0,3.0,4.0,6.0,6.88,2.6158075195992225
2017-04-08,26.19047619,73.638,0.3302,15590.54,14359.128401178134,10.0,7.0,8.0,11.0,12.0,6.0,10.0,8.0,2.0,3.0,6.0,5.0,9.0,13.0,8.0,9.0,10.0,7.0,8.0,10.0,6.0,6.0,8.0,10.0,3.0,10.0,10.0,8.0,8.0,6.0,11.0,7.0,7.0,11.0,8.0,6.0,8.0,4.0,7.0,8.0,7.0,10.0,11.0,8.0,5.0,5.0,9.0,5.0,5.0,10.0,7.78,2.435201035157601
2017-04-15,25.912698412857143,82.28979188999999,5.3086,16949.983555555555,16235.447020782687,9.0,9.0,10.0,9.0,10.0,8.0,12.0,8.0,11.0,11.0,7.0,10.0,5.0,7.0,6.0,10.0,13.0,10.0,12.0,7.0,4.0,10.0,7.0,7.0,4.0,10.0,15.0,5.0,4.0,5.0,12.0,8.0,9.0,14.0,7.0,14.0,6.0,6.0,6.0,10.0,10.0,8.0,7.0,7.0,5.0,12.0,5.0,5.0,8.0,12.0,8.52,2.8445436490636897
2017-04-22,25.317460315714282,79.73951112714285,8.89,18301.891111111112,17686.976432021438,5.0,7.0,12.0,10.0,9.0,12.0,5.0,8.0,11.0,7.0,3.0,7.0,5.0,15.0,9.0,6.0,9.0,5.0,7.0,4.0,10.0,11.0,8.0,6.0,5.0,8.0,10.0,3.0,9.0,15.0,7.0,14.0,10.0,12.0,10.0,10.0,7.0,11.0,9.0,5.0,9.0,8.0,14.0,5.0,8.0,5.0,9.0,15.0,7.0,5.0,8.42,3.1239038893993007
2017-04-29,26.98412698285714,82.93063406857142,12.0396,19090.521777777776,18564.744846833935,10.0,5.0,12.0,13.0,10.0,13.0,12.0,9.0,13.0,7.0,8.0,7.0,8.0,13.0,6.0,13.0,13.0,6.0,9.0,7.0,12.0,9.0,10.0,9.0,7.0,12.0,10.0,7.0,10.0,7.0,11.0,10.0,8.0,6.0,8.0,7.0,12.0,16.0,12.0,9.0,15.0,10.0,11.0,9.0,7.0,6.0,12.0,9.0,11.0,11.0,9.74,2.5857537487122766
2017-05-06,25.99206349142857,81.57779285714285,14.3764,19242.96177777778,19396.513796736635,11.0,12.0,9.0,12.0,7.0,13.0,15.0,9.0,4.0,13.0,3.0,9.0,12.0,7.0,12.0,7.0,11.0,8.0,15.0,13.0,8.0,12.0,9.0,12.0,8.0,6.0,7.0,11.0,12.0,10.0,13.0,11.0,7.0,8.0,13.0,13.0,10.0,6.0,1.0,13.0,13.0,12.0,8.0,9.0,7.0,10.0,11.0,8.0,8.0,10.0,9.76,3.0004081355028744
2017-05-13,26.50793650714286,86.11884285714287,8.8646,19551.073333333334,21067.07526391397,10.0,11.0,5.0,8.0,12.0,7.0,6.0,11.0,14.0,6.0,8.0,10.0,11.0,13.0,12.0,13.0,15.0,11.0,20.0,7.0,7.0,11.0,7.0,7.0,17.0,7.0,11.0,10.0,11.0,12.0,13.0,6.0,6.0,8.0,12.0,15.0,8.0,9.0,13.0,10.0,12.0,9.0,8.0,10.0,8.0,4.0,6.0,10.0,8.0,11.0,9.92,3.206116603224123
2017-05-20,28.452380951428573,81.97209285714287,0.8382,21084.671555555557,23367.1704607481,6.0,7.0,9.0,9.0,6.0,11.0,17.0,8.0,5.0,8.0,5.0,11.0,9.0,8.0,11.0,8.0,4.0,10.0,6.0,5.0,13.0,18.0,10.0,11.0,9.0,10.0,7.0,5.0,8.0,9.0,7.0,8.0,16.0,14.0,8.0,8.0,7.0,7.0,15.0,9.0,7.0,11.0,12.0,7.0,9.0,12.0,15.0,12.0,7.0,15.0,9.38,3.325166867072621
2017-05-27,28.01587301714286,79.58267142857143,0.48260000000000003,23828.099555555556,25479.468853239625,11.0,12.0,6.0,9.0,7.0,8.0,7.0,10.0,8.0,15.0,15.0,19.0,11.0,10.0,16.0,13.0,13.0,9.0,14.0,15.0,9.0,10.0,8.0,18.0,12.0,10.0,14.0,8.0,15.0,12.0,8.0,6.0,17.0,8.0,11.0,9.0,12.0,12.0,14.0,13.0,14.0,11.0,11.0,11.0,11.0,12.0,12.0,13.0,12.0,17.0,11.56,3.111269837220809
2017-06-03,27.063492064285715,82.83257142857143,9.169400000000001,26088.51466666667,26711.671909348453,14.0,14.0,15.0,11.0,16.0,17.0,11.0,4.0,12.0,6.0,9.0,23.0,7.0,18.0,8.0,13.0,11.0,11.0,12.0,7.0,16.0,8.0,12.0,11.0,9.0,16.0,18.0,19.0,16.0,9.0,9.0,18.0,13.0,15.0,14.0,10.0,13.0,11.0,15.0,11.0,14.0,11.0,12.0,9.0,14.0,14.0,11.0,15.0,12.0,10.0,12.48,3.676955262170047
2017-06-10,28.055555557142856,84.02213571428571,8.356599999999998,26348.595555555556,27295.56221496172,17.0,11.0,17.0,10.0,9.0,13.0,14.0,13.0,10.0,18.0,13.0,9.0,15.0,18.0,12.0,16.0,10.0,11.0,12.0,12.0,12.0,13.0,13.0,10.0,9.0,8.0,11.0,11.0,7.0,10.0,10.0,9.0,15.0,9.0,18.0,11.0,8.0,14.0,11.0,10.0,14.0,10.0,20.0,9.0,14.0,7.0,8.0,13.0,11.0,10.0,11.9,3.1052950170405937
2017-06-17,28.095238095714286,78.3386,4.1148,24998.738666666664,27774.626321214168,12.0,10.0,7.0,12.0,12.0,11.0,13.0,22.0,13.0,14.0,11.0,12.0,15.0,12.0,9.0,13.0,14.0,11.0,11.0,11.0,10.0,9.0,14.0,22.0,12.0,12.0,13.0,11.0,10.0,9.0,7.0,4.0,15.0,13.0,13.0,7.0,13.0,11.0,10.0,10.0,15.0,10.0,13.0,9.0,11.0,10.0,9.0,8.0,12.0,8.0,11.5,3.1509635714446826
2017-06-24,27.5,80.87140714285714,4.191,23108.280444444445,28451.176466617224,14.0,11.0,9.0,10.0,5.0,7.0,13.0,10.0,9.0,10.0,12.0,12.0,9.0,11.0,19.0,8.0,14.0,13.0,10.0,18.0,17.0,8.0,11.0,11.0,8.0,12.0,8.0,11.0,9.0,5.0,15.0,11.0,7.0,10.0,18.0,17.0,11.0,12.0,6.0,7.0,7.0,11.0,14.0,11.0,6.0,15.0,18.0,12.0,12.0,9.0,11.06,3.507484708390307
2017-07-01,27.976190477142858,85.27160328571428,3.9116,21369.24,29176.377533741885,15.0,15.0,10.0,9.0,12.0,14.0,12.0,12.0,10.0,11.0,9.0,7.0,11.0,8.0,10.0,7.0,6.0,6.0,9.0,6.0,7.0,11.0,10.0,5.0,8.0,12.0,11.0,12.0,14.0,8.0,16.0,8.0,12.0,11.0,7.0,12.0,10.0,10.0,12.0,6.0,12.0,11.0,8.0,11.0,6.0,9.0,13.0,7.0,5.0,13.0,9.92,2.7762844058274747
2017-07-08,28.055555555714285,81.12444578571429,6.451600000000001,20641.945777777775,29607.627152571546,14.0,7.0,8.0,10.0,13.0,5.0,7.0,6.0,12.0,7.0,13.0,2.0,10.0,4.0,12.0,10.0,8.0,10.0,9.0,9.0,14.0,12.0,14.0,11.0,6.0,8.0,6.0,13.0,12.0,9.0,14.0,9.0,10.0,5.0,9.0,11.0,12.0,10.0,7.0,10.0,8.0,14.0,4.0,15.0,17.0,13.0,13.0,10.0,7.0,12.0,9.82,3.268214266200415
2017-07-15,27.85714285857143,80.55863121428571,5.7912,21261.578666666668,29691.571819177087,17.0,13.0,11.0,10.0,12.0,16.0,14.0,6.0,4.0,15.0,16.0,8.0,7.0,12.0,7.0,10.0,9.0,9.0,8.0,11.0,9.0,9.0,13.0,7.0,5.0,11.0,14.0,14.0,7.0,11.0,12.0,7.0,10.0,14.0,8.0,9.0,15.0,16.0,16.0,8.0,11.0,9.0,10.0,13.0,9.0,5.0,12.0,12.0,4.0,7.0,10.44,3.3936314905831413
2017-07-22,28.73015873142857,79.12024899999999,3.2258,22611.215111111112,29701.713490399197,15.0,19.0,13.0,11.0,11.0,12.0,9.0,13.0,10.0,14.0,15.0,6.0,4.0,9.0,11.0,5.0,11.0,10.0,13.0,8.0,12.0,14.0,9.0,12.0,10.0,7.0,7.0,8.0,9.0,13.0,12.0,8.0,8.0,10.0,7.0,12.0,9.0,9.0,12.0,6.0,8.0,15.0,7.0,9.0,9.0,8.0,3.0,9.0,16.0,7.0,10.08,3.2188221955446084
2017-07-29,28.45238095428571,82.88995314285714,6.832600000000001,24307.30888888889,29854.715406502903,9.0,6.0,9.0,7.0,12.0,14.0,6.0,16.0,16.0,9.0,9.0,4.0,9.0,16.0,9.0,14.0,11.0,14.0,8.0,9.0,12.0,13.0,8.0,8.0,8.0,14.0,11.0,15.0,9.0,11.0,7.0,15.0,8.0,17.0,11.0,13.0,7.0,16.0,8.0,20.0,15.0,15.0,13.0,10.0,18.0,3.0,9.0,10.0,7.0,11.0,10.98,3.7768899850516795
2017-08-05,28.769841267142855,81.65479464285714,5.207,26326.38266666667,30054.168793487857,15.0,14.0,8.0,13.0,17.0,14.0,10.0,10.0,12.0,19.0,11.0,7.0,16.0,14.0,11.0,18.0,14.0,8.0,8.0,12.0,16.0,10.0,8.0,11.0,7.0,15.0,17.0,13.0,10.0,13.0,17.0,5.0,10.0,13.0,13.0,10.0,7.0,11.0,13.0,9.0,17.0,15.0,12.0,12.0,22.0,10.0,13.0,14.0,13.0,13.0,12.4,3.481730744843983
2017-08-12,28.293650795714285,80.56552142857143,7.7978,28294.65111111111,29999.89446721054,9.0,10.0,18.0,16.0,10.0,13.0,11.0,11.0,15.0,16.0,15.0,15.0,13.0,19.0,14.0,12.0,15.0,16.0,8.0,16.0,12.0,8.0,16.0,14.0,13.0,10.0,13.0,18.0,14.0,13.0,20.0,12.0,13.0,18.0,12.0,9.0,12.0,16.0,14.0,13.0,13.0,10.0,10.0,13.0,16.0,12.0,13.0,17.0,18.0,14.0,13.56,2.8937652895527672
2017-08-19,28.571428571428573,81.13076428571428,14.681199999999999,29634.004,29842.047338720015,13.0,17.0,12.0,13.0,24.0,9.0,18.0,12.0,21.0,15.0,7.0,14.0,16.0,14.0,18.0,12.0,16.0,14.0,12.0,12.0,16.0,11.0,19.0,11.0,14.0,16.0,13.0,7.0,14.0,15.0,22.0,10.0,11.0,17.0,18.0,18.0,12.0,20.0,16.0,15.0,21.0,13.0,10.0,16.0,9.0,13.0,12.0,9.0,9.0,15.0,14.22,3.8348030308888466
2017-08-26,28.412698411428572,82.80510714285715,10.0838,30272.23688888889,29872.7190423068,12.0,7.0,6.0,23.0,19.0,13.0,16.0,12.0,17.0,17.0,13.0,14.0,15.0,10.0,15.0,13.0,14.0,17.0,19.0,9.0,20.0,16.0,17.0,11.0,18.0,17.0,13.0,16.0,21.0,13.0,12.0,21.0,16.0,10.0,11.0,16.0,11.0,12.0,12.0,15.0,17.0,11.0,18.0,16.0,17.0,15.0,7.0,18.0,16.0,13.0,14.54,3.7099425156446504
2017-09-02,28.452380951428573,80.03397142857143,0.6096,30895.455555555556,30361.308787854025,14.0,17.0,19.0,14.0,12.0,14.0,14.0,15.0,19.0,12.0,18.0,14.0,20.0,19.0,13.0,13.0,13.0,9.0,18.0,15.0,18.0,18.0,12.0,19.0,12.0,20.0,19.0,18.0,16.0,12.0,26.0,16.0,14.0,9.0,15.0,22.0,13.0,13.0,13.0,17.0,22.0,11.0,20.0,12.0,21.0,19.0,14.0,14.0,19.0,16.0,15.84,3.6047587595130017
2017-09-09,27.579365080000002,84.53823893857144,10.6172,31845.043555555556,30985.642998525043,12.0,15.0,18.0,16.0,10.0,17.0,15.0,16.0,14.0,12.0,17.0,18.0,14.0,17.0,11.0,14.0,12.0,18.0,15.0,19.0,20.0,16.0,19.0,19.0,21.0,15.0,13.0,25.0,11.0,15.0,14.0,20.0,21.0,16.0,12.0,16.0,8.0,19.0,15.0,13.0,12.0,13.0,13.0,13.0,20.0,16.0,11.0,16.0,14.0,13.0,15.38,3.3374192644824796
2017-09-16,29.12698412714286,82.99451846142857,4.2418,32301.19822222222,31270.244946507475,18.0,14.0,16.0,17.0,19.0,20.0,16.0,17.0,14.0,18.0,19.0,17.0,16.0,13.0,11.0,21.0,11.0,15.0,18.0,18.0,14.0,14.0,13.0,13.0,12.0,13.0,16.0,16.0,18.0,13.0,17.0,16.0,14.0,18.0,15.0,10.0,13.0,22.0,13.0,18.0,12.0,19.0,20.0,22.0,15.0,6.0,23.0,10.0,25.0,23.0,16.02,3.798442215607093
2017-09-23,27.93403599714286,87.46667728857143,28.3718,31600.32711111111,30769.7270400185,16.0,17.0,14.0,14.0,15.0,16.0,15.0,12.0,15.0,14.0,21.0,13.0,16.0,17.0,11.0,16.0,7.0,19.0,17.0,12.0,15.0,16.0,5.0,17.0,19.0,15.0,14.0,20.0,10.0,13.0,11.0,11.0,13.0,6.0,9.0,18.0,13.0,14.0,17.0,18.0,19.0,18.0,14.0,14.0,13.0,18.0,18.0,11.0,5.0,18.0,14.38,3.7355981954100765
2017-09-30,26.35298675857143,88.11444132,6.5786,30241.50622222222,29627.20630565744,12.0,11.0,16.0,18.0,11.0,22.0,17.0,18.0,14.0,19.0,15.0,17.0,12.0,10.0,19.0,16.0,16.0,14.0,12.0,12.0,11.0,17.0,17.0,8.0,17.0,10.0,17.0,20.0,14.0,13.0,14.0,16.0,13.0,12.0,16.0,16.0,12.0,16.0,15.0,21.0,15.0,14.0,12.0,18.0,15.0,18.0,17.0,10.0,6.0,28.0,14.98,3.8091726028584407
2017-10-07,24.921950297142853,86.10414746285714,5.6134,29113.492444444444,28325.677275169233,16.0,14.0,14.0,7.0,6.0,11.0,13.0,11.0,18.0,13.0,9.0,11.0,13.0,20.0,16.0,10.0,13.0,18.0,11.0,13.0,8.0,9.0,11.0,19.0,15.0,15.0,15.0,8.0,15.0,16.0,14.0,16.0,15.0,17.0,17.0,16.0,14.0,11.0,10.0,25.0,12.0,9.0,10.0,5.0,12.0,17.0,15.0,17.0,14.0,22.0,13.52,4.001224302431363
2017-10-14,27.02362915714286,87.76240592285714,21.336000000000002,28779.529333333336,27648.897485374513,16.0,14.0,12.0,15.0,18.0,13.0,11.0,15.0,8.0,15.0,16.0,18.0,13.0,23.0,17.0,7.0,19.0,6.0,6.0,13.0,15.0,21.0,10.0,14.0,15.0,21.0,7.0,14.0,18.0,11.0,8.0,9.0,12.0,13.0,13.0,10.0,22.0,16.0,18.0,6.0,8.0,16.0,16.0,15.0,20.0,11.0,11.0,12.0,11.0,16.0,13.68,4.330433357208547
2017-10-21,25.832949421428573,86.01047732285714,8.0264,29196.782666666666,27771.22061178722,12.0,11.0,11.0,10.0,18.0,9.0,11.0,9.0,14.0,19.0,25.0,17.0,18.0,14.0,11.0,18.0,10.0,11.0,10.0,6.0,22.0,19.0,10.0,19.0,17.0,11.0,11.0,18.0,16.0,24.0,10.0,11.0,14.0,10.0,19.0,13.0,3.0,13.0,19.0,14.0,15.0,12.0,12.0,11.0,11.0,17.0,16.0,10.0,16.0,14.0,13.82,4.434051908416342
2017-10-28,26.634350802857146,84.74310814,1.27,29743.88,28190.791474624148,15.0,13.0,13.0,10.0,11.0,16.0,12.0,19.0,11.0,10.0,12.0,13.0,16.0,22.0,13.0,13.0,20.0,17.0,13.0,12.0,13.0,13.0,21.0,27.0,13.0,13.0,13.0,14.0,14.0,16.0,17.0,16.0,16.0,16.0,15.0,9.0,14.0,16.0,18.0,14.0,15.0,17.0,9.0,13.0,14.0,7.0,17.0,14.0,18.0,12.0,14.5,3.5181743874356433
2017-11-04,25.826895280000002,84.93477809285714,2.1336,29828.30088888889,28134.075472155666,7.0,18.0,9.0,17.0,13.0,16.0,20.0,12.0,10.0,10.0,14.0,16.0,17.0,12.0,11.0,18.0,19.0,18.0,16.0,16.0,5.0,17.0,20.0,16.0,16.0,17.0,17.0,10.0,11.0,17.0,15.0,20.0,18.0,10.0,17.0,11.0,15.0,16.0,13.0,12.0,17.0,13.0,12.0,14.0,12.0,15.0,17.0,16.0,14.0,14.0,14.52,3.4061169464745666
2017-11-11,25.261995755714285,85.23289222571428,11.303,29300.462666666666,27338.754526863308,12.0,14.0,12.0,13.0,15.0,15.0,16.0,18.0,12.0,8.0,7.0,15.0,19.0,10.0,18.0,13.0,16.0,19.0,19.0,13.0,12.0,16.0,11.0,15.0,10.0,9.0,16.0,12.0,10.0,13.0,17.0,14.0,15.0,14.0,9.0,14.0,13.0,19.0,12.0,13.0,12.0,7.0,17.0,12.0,19.0,15.0,12.0,17.0,12.0,13.0,13.68,3.1586615610322766
2017-11-18,26.717652324285716,83.97984061571428,6.096,28626.331555555553,26730.03172764813,16.0,12.0,15.0,18.0,11.0,10.0,15.0,15.0,11.0,12.0,15.0,10.0,7.0,17.0,13.0,19.0,16.0,21.0,10.0,12.0,15.0,11.0,15.0,12.0,9.0,16.0,14.0,17.0,15.0,11.0,13.0,11.0,12.0,13.0,19.0,11.0,19.0,10.0,6.0,11.0,16.0,17.0,12.0,5.0,7.0,14.0,18.0,10.0,13.0,16.0,13.26,3.561758336689842
2017-11-25,26.030242871428573,87.58070590714286,7.493,28528.17422222222,26638.10927036164,25.0,10.0,10.0,10.0,19.0,12.0,20.0,11.0,12.0,12.0,13.0,13.0,10.0,9.0,14.0,8.0,8.0,13.0,14.0,12.0,15.0,19.0,16.0,15.0,19.0,17.0,9.0,25.0,9.0,11.0,17.0,11.0,6.0,13.0,12.0,19.0,10.0,11.0,10.0,20.0,16.0,18.0,13.0,8.0,16.0,20.0,12.0,9.0,9.0,14.0,13.48,4.385691019016925
2017-12-02,26.86698164142857,85.97503041428571,0.254,28822.253333333334,27114.106654193463,8.0,21.0,15.0,15.0,14.0,17.0,15.0,17.0,16.0,20.0,11.0,11.0,24.0,15.0,11.0,8.0,14.0,11.0,11.0,20.0,15.0,16.0,13.0,13.0,12.0,15.0,9.0,6.0,19.0,12.0,9.0,8.0,15.0,13.0,17.0,15.0,10.0,8.0,14.0,19.0,18.0,15.0,14.0,16.0,12.0,12.0,15.0,19.0,6.0,19.0,13.96,4.009987531152684
2017-12-09,26.19047619,79.48944222571428,6.3754,28586.394666666667,27329.434267491662,17.0,16.0,15.0,18.0,14.0,11.0,12.0,9.0,8.0,17.0,15.0,13.0,11.0,20.0,13.0,11.0,9.0,13.0,11.0,16.0,11.0,20.0,10.0,7.0,13.0,16.0,18.0,12.0,12.0,11.0,17.0,5.0,14.0,11.0,7.0,12.0,10.0,15.0,14.0,11.0,15.0,19.0,15.0,19.0,15.0,11.0,16.0,12.0,13.0,12.0,13.24,3.443775811044426
2017-12-16,26.428571431428573,78.87007520428571,0.8635999999999999,27671.63688888889,27176.90605768573,10.0,9.0,11.0,10.0,16.0,8.0,12.0,15.0,13.0,16.0,11.0,12.0,9.0,11.0,14.0,14.0,14.0,14.0,16.0,15.0,15.0,17.0,13.0,16.0,11.0,12.0,21.0,13.0,17.0,7.0,9.0,9.0,12.0,13.0,8.0,17.0,15.0,12.0,16.0,12.0,13.0,7.0,10.0,16.0,12.0,18.0,15.0,11.0,15.0,14.0,12.92,3.0628784647445477
2017-12-23,26.19047619142857,84.71343989285715,2.8956,26750.098222222223,26758.37425053509,16.0,7.0,7.0,13.0,19.0,9.0,14.0,16.0,10.0,10.0,9.0,14.0,21.0,15.0,7.0,9.0,13.0,9.0,9.0,12.0,13.0,17.0,12.0,15.0,15.0,13.0,17.0,7.0,11.0,7.0,7.0,10.0,7.0,12.0,14.0,12.0,14.0,6.0,13.0,14.0,12.0,15.0,15.0,18.0,6.0,9.0,16.0,19.0,12.0,18.0,12.3,3.85581987893308
2017-12-30,25.595238097142857,77.50203972714287,5.2324,26240.338222222224,26189.489029774904,13.0,12.0,16.0,9.0,14.0,11.0,19.0,15.0,13.0,13.0,9.0,13.0,12.0,15.0,14.0,19.0,12.0,17.0,18.0,10.0,19.0,14.0,17.0,11.0,9.0,19.0,12.0,21.0,12.0,8.0,7.0,8.0,17.0,13.0,10.0,11.0,6.0,12.0,23.0,13.0,8.0,10.0,13.0,8.0,16.0,11.0,10.0,15.0,15.0,9.0,13.02,3.846493234633545
2018-01-06,25.595238094285715,83.85268157857142,1.7018,26087.141333333333,25529.13938204537,14.0,11.0,14.0,10.0,10.0,9.0,11.0,10.0,20.0,9.0,13.0,10.0,13.0,10.0,15.0,10.0,11.0,10.0,12.0,12.0,20.0,19.0,17.0,11.0,13.0,12.0,10.0,13.0,5.0,13.0,10.0,9.0,13.0,14.0,10.0,16.0,8.0,10.0,9.0,14.0,18.0,7.0,18.0,6.0,8.0,9.0,14.0,16.0,17.0,15.0,12.16,3.5246073742839985
2018-01-13,26.111111111428574,73.30410729857144,2.2352,26053.156,24737.503570106557,9.0,15.0,15.0,10.0,11.0,8.0,14.0,23.0,17.0,11.0,15.0,16.0,13.0,10.0,13.0,15.0,11.0,12.0,17.0,19.0,14.0,10.0,13.0,14.0,16.0,11.0,21.0,19.0,13.0,18.0,10.0,8.0,11.0,13.0,9.0,8.0,18.0,19.0,15.0,18.0,16.0,8.0,17.0,11.0,17.0,11.0,14.0,10.0,7.0,11.0,13.48,3.7701296464472427
2018-01-20,25.3968254,82.64661848714286,0.9144000000000001,25925.091555555555,23800.904030790884,13.0,9.0,15.0,13.0,8.0,8.0,14.0,10.0,14.0,11.0,11.0,14.0,8.0,10.0,13.0,8.0,15.0,11.0,16.0,8.0,11.0,9.0,9.0,13.0,14.0,12.0,15.0,7.0,13.0,7.0,16.0,9.0,8.0,18.0,14.0,15.0,10.0,12.0,10.0,13.0,13.0,8.0,10.0,17.0,12.0,11.0,11.0,25.0,7.0,14.0,11.84,3.4307136164896286
2018-01-27,25.476190478571425,82.72765949428572,7.0866,25743.793777777777,22818.710991836022,12.0,14.0,10.0,12.0,6.0,12.0,16.0,10.0,16.0,9.0,17.0,11.0,17.0,19.0,15.0,6.0,13.0,13.0,6.0,14.0,10.0,11.0,12.0,11.0,8.0,14.0,11.0,10.0,18.0,18.0,15.0,7.0,14.0,12.0,11.0,15.0,7.0,23.0,17.0,8.0,11.0,18.0,11.0,9.0,16.0,8.0,12.0,15.0,18.0,13.0,12.62,3.832673708405405
2018-02-03,24.682539682857144,83.39077413857142,4.3942,25706.353777777775,21782.249037684454,13.0,13.0,17.0,10.0,10.0,11.0,9.0,11.0,17.0,17.0,12.0,12.0,12.0,13.0,13.0,9.0,8.0,10.0,11.0,16.0,19.0,9.0,14.0,5.0,16.0,13.0,8.0,7.0,11.0,6.0,16.0,13.0,11.0,13.0,12.0,10.0,11.0,11.0,15.0,13.0,11.0,9.0,9.0,9.0,15.0,8.0,5.0,7.0,9.0,18.0,11.54,3.3393754762572856
2018-02-10,25.119047621428567,79.0887189142857,2.286,25764.58311111111,20876.91235244658,11.0,9.0,13.0,13.0,12.0,18.0,13.0,15.0,11.0,11.0,9.0,11.0,12.0,17.0,12.0,8.0,17.0,12.0,12.0,8.0,14.0,9.0,14.0,15.0,16.0,10.0,13.0,12.0,19.0,7.0,16.0,7.0,8.0,10.0,10.0,19.0,13.0,11.0,9.0,15.0,16.0,7.0,10.0,10.0,11.0,7.0,13.0,13.0,10.0,12.0,12.0,3.1558174334820746
2018-02-17,24.359399590000002,79.97419311428573,2.9463999999999997,25675.184444444443,19795.608588980114,17.0,8.0,8.0,11.0,16.0,13.0,12.0,8.0,19.0,19.0,19.0,10.0,9.0,15.0,15.0,11.0,15.0,9.0,14.0,14.0,12.0,10.0,9.0,10.0,10.0,9.0,10.0,11.0,13.0,12.0,14.0,9.0,11.0,13.0,12.0,13.0,10.0,7.0,17.0,9.0,12.0,10.0,13.0,12.0,9.0,14.0,17.0,13.0,11.0,11.0,12.1,3.052265802745928
2018-02-24,24.840351215714286,79.59471711285714,4.8260000000000005,25395.439555555553,18542.633441778755,17.0,9.0,8.0,14.0,11.0,14.0,13.0,12.0,12.0,18.0,9.0,9.0,13.0,11.0,15.0,21.0,15.0,12.0,6.0,9.0,12.0,13.0,7.0,4.0,8.0,12.0,16.0,11.0,21.0,16.0,10.0,13.0,12.0,8.0,14.0,13.0,16.0,9.0,10.0,14.0,9.0,4.0,14.0,12.0,17.0,13.0,14.0,15.0,11.0,12.0,12.16,3.6553567066787376
2018-03-03,23.80032269571429,77.17659853571429,5.5372,24995.529333333332,17345.438422627467,12.0,10.0,11.0,12.0,11.0,10.0,12.0,13.0,13.0,7.0,14.0,13.0,10.0,10.0,12.0,13.0,8.0,9.0,12.0,18.0,8.0,10.0,5.0,7.0,14.0,8.0,16.0,6.0,12.0,11.0,11.0,13.0,11.0,11.0,8.0,9.0,11.0,8.0,8.0,10.0,12.0,11.0,12.0,17.0,10.0,15.0,14.0,12.0,11.0,10.0,11.02,2.653376747328827
2018-03-10,24.608159142857144,75.86895439428572,0.3302,24211.486222222222,16734.48703438184,13.0,11.0,18.0,10.0,11.0,9.0,10.0,17.0,12.0,12.0,15.0,9.0,13.0,10.0,8.0,11.0,12.0,6.0,13.0,12.0,11.0,5.0,13.0,16.0,13.0,10.0,8.0,12.0,7.0,12.0,15.0,7.0,12.0,13.0,8.0,9.0,13.0,13.0,6.0,9.0,14.0,17.0,16.0,12.0,12.0,14.0,16.0,10.0,15.0,9.0,11.58,3.051195817768395
2018-03-17,26.54761904571429,77.53258672571428,0.0,22519.305333333334,16469.366128183818,15.0,16.0,17.0,13.0,10.0,10.0,7.0,12.0,13.0,10.0,12.0,6.0,8.0,12.0,12.0,12.0,9.0,10.0,9.0,9.0,13.0,8.0,13.0,7.0,17.0,14.0,8.0,9.0,10.0,11.0,9.0,15.0,13.0,13.0,14.0,12.0,7.0,13.0,11.0,13.0,9.0,3.0,10.0,15.0,14.0,12.0,13.0,16.0,12.0,14.0,11.4,2.982944716831586
2018-03-24,25.53044028,74.45467691285714,10.515600000000001,19921.350666666665,16274.242735491676,11.0,10.0,7.0,7.0,15.0,12.0,11.0,15.0,11.0,13.0,7.0,11.0,11.0,14.0,13.0,7.0,13.0,10.0,6.0,6.0,7.0,14.0,17.0,8.0,17.0,10.0,11.0,9.0,7.0,8.0,5.0,13.0,6.0,18.0,14.0,7.0,11.0,10.0,20.0,11.0,8.0,9.0,9.0,12.0,7.0,9.0,8.0,14.0,12.0,9.0,10.6,3.440455593940656
2018-03-31,25.19574942571429,73.37551095285714,3.9116,17364.85111111111,16289.86180975231,12.0,4.0,11.0,8.0,14.0,6.0,2.0,6.0,8.0,12.0,5.0,10.0,6.0,4.0,7.0,13.0,8.0,11.0,14.0,10.0,8.0,10.0,6.0,7.0,4.0,10.0,9.0,12.0,12.0,5.0,9.0,7.0,8.0,11.0,6.0,5.0,9.0,11.0,9.0,13.0,6.0,7.0,6.0,10.0,16.0,5.0,10.0,7.0,6.0,8.0,8.46,3.065342808008958
2018-04-07,25.595238095714283,81.68447772142858,1.0414,15866.385333333334,17296.812064832873,6.0,10.0,8.0,10.0,6.0,7.0,10.0,10.0,7.0,3.0,11.0,8.0,5.0,6.0,8.0,5.0,7.0,6.0,7.0,8.0,5.0,9.0,11.0,9.0,7.0,7.0,4.0,9.0,8.0,9.0,10.0,9.0,7.0,11.0,11.0,7.0,8.0,14.0,10.0,11.0,11.0,6.0,7.0,9.0,7.0,2.0,7.0,7.0,10.0,12.0,8.04,2.3729771191824134
2018-04-14,26.468253968571428,76.82032778714286,4.546600000000001,15485.536,19203.220723470877,7.0,5.0,11.0,11.0,8.0,5.0,4.0,16.0,4.0,9.0,9.0,6.0,7.0,3.0,10.0,7.0,7.0,10.0,10.0,8.0,8.0,3.0,6.0,6.0,8.0,9.0,4.0,13.0,10.0,8.0,4.0,11.0,10.0,15.0,7.0,7.0,5.0,5.0,13.0,9.0,7.0,15.0,8.0,9.0,2.0,5.0,12.0,6.0,9.0,11.0,8.04,3.2195829366106237
2018-04-21,27.226459427142856,77.32474753,2.5146,15725.226666666667,21251.557926477202,7.0,4.0,7.0,8.0,10.0,10.0,6.0,11.0,5.0,7.0,11.0,8.0,7.0,8.0,4.0,5.0,8.0,5.0,7.0,6.0,9.0,9.0,7.0,13.0,7.0,1.0,6.0,12.0,6.0,9.0,7.0,5.0,12.0,8.0,9.0,5.0,6.0,6.0,8.0,8.0,9.0,6.0,6.0,4.0,14.0,7.0,5.0,4.0,7.0,14.0,7.46,2.6894351125263825
2018-04-28,26.785714285714285,80.29464004428571,2.1844000000000006,16340.943111111112,22758.524683458952,6.0,2.0,10.0,7.0,7.0,8.0,7.0,8.0,12.0,3.0,11.0,7.0,12.0,7.0,5.0,6.0,8.0,11.0,6.0,10.0,10.0,6.0,9.0,10.0,5.0,6.0,4.0,9.0,8.0,6.0,12.0,13.0,12.0,11.0,7.0,6.0,10.0,13.0,10.0,3.0,4.0,4.0,9.0,13.0,5.0,5.0,7.0,6.0,5.0,14.0,7.9,3.01864951558792
2018-05-05,26.587301587142857,83.44411342857143,6.5278,17129.59511111111,23705.90696426367,3.0,13.0,8.0,12.0,5.0,8.0,6.0,5.0,8.0,8.0,2.0,5.0,3.0,9.0,12.0,7.0,11.0,3.0,9.0,7.0,9.0,10.0,7.0,8.0,9.0,12.0,16.0,6.0,12.0,5.0,7.0,7.0,8.0,2.0,5.0,9.0,8.0,10.0,8.0,10.0,6.0,6.0,5.0,15.0,14.0,10.0,12.0,13.0,11.0,9.0,8.26,3.3123762972666433
2018-05-12,26.66666666714286,82.13164957142858,6.1468,17702.88977777778,24406.454324685175,7.0,6.0,7.0,8.0,8.0,4.0,8.0,14.0,14.0,8.0,7.0,6.0,15.0,13.0,10.0,8.0,8.0,8.0,9.0,6.0,7.0,7.0,8.0,10.0,10.0,12.0,10.0,7.0,9.0,5.0,6.0,10.0,12.0,7.0,8.0,14.0,9.0,9.0,10.0,8.0,14.0,11.0,11.0,10.0,5.0,9.0,11.0,12.0,9.0,10.0,9.08,2.593870325460801
2018-05-19,26.62698412714286,79.71089021428573,1.4478,17984.514666666666,25043.34767847035,9.0,13.0,9.0,11.0,13.0,14.0,8.0,8.0,7.0,6.0,6.0,6.0,15.0,12.0,11.0,10.0,11.0,9.0,9.0,8.0,9.0,11.0,12.0,9.0,3.0,9.0,13.0,12.0,11.0,8.0,11.0,9.0,13.0,11.0,7.0,6.0,16.0,6.0,8.0,9.0,8.0,10.0,7.0,5.0,8.0,11.0,11.0,5.0,7.0,13.0,9.46,2.786336926753072
2018-05-26,26.19047618857143,82.71893471428572,1.9812000000000003,18403.16177777778,25750.460707856488,9.0,10.0,6.0,8.0,11.0,9.0,8.0,15.0,8.0,14.0,12.0,13.0,10.0,7.0,11.0,12.0,8.0,12.0,4.0,4.0,4.0,3.0,8.0,6.0,10.0,10.0,12.0,12.0,11.0,9.0,6.0,7.0,6.0,13.0,6.0,3.0,13.0,11.0,8.0,13.0,3.0,8.0,15.0,8.0,7.0,13.0,7.0,11.0,14.0,8.0,9.12,3.26790202935605
2018-06-02,27.57936508,84.12026213714286,6.8834,19332.374222222224,26652.195669343146,8.0,9.0,10.0,9.0,10.0,12.0,7.0,8.0,8.0,7.0,14.0,9.0,12.0,6.0,7.0,11.0,10.0,10.0,2.0,6.0,5.0,6.0,8.0,7.0,11.0,7.0,10.0,9.0,7.0,13.0,8.0,10.0,9.0,4.0,7.0,12.0,13.0,5.0,8.0,14.0,11.0,10.0,9.0,11.0,7.0,11.0,13.0,10.0,11.0,9.0,9.0,2.5872528966106905
2018-06-09,28.214285714285715,79.68102857142857,2.159,20627.726222222223,27733.47646152039,8.0,13.0,6.0,10.0,9.0,20.0,9.0,5.0,9.0,11.0,7.0,7.0,14.0,14.0,17.0,7.0,10.0,10.0,16.0,16.0,9.0,7.0,11.0,20.0,9.0,14.0,15.0,10.0,13.0,12.0,10.0,14.0,11.0,13.0,9.0,8.0,16.0,10.0,10.0,7.0,7.0,15.0,12.0,10.0,10.0,10.0,14.0,9.0,7.0,10.0,11.0,3.481730744843983
2018-06-16,28.055555554285714,80.78587707142857,0.508,21910.142666666667,28911.48032442154,7.0,13.0,9.0,11.0,18.0,8.0,13.0,9.0,8.0,13.0,23.0,10.0,11.0,13.0,12.0,15.0,9.0,9.0,12.0,7.0,12.0,13.0,11.0,9.0,8.0,7.0,12.0,14.0,7.0,13.0,10.0,11.0,8.0,7.0,13.0,12.0,6.0,17.0,10.0,18.0,8.0,17.0,13.0,9.0,12.0,7.0,7.0,19.0,11.0,8.0,11.18,3.6627746814876474
2018-06-23,28.49206349285714,87.09853542857142,8.5852,22987.645777777776,30047.928096224416,12.0,9.0,11.0,10.0,16.0,10.0,7.0,9.0,10.0,3.0,11.0,6.0,12.0,4.0,16.0,8.0,16.0,13.0,11.0,3.0,8.0,11.0,8.0,15.0,14.0,11.0,8.0,13.0,12.0,14.0,13.0,15.0,14.0,6.0,10.0,10.0,15.0,13.0,10.0,10.0,10.0,9.0,8.0,8.0,12.0,16.0,5.0,8.0,10.0,9.0,10.44,3.3390698937132237
2018-06-30,27.698412697142857,85.03695757142857,1.524,23664.305333333334,30957.184358874427,11.0,18.0,15.0,13.0,8.0,7.0,10.0,11.0,9.0,11.0,9.0,10.0,10.0,9.0,5.0,12.0,18.0,9.0,8.0,6.0,5.0,8.0,11.0,9.0,6.0,6.0,12.0,11.0,12.0,11.0,13.0,11.0,11.0,14.0,12.0,6.0,8.0,12.0,11.0,6.0,12.0,7.0,10.0,19.0,9.0,11.0,16.0,16.0,7.0,9.0,10.4,3.3380918415851206
2018-07-07,28.293650792857143,84.00953371428571,0.0,23937.321333333333,31291.45561052101,9.0,10.0,10.0,8.0,14.0,15.0,18.0,11.0,9.0,16.0,16.0,15.0,9.0,13.0,11.0,7.0,10.0,10.0,18.0,17.0,17.0,7.0,12.0,8.0,8.0,13.0,15.0,7.0,7.0,16.0,16.0,11.0,9.0,9.0,11.0,8.0,10.0,14.0,15.0,14.0,14.0,13.0,10.0,7.0,7.0,9.0,12.0,14.0,11.0,20.0,11.8,3.5109159221270017
2018-07-14,27.817460317142856,86.05808491428571,14.9098,24447.362666666668,30714.462467011086,8.0,8.0,17.0,17.0,12.0,20.0,12.0,12.0,17.0,12.0,8.0,15.0,8.0,12.0,12.0,15.0,9.0,10.0,13.0,8.0,13.0,11.0,11.0,13.0,8.0,11.0,9.0,10.0,8.0,9.0,14.0,14.0,10.0,15.0,16.0,10.0,16.0,7.0,13.0,10.0,21.0,11.0,21.0,10.0,11.0,11.0,9.0,17.0,13.0,16.0,12.26,3.5387649177159455
2018-07-21,28.41269841428571,76.58346546,2.4638000000000004,25679.58977777778,29518.489591631405,10.0,18.0,14.0,14.0,12.0,11.0,6.0,12.0,11.0,11.0,13.0,19.0,15.0,15.0,7.0,11.0,8.0,15.0,10.0,11.0,11.0,16.0,16.0,7.0,16.0,8.0,15.0,8.0,14.0,15.0,17.0,11.0,13.0,13.0,12.0,10.0,11.0,10.0,13.0,14.0,8.0,11.0,10.0,5.0,11.0,11.0,17.0,10.0,15.0,12.0,12.06,3.1649225415288686
2018-07-28,28.33333333285714,77.19122906571428,4.7752,27422.22311111111,28566.25342062355,15.0,11.0,20.0,19.0,8.0,18.0,18.0,8.0,8.0,10.0,11.0,9.0,14.0,7.0,15.0,11.0,11.0,21.0,11.0,13.0,10.0,12.0,17.0,23.0,9.0,10.0,9.0,15.0,17.0,13.0,10.0,13.0,13.0,18.0,24.0,22.0,19.0,10.0,6.0,10.0,17.0,10.0,17.0,10.0,13.0,14.0,11.0,8.0,19.0,14.0,13.42,4.513426681376719
2018-08-04,28.253968255714284,82.17778035714286,1.8034,29336.951999999997,28529.526146212847,11.0,16.0,18.0,9.0,14.0,20.0,17.0,9.0,10.0,8.0,20.0,12.0,11.0,15.0,19.0,15.0,12.0,17.0,17.0,13.0,8.0,9.0,10.0,13.0,10.0,15.0,12.0,14.0,9.0,10.0,15.0,19.0,20.0,13.0,14.0,11.0,15.0,19.0,17.0,23.0,13.0,22.0,18.0,10.0,13.0,21.0,18.0,20.0,14.0,10.0,14.36,4.069598586231966
2018-08-11,28.37301587285714,84.7014242857143,9.8044,31079.34888888889,29287.558951252133,16.0,16.0,9.0,13.0,9.0,15.0,13.0,13.0,12.0,16.0,12.0,14.0,21.0,16.0,9.0,8.0,13.0,20.0,11.0,15.0,18.0,10.0,13.0,9.0,21.0,18.0,19.0,16.0,16.0,14.0,19.0,20.0,13.0,14.0,15.0,16.0,20.0,15.0,14.0,15.0,19.0,13.0,13.0,23.0,12.0,14.0,15.0,11.0,15.0,20.0,14.82,3.561070694299106
2018-08-18,28.055555555714285,85.6380357142857,0.6858,32232.97866666667,30260.49472866226,17.0,19.0,14.0,14.0,16.0,20.0,17.0,15.0,23.0,19.0,20.0,21.0,18.0,13.0,26.0,18.0,17.0,19.0,11.0,16.0,13.0,13.0,13.0,21.0,21.0,20.0,8.0,11.0,16.0,15.0,20.0,22.0,18.0,21.0,12.0,18.0,13.0,20.0,15.0,20.0,18.0,9.0,15.0,19.0,22.0,18.0,11.0,17.0,15.0,11.0,16.76,3.8838230691746323
2018-08-25,28.015873015714284,81.57869282857143,0.3048,32389.122666666666,31023.84871568134,15.0,23.0,23.0,16.0,16.0,14.0,17.0,11.0,14.0,15.0,20.0,26.0,15.0,20.0,14.0,14.0,10.0,13.0,16.0,13.0,18.0,19.0,19.0,18.0,19.0,12.0,16.0,14.0,27.0,16.0,13.0,12.0,23.0,20.0,18.0,12.0,10.0,21.0,17.0,12.0,12.0,10.0,25.0,25.0,16.0,15.0,17.0,19.0,19.0,17.0,16.72,4.290663808592716
2018-09-01,27.85714285857143,87.79950862142857,11.176,31287.548000000003,31667.029323499137,20.0,16.0,13.0,14.0,14.0,16.0,18.0,14.0,13.0,13.0,14.0,18.0,15.0,13.0,20.0,12.0,13.0,22.0,15.0,14.0,24.0,15.0,23.0,12.0,9.0,13.0,12.0,17.0,21.0,8.0,9.0,17.0,18.0,9.0,13.0,12.0,14.0,16.0,18.0,16.0,19.0,18.0,17.0,10.0,20.0,13.0,22.0,9.0,11.0,10.0,15.04,3.948443247867779
2018-09-08,27.896825398571426,87.5779267857143,3.8099999999999996,29530.184444444447,32393.51571828462,11.0,14.0,12.0,13.0,20.0,14.0,13.0,14.0,17.0,16.0,15.0,18.0,12.0,10.0,17.0,10.0,24.0,12.0,14.0,16.0,15.0,12.0,7.0,15.0,22.0,11.0,10.0,14.0,18.0,15.0,13.0,13.0,10.0,18.0,13.0,7.0,7.0,14.0,11.0,15.0,16.0,10.0,17.0,13.0,12.0,11.0,10.0,12.0,18.0,13.0,13.68,3.536630472927701
2018-09-15,28.01587301714286,86.93940857142857,5.1815999999999995,28555.917333333335,33255.26359655136,14.0,13.0,16.0,10.0,14.0,15.0,13.0,16.0,17.0,15.0,14.0,13.0,7.0,12.0,13.0,18.0,14.0,11.0,15.0,10.0,11.0,9.0,11.0,18.0,10.0,13.0,8.0,20.0,11.0,14.0,8.0,19.0,7.0,17.0,14.0,10.0,10.0,8.0,15.0,14.0,17.0,13.0,8.0,5.0,13.0,5.0,13.0,10.0,13.0,11.0,12.5,3.506553631038165
2018-09-22,28.650793651428575,84.8173775,0.3302,29235.715555555555,33886.51276373216,15.0,17.0,17.0,13.0,13.0,13.0,17.0,20.0,11.0,15.0,16.0,13.0,16.0,16.0,16.0,7.0,14.0,10.0,16.0,15.0,7.0,14.0,12.0,7.0,14.0,20.0,17.0,11.0,19.0,16.0,11.0,21.0,20.0,23.0,14.0,10.0,19.0,16.0,17.0,12.0,11.0,11.0,14.0,17.0,15.0,12.0,13.0,12.0,12.0,16.0,14.46,3.54682957019364
2018-09-29,27.777777778571426,85.33888964285714,5.1562,30812.36533333333,33928.48677298419,11.0,11.0,7.0,19.0,14.0,17.0,7.0,12.0,11.0,5.0,20.0,19.0,15.0,14.0,13.0,16.0,11.0,15.0,16.0,14.0,17.0,15.0,15.0,10.0,17.0,15.0,12.0,17.0,23.0,12.0,17.0,11.0,19.0,21.0,13.0,12.0,17.0,18.0,18.0,14.0,8.0,11.0,13.0,12.0,12.0,15.0,15.0,11.0,11.0,21.0,14.18,3.831608603419185
2018-10-06,27.34126984,87.48303278571429,10.2362,31648.10622222222,33404.128289555745,15.0,7.0,17.0,14.0,21.0,16.0,12.0,15.0,17.0,10.0,19.0,18.0,16.0,11.0,13.0,12.0,13.0,18.0,11.0,11.0,10.0,12.0,14.0,10.0,12.0,12.0,13.0,17.0,11.0,14.0,16.0,15.0,17.0,17.0,16.0,13.0,11.0,20.0,15.0,10.0,17.0,15.0,18.0,13.0,14.0,17.0,16.0,24.0,15.0,14.0,14.48,3.25287941519447
2018-10-13,27.023809522857142,90.2300472142857,9.1948,31194.400444444444,32722.82845022896,14.0,16.0,12.0,12.0,14.0,9.0,12.0,17.0,13.0,18.0,15.0,22.0,15.0,6.0,12.0,22.0,19.0,9.0,18.0,15.0,12.0,14.0,12.0,15.0,14.0,15.0,15.0,13.0,17.0,14.0,19.0,17.0,10.0,19.0,15.0,11.0,20.0,15.0,13.0,16.0,18.0,15.0,12.0,17.0,15.0,12.0,12.0,21.0,15.0,19.0,14.84,3.376751246330093
2018-10-20,26.825396824285715,88.73893571428572,11.836400000000001,30464.457777777778,32226.30635856171,16.0,15.0,21.0,14.0,12.0,21.0,13.0,16.0,8.0,14.0,20.0,11.0,12.0,14.0,12.0,17.0,16.0,20.0,10.0,13.0,11.0,18.0,13.0,10.0,19.0,10.0,10.0,17.0,12.0,16.0,8.0,17.0,15.0,21.0,17.0,18.0,19.0,14.0,10.0,21.0,10.0,12.0,18.0,7.0,20.0,12.0,18.0,14.0,21.0,8.0,14.62,4.040054556107693
2018-10-27,26.944444444285715,85.66955885714286,0.8382000000000001,30274.38088888889,31742.553964500334,22.0,18.0,15.0,17.0,16.0,10.0,14.0,14.0,17.0,11.0,17.0,12.0,16.0,18.0,14.0,17.0,17.0,9.0,13.0,14.0,13.0,11.0,13.0,9.0,8.0,15.0,23.0,10.0,12.0,16.0,19.0,17.0,10.0,14.0,15.0,14.0,16.0,14.0,18.0,10.0,8.0,12.0,15.0,17.0,17.0,7.0,16.0,18.0,10.0,12.0,14.2,3.5456210417116734
2018-11-03,26.865079364285716,82.26065464285715,1.3208000000000002,30245.1,30994.571711066208,19.0,15.0,13.0,18.0,23.0,12.0,15.0,17.0,11.0,7.0,17.0,9.0,11.0,12.0,12.0,15.0,12.0,15.0,9.0,8.0,16.0,17.0,15.0,22.0,10.0,11.0,9.0,14.0,15.0,11.0,19.0,14.0,15.0,15.0,16.0,12.0,20.0,15.0,8.0,19.0,13.0,13.0,13.0,17.0,13.0,15.0,21.0,12.0,15.0,11.0,14.12,3.673623579530384
2018-11-10,26.071428571428573,86.88744528571429,18.669,29809.423555555557,29785.36653998021,17.0,16.0,13.0,12.0,9.0,13.0,13.0,14.0,13.0,13.0,10.0,7.0,10.0,16.0,18.0,14.0,17.0,19.0,14.0,15.0,15.0,17.0,17.0,17.0,14.0,13.0,14.0,11.0,13.0,16.0,14.0,15.0,17.0,12.0,12.0,7.0,15.0,12.0,13.0,12.0,15.0,17.0,14.0,11.0,11.0,17.0,20.0,13.0,19.0,14.0,14.0,2.864276807966203
2018-11-17,26.82539682285714,84.43508242857142,8.9154,29075.735999999997,28493.335595829012,10.0,13.0,16.0,11.0,17.0,5.0,10.0,10.0,14.0,13.0,13.0,5.0,11.0,20.0,16.0,15.0,16.0,15.0,16.0,9.0,14.0,14.0,12.0,21.0,15.0,15.0,19.0,18.0,15.0,11.0,19.0,25.0,20.0,14.0,9.0,16.0,19.0,13.0,15.0,9.0,17.0,10.0,11.0,17.0,11.0,11.0,10.0,18.0,17.0,11.0,14.02,4.038033467631774
2018-11-24,26.825396824285715,75.43476064285714,0.228854,28508.004444444447,27223.179253108156,16.0,14.0,11.0,20.0,15.0,15.0,13.0,16.0,14.0,20.0,17.0,12.0,20.0,13.0,12.0,15.0,13.0,15.0,11.0,12.0,13.0,18.0,10.0,19.0,13.0,9.0,9.0,15.0,11.0,9.0,10.0,16.0,16.0,9.0,10.0,9.0,13.0,17.0,11.0,14.0,14.0,11.0,13.0,14.0,16.0,12.0,13.0,17.0,16.0,16.0,13.74,3.0224331325632874
2018-12-01,26.587301587142857,80.36684735714286,0.254254,28095.75688888889,26009.146394667976,12.0,7.0,16.0,9.0,12.0,13.0,18.0,12.0,15.0,9.0,11.0,11.0,15.0,8.0,17.0,12.0,18.0,10.0,18.0,12.0,11.0,22.0,17.0,14.0,11.0,9.0,14.0,12.0,9.0,10.0,17.0,11.0,13.0,8.0,7.0,13.0,11.0,14.0,9.0,15.0,16.0,22.0,11.0,13.0,16.0,15.0,5.0,8.0,7.0,13.0,12.56,3.7805085501767066
2018-12-08,26.50793650857143,77.25642007142856,2.9718,27134.62977777778,24612.71303119801,18.0,9.0,9.0,14.0,14.0,14.0,17.0,13.0,10.0,8.0,11.0,17.0,20.0,17.0,23.0,9.0,15.0,12.0,16.0,17.0,13.0,12.0,18.0,12.0,16.0,13.0,19.0,13.0,7.0,14.0,9.0,18.0,14.0,12.0,15.0,13.0,17.0,11.0,12.0,7.0,9.0,13.0,15.0,18.0,14.0,10.0,16.0,8.0,15.0,12.0,13.56,3.5922819761146765
2018-12-15,26.111111111428574,75.3901835,5.8674,25114.873333333333,23017.930696136744,16.0,10.0,14.0,6.0,9.0,7.0,12.0,13.0,6.0,12.0,6.0,10.0,13.0,16.0,11.0,11.0,13.0,10.0,13.0,8.0,10.0,12.0,15.0,16.0,12.0,8.0,18.0,15.0,14.0,12.0,15.0,14.0,14.0,12.0,4.0,26.0,13.0,4.0,10.0,17.0,9.0,14.0,12.0,9.0,15.0,12.0,10.0,14.0,12.0,12.0,11.92,3.8217423102185064
2018-12-22,25.515873015714284,79.50559942857141,2.1336,22381.092444444443,21448.87337843006,14.0,5.0,9.0,13.0,12.0,9.0,5.0,12.0,16.0,17.0,9.0,8.0,10.0,9.0,11.0,12.0,12.0,12.0,9.0,10.0,9.0,8.0,6.0,9.0,14.0,12.0,13.0,5.0,17.0,9.0,7.0,7.0,10.0,15.0,13.0,6.0,15.0,9.0,9.0,13.0,20.0,7.0,8.0,10.0,10.0,5.0,14.0,15.0,21.0,9.0,10.78,3.7541269807713085
2018-12-29,25.317460318571428,79.50880707142858,7.6708,19695.15111111111,20233.13316275376,4.0,15.0,11.0,9.0,8.0,6.0,10.0,7.0,9.0,9.0,5.0,11.0,11.0,10.0,8.0,11.0,16.0,7.0,8.0,14.0,11.0,14.0,11.0,11.0,10.0,13.0,13.0,6.0,15.0,7.0,18.0,5.0,8.0,2.0,7.0,7.0,12.0,12.0,9.0,14.0,12.0,9.0,3.0,8.0,8.0,11.0,2.0,8.0,13.0,7.0,9.5,3.5413015017830114
2019-01-05,25.476190477142858,74.13128185714287,0.762,17640.509777777777,19527.122446997768,10.0,6.0,5.0,10.0,16.0,8.0,8.0,12.0,13.0,15.0,6.0,12.0,6.0,7.0,7.0,12.0,3.0,18.0,6.0,4.0,8.0,13.0,5.0,10.0,4.0,14.0,10.0,7.0,5.0,11.0,10.0,5.0,12.0,8.0,9.0,8.0,6.0,4.0,10.0,9.0,9.0,8.0,15.0,8.0,10.0,6.0,7.0,13.0,16.0,12.0,9.12,3.589326581146169
2019-01-12,25.277777777142855,79.34453357142857,0.762,16404.72711111111,19043.467811089773,11.0,5.0,6.0,6.0,11.0,7.0,5.0,7.0,8.0,11.0,9.0,6.0,7.0,5.0,12.0,9.0,6.0,7.0,4.0,6.0,7.0,13.0,5.0,6.0,8.0,9.0,7.0,3.0,4.0,10.0,8.0,4.0,10.0,8.0,10.0,7.0,8.0,7.0,10.0,9.0,10.0,6.0,6.0,9.0,9.0,5.0,5.0,8.0,3.0,10.0,7.44,2.366086927172959
2019-01-19,24.285714284285714,78.5630462142857,7.8740000000000006,15806.114666666666,18390.855566634193,7.0,6.0,11.0,11.0,10.0,7.0,6.0,8.0,5.0,9.0,4.0,11.0,7.0,4.0,9.0,4.0,10.0,10.0,9.0,7.0,9.0,6.0,12.0,8.0,8.0,8.0,8.0,6.0,7.0,15.0,12.0,6.0,11.0,5.0,8.0,4.0,14.0,9.0,6.0,6.0,8.0,7.0,9.0,8.0,3.0,6.0,4.0,5.0,5.0,7.0,7.7,2.659215781283755
2019-01-26,24.72222222285714,78.63978535714286,6.477,15493.399555555556,17636.570684959504,7.0,8.0,4.0,7.0,14.0,6.0,4.0,4.0,6.0,6.0,8.0,8.0,10.0,10.0,5.0,5.0,8.0,4.0,5.0,11.0,8.0,8.0,8.0,10.0,7.0,5.0,10.0,6.0,4.0,8.0,5.0,4.0,6.0,15.0,6.0,4.0,5.0,10.0,7.0,7.0,7.0,7.0,7.0,7.0,3.0,9.0,4.0,13.0,8.0,9.0,7.14,2.649682306717281
2019-02-02,24.76190476142857,74.70469421428571,0.6096,15136.592,17282.442743768293,9.0,8.0,13.0,10.0,7.0,10.0,9.0,7.0,10.0,8.0,10.0,5.0,11.0,8.0,6.0,9.0,10.0,9.0,8.0,6.0,10.0,7.0,8.0,9.0,8.0,8.0,12.0,5.0,8.0,7.0,7.0,2.0,5.0,10.0,7.0,10.0,6.0,8.0,6.0,7.0,5.0,9.0,11.0,4.0,4.0,6.0,9.0,5.0,10.0,12.0,7.96,2.294269702843969
2019-02-09,24.444444441428573,80.89949285714286,1.397254,14646.932888888889,17644.038761658227,10.0,11.0,7.0,9.0,9.0,5.0,11.0,6.0,5.0,5.0,10.0,6.0,6.0,3.0,11.0,5.0,9.0,9.0,10.0,8.0,4.0,4.0,1.0,7.0,7.0,8.0,6.0,9.0,7.0,8.0,8.0,9.0,5.0,13.0,9.0,5.0,5.0,7.0,9.0,8.0,5.0,6.0,9.0,6.0,4.0,13.0,12.0,6.0,4.0,12.0,7.42,2.6961045216824835
2019-02-16,25.07936508,82.49185714285714,5.0291999999999994,14296.465777777777,18407.7400186961,10.0,6.0,9.0,7.0,6.0,7.0,5.0,9.0,4.0,10.0,8.0,8.0,5.0,4.0,8.0,5.0,6.0,8.0,5.0,8.0,5.0,5.0,11.0,10.0,7.0,6.0,9.0,5.0,13.0,9.0,5.0,3.0,10.0,14.0,8.0,7.0,9.0,7.0,7.0,2.0,6.0,7.0,4.0,1.0,5.0,7.0,3.0,8.0,5.0,4.0,6.8,2.618614682831909
2019-02-23,25.317460318571428,81.79193571428571,1.0414,14313.68,18992.07161040757,4.0,6.0,6.0,9.0,7.0,10.0,10.0,8.0,5.0,4.0,4.0,10.0,5.0,8.0,9.0,7.0,5.0,9.0,7.0,8.0,4.0,12.0,9.0,7.0,11.0,8.0,7.0,6.0,5.0,11.0,11.0,5.0,8.0,6.0,7.0,10.0,9.0,6.0,6.0,5.0,12.0,10.0,6.0,11.0,8.0,9.0,7.0,7.0,6.0,5.0,7.5,2.2519832529192065
2019-03-02,25.07936507857143,74.98701642857144,1.3462,14517.10977777778,19062.36018737948,8.0,12.0,5.0,9.0,5.0,8.0,12.0,11.0,12.0,4.0,3.0,4.0,8.0,11.0,6.0,6.0,5.0,3.0,4.0,7.0,8.0,10.0,8.0,5.0,5.0,11.0,3.0,6.0,9.0,12.0,10.0,2.0,8.0,7.0,3.0,14.0,10.0,7.0,8.0,5.0,5.0,5.0,4.0,10.0,3.0,8.0,10.0,12.0,7.0,11.0,7.38,3.0897460433253894
2019-03-09,25.07936508,77.76199285714287,2.6416,14611.170222222223,18884.292582824637,5.0,5.0,5.0,10.0,5.0,9.0,8.0,9.0,4.0,6.0,10.0,6.0,12.0,7.0,6.0,6.0,7.0,3.0,8.0,3.0,14.0,11.0,5.0,9.0,7.0,8.0,4.0,2.0,3.0,8.0,3.0,10.0,9.0,4.0,9.0,6.0,13.0,8.0,4.0,6.0,8.0,6.0,5.0,6.0,9.0,7.0,7.0,10.0,11.0,6.0,7.04,2.732719360278478
2019-03-16,25.03968253857143,82.06133936857144,3.0988,14469.784444444445,18719.296865127,4.0,4.0,2.0,3.0,8.0,18.0,7.0,10.0,7.0,11.0,6.0,6.0,5.0,3.0,5.0,7.0,6.0,7.0,3.0,7.0,7.0,1.0,1.0,6.0,9.0,10.0,7.0,2.0,5.0,5.0,9.0,8.0,5.0,9.0,5.0,3.0,12.0,5.0,6.0,9.0,2.0,11.0,5.0,9.0,6.0,6.0,8.0,1.0,5.0,8.0,6.28,3.201020245522495
2019-03-23,25.198412698571424,77.36681312285714,0.6858000000000001,13978.554666666669,18553.393022676384,9.0,8.0,13.0,4.0,7.0,9.0,9.0,4.0,4.0,6.0,14.0,15.0,6.0,7.0,9.0,9.0,8.0,7.0,4.0,10.0,7.0,4.0,9.0,10.0,3.0,7.0,7.0,3.0,5.0,5.0,7.0,2.0,7.0,11.0,3.0,6.0,8.0,7.0,4.0,4.0,7.0,8.0,4.0,9.0,10.0,11.0,3.0,5.0,11.0,6.0,7.1,2.970947763297917
2019-03-30,26.54761904714286,73.60974822571428,0.48260000000000003,13009.222666666667,17890.693775528973,4.0,7.0,6.0,4.0,10.0,8.0,5.0,5.0,4.0,2.0,4.0,11.0,6.0,11.0,4.0,9.0,6.0,12.0,3.0,2.0,4.0,1.0,5.0,6.0,8.0,6.0,9.0,7.0,9.0,8.0,5.0,5.0,6.0,4.0,5.0,12.0,7.0,7.0,3.0,8.0,7.0,6.0,10.0,4.0,5.0,9.0,5.0,11.0,7.0,5.0,6.34,2.6619771691319203
2019-04-06,26.26984126857143,68.63086971428571,1.1684,11704.435555555556,16540.071758258626,6.0,5.0,4.0,8.0,3.0,8.0,6.0,7.0,7.0,3.0,4.0,5.0,9.0,6.0,4.0,6.0,2.0,4.0,5.0,4.0,5.0,4.0,4.0,3.0,7.0,1.0,2.0,2.0,6.0,5.0,5.0,8.0,8.0,4.0,7.0,6.0,8.0,5.0,7.0,7.0,5.0,8.0,9.0,3.0,5.0,6.0,6.0,0.0,5.0,10.0,5.34,2.1628590300048383
2019-04-13,26.62698412714286,65.49290571428571,2.8702,10420.152444444444,14644.670119316344,1.0,4.0,6.0,3.0,5.0,1.0,4.0,2.0,4.0,3.0,6.0,4.0,2.0,7.0,3.0,4.0,6.0,4.0,6.0,9.0,3.0,4.0,6.0,5.0,6.0,4.0,6.0,2.0,6.0,6.0,3.0,9.0,4.0,4.0,3.0,5.0,5.0,1.0,5.0,8.0,6.0,3.0,6.0,3.0,3.0,4.0,4.0,8.0,4.0,7.0,4.54,1.9294706898155107
2019-04-20,26.42857143,65.04718342857143,2.4892000000000003,9298.486666666666,12663.119803013175,10.0,4.0,4.0,4.0,4.0,3.0,3.0,3.0,1.0,1.0,6.0,5.0,8.0,9.0,6.0,5.0,2.0,5.0,4.0,4.0,4.0,7.0,5.0,3.0,6.0,6.0,6.0,4.0,4.0,3.0,5.0,6.0,7.0,7.0,6.0,6.0,4.0,2.0,9.0,3.0,6.0,6.0,4.0,4.0,4.0,4.0,5.0,4.0,6.0,6.0,4.86,1.9060590821088932
2019-04-27,25.912698412857143,67.62808249999999,3.1496,8306.416888888889,11011.212364229861,3.0,1.0,6.0,5.0,2.0,2.0,4.0,4.0,5.0,4.0,5.0,5.0,4.0,4.0,4.0,4.0,3.0,1.0,6.0,3.0,7.0,7.0,1.0,2.0,4.0,2.0,3.0,5.0,4.0,6.0,11.0,4.0,2.0,4.0,6.0,2.0,3.0,1.0,4.0,4.0,2.0,2.0,2.0,4.0,2.0,7.0,2.0,5.0,6.0,3.0,3.84,1.9520789545758541
2019-05-04,26.428571428571427,69.39723235714285,14.0208,7606.30311111111,10004.135822136725,1.0,7.0,4.0,4.0,7.0,4.0,1.0,2.0,6.0,1.0,3.0,7.0,5.0,2.0,4.0,3.0,7.0,9.0,3.0,3.0,2.0,3.0,1.0,1.0,6.0,8.0,3.0,5.0,6.0,1.0,5.0,5.0,3.0,5.0,4.0,5.0,3.0,3.0,2.0,5.0,3.0,3.0,1.0,6.0,5.0,2.0,2.0,3.0,3.0,2.0,3.78,2.0332943009524507
2019-05-11,26.507936505714287,72.91307499,4.191000000000001,7557.824888888889,9873.845934325898,4.0,1.0,3.0,2.0,9.0,4.0,0.0,2.0,2.0,5.0,3.0,4.0,3.0,4.0,4.0,5.0,4.0,5.0,2.0,0.0,2.0,3.0,5.0,4.0,2.0,4.0,7.0,7.0,3.0,1.0,7.0,3.0,4.0,3.0,1.0,4.0,4.0,2.0,5.0,2.0,5.0,4.0,5.0,4.0,1.0,3.0,4.0,3.0,2.0,4.0,3.48,1.7984119979264246
2019-05-18,28.253968255714284,71.53517742857143,3.4290000000000003,8387.943555555556,10389.740340973582,5.0,1.0,1.0,4.0,1.0,3.0,1.0,4.0,4.0,3.0,2.0,10.0,4.0,8.0,6.0,4.0,2.0,4.0,5.0,2.0,3.0,3.0,2.0,1.0,4.0,4.0,2.0,3.0,7.0,6.0,7.0,4.0,1.0,3.0,2.0,4.0,4.0,3.0,3.0,2.0,7.0,3.0,8.0,4.0,2.0,0.0,4.0,9.0,7.0,3.0,3.78,2.2523457160235854
2019-05-25,27.460317462857144,71.58658557142857,9.9314,9803.579555555556,11390.49439244366,4.0,7.0,5.0,3.0,4.0,2.0,4.0,3.0,2.0,2.0,6.0,5.0,0.0,4.0,3.0,1.0,3.0,9.0,7.0,5.0,4.0,5.0,2.0,7.0,5.0,5.0,3.0,7.0,8.0,4.0,7.0,3.0,3.0,5.0,4.0,7.0,9.0,8.0,3.0,5.0,3.0,5.0,9.0,3.0,4.0,3.0,5.0,7.0,6.0,4.0,4.64,2.1166010488516727
2019-06-01,26.904761904285717,76.83288492857143,14.605,11173.104888888889,12666.286166889462,7.0,5.0,7.0,4.0,5.0,4.0,6.0,4.0,4.0,7.0,5.0,3.0,5.0,9.0,8.0,5.0,9.0,1.0,5.0,7.0,9.0,4.0,8.0,9.0,9.0,8.0,1.0,3.0,6.0,7.0,4.0,5.0,5.0,3.0,9.0,4.0,6.0,7.0,6.0,4.0,5.0,7.0,5.0,6.0,3.0,8.0,3.0,10.0,10.0,5.0,5.78,2.23415052568724
2019-06-08,27.738095237142858,77.8568775,9.144,12487.43111111111,14183.220671733632,3.0,3.0,7.0,5.0,5.0,6.0,3.0,11.0,7.0,1.0,4.0,4.0,9.0,5.0,6.0,3.0,7.0,3.0,5.0,4.0,7.0,9.0,8.0,4.0,4.0,5.0,8.0,6.0,6.0,3.0,5.0,3.0,5.0,5.0,9.0,6.0,6.0,8.0,6.0,7.0,7.0,7.0,5.0,2.0,6.0,6.0,6.0,7.0,5.0,6.0,5.56,2.0016319872156565
2019-06-15,28.134920635714284,72.4924747857143,3.7338,14373.904444444444,15537.278809435304,10.0,9.0,3.0,10.0,8.0,12.0,5.0,4.0,5.0,8.0,7.0,7.0,8.0,10.0,7.0,9.0,11.0,8.0,6.0,9.0,6.0,7.0,6.0,10.0,8.0,9.0,6.0,6.0,6.0,4.0,4.0,4.0,7.0,2.0,10.0,4.0,5.0,10.0,6.0,6.0,8.0,6.0,5.0,9.0,6.0,8.0,6.0,8.0,6.0,7.0,7.02,2.199164962119087
2019-06-22,28.571428572857144,72.82298667285714,0.4572,16819.428888888888,16225.775257780546,11.0,6.0,14.0,6.0,11.0,15.0,5.0,9.0,9.0,7.0,10.0,8.0,10.0,11.0,8.0,11.0,9.0,7.0,13.0,14.0,13.0,3.0,7.0,6.0,6.0,9.0,3.0,8.0,15.0,5.0,8.0,12.0,7.0,6.0,7.0,6.0,5.0,6.0,9.0,7.0,8.0,6.0,7.0,11.0,8.0,3.0,12.0,6.0,8.0,5.0,8.32,3.0602120774847736
2019-06-29,28.45238095285714,70.77355257,0.7366000000000001,19218.42088888889,16167.869863134576,9.0,15.0,13.0,7.0,10.0,10.0,12.0,5.0,5.0,7.0,13.0,5.0,9.0,6.0,7.0,9.0,13.0,13.0,6.0,7.0,9.0,7.0,15.0,10.0,10.0,13.0,12.0,6.0,7.0,5.0,7.0,9.0,4.0,7.0,9.0,9.0,11.0,11.0,4.0,4.0,7.0,9.0,9.0,9.0,10.0,9.0,8.0,13.0,12.0,8.0,8.88,2.897148492527627
2019-07-06,28.571428571428573,71.75922244,0.5334,21345.956,15760.487273102106,12.0,8.0,10.0,8.0,10.0,9.0,12.0,14.0,5.0,6.0,15.0,9.0,9.0,7.0,16.0,12.0,9.0,7.0,13.0,12.0,10.0,12.0,10.0,12.0,8.0,10.0,12.0,11.0,14.0,12.0,13.0,17.0,12.0,8.0,15.0,8.0,7.0,6.0,11.0,12.0,11.0,19.0,11.0,11.0,14.0,8.0,11.0,6.0,11.0,8.0,10.66,2.993939456533441
2019-07-13,28.611111111428574,72.10998342857143,2.1844,23014.652888888886,15677.361891127248,11.0,16.0,12.0,9.0,7.0,13.0,8.0,11.0,9.0,11.0,11.0,9.0,6.0,14.0,6.0,10.0,11.0,7.0,13.0,9.0,7.0,10.0,8.0,13.0,15.0,9.0,12.0,19.0,10.0,6.0,15.0,9.0,11.0,19.0,12.0,11.0,13.0,12.0,7.0,12.0,4.0,14.0,14.0,11.0,14.0,5.0,16.0,13.0,10.0,8.0,10.84,3.3463961730403016
2019-07-20,28.412698412857143,75.27927142857142,6.4262,23837.86666666667,15978.148563605844,12.0,8.0,17.0,9.0,8.0,7.0,12.0,12.0,11.0,10.0,4.0,14.0,21.0,16.0,10.0,13.0,15.0,6.0,6.0,12.0,14.0,12.0,14.0,15.0,7.0,10.0,9.0,19.0,12.0,12.0,8.0,15.0,19.0,8.0,11.0,7.0,12.0,15.0,11.0,14.0,15.0,12.0,13.0,12.0,15.0,8.0,8.0,13.0,13.0,17.0,11.86,3.664557216340978
2019-07-27,28.888888888571426,73.9063315,3.7592,23931.127555555555,16630.254015535087,9.0,17.0,15.0,8.0,16.0,16.0,12.0,13.0,9.0,6.0,13.0,12.0,13.0,11.0,8.0,13.0,10.0,14.0,8.0,12.0,16.0,14.0,7.0,9.0,10.0,14.0,9.0,9.0,14.0,9.0,10.0,10.0,11.0,11.0,12.0,8.0,13.0,13.0,13.0,7.0,10.0,11.0,9.0,14.0,12.0,12.0,14.0,16.0,9.0,6.0,11.34,2.8183799080539957
2019-08-03,27.698412697142857,83.29454214285714,30.886400000000002,23831.796,17594.8379489932,10.0,11.0,12.0,9.0,13.0,14.0,16.0,7.0,12.0,14.0,10.0,11.0,11.0,6.0,8.0,14.0,14.0,15.0,5.0,13.0,12.0,16.0,8.0,10.0,15.0,3.0,9.0,11.0,16.0,7.0,16.0,16.0,12.0,7.0,12.0,13.0,17.0,12.0,12.0,13.0,9.0,11.0,13.0,10.0,6.0,18.0,13.0,17.0,12.0,5.0,11.52,3.5006704897135092
2019-08-10,29.00793650857143,79.64836671428573,3.4036,24011.54311111111,19049.515563131295,5.0,12.0,11.0,8.0,3.0,11.0,13.0,9.0,13.0,9.0,12.0,15.0,13.0,14.0,11.0,10.0,16.0,12.0,15.0,9.0,11.0,16.0,12.0,9.0,12.0,14.0,12.0,10.0,15.0,13.0,8.0,17.0,10.0,16.0,8.0,16.0,8.0,16.0,11.0,13.0,14.0,8.0,8.0,9.0,18.0,6.0,6.0,12.0,14.0,11.0,11.48,3.308862558126498
2019-08-17,29.007936505714287,76.36781521428573,4.4958,24713.107555555554,20851.391125154394,11.0,13.0,17.0,9.0,11.0,9.0,11.0,14.0,11.0,13.0,17.0,16.0,13.0,11.0,13.0,11.0,17.0,9.0,18.0,7.0,9.0,12.0,9.0,9.0,14.0,12.0,14.0,14.0,20.0,15.0,10.0,11.0,8.0,9.0,7.0,13.0,15.0,12.0,13.0,8.0,9.0,16.0,15.0,9.0,12.0,10.0,12.0,8.0,12.0,5.0,11.86,3.1880516729481903
2019-08-24,28.214285717142854,78.34185757142858,5.2324,25644.72177777778,22525.14243199453,8.0,14.0,12.0,8.0,9.0,8.0,15.0,13.0,10.0,10.0,11.0,10.0,10.0,12.0,12.0,13.0,15.0,13.0,10.0,18.0,11.0,11.0,10.0,5.0,14.0,9.0,13.0,11.0,12.0,7.0,7.0,16.0,13.0,6.0,10.0,12.0,6.0,12.0,10.0,12.0,9.0,10.0,9.0,14.0,10.0,15.0,11.0,13.0,9.0,18.0,11.12,2.8688332265282783
2019-08-31,28.57142856857143,79.99355042857142,10.2362,26394.501333333334,23974.634943735604,21.0,6.0,9.0,7.0,16.0,14.0,18.0,10.0,9.0,18.0,10.0,15.0,18.0,10.0,21.0,23.0,10.0,17.0,15.0,13.0,18.0,9.0,15.0,12.0,12.0,16.0,13.0,13.0,12.0,11.0,18.0,9.0,11.0,15.0,17.0,11.0,21.0,11.0,10.0,11.0,11.0,15.0,24.0,10.0,17.0,11.0,19.0,12.0,9.0,16.0,13.78,4.263226717032103
2019-09-07,28.412698412857143,81.52893100000001,10.058399999999999,27009.645333333334,25421.792847496778,16.0,6.0,14.0,12.0,11.0,10.0,7.0,20.0,11.0,16.0,16.0,12.0,13.0,9.0,18.0,10.0,13.0,10.0,12.0,5.0,13.0,15.0,10.0,17.0,17.0,14.0,18.0,15.0,16.0,14.0,6.0,12.0,14.0,4.0,8.0,18.0,8.0,12.0,15.0,8.0,11.0,16.0,15.0,19.0,10.0,10.0,14.0,14.0,17.0,10.0,12.62,3.82734521941403
2019-09-14,28.84920635,82.6528677142857,10.414,27561.98222222222,27207.973681955693,14.0,17.0,15.0,13.0,15.0,13.0,15.0,12.0,9.0,15.0,16.0,16.0,9.0,11.0,19.0,11.0,13.0,12.0,18.0,10.0,13.0,13.0,12.0,12.0,8.0,15.0,11.0,9.0,17.0,10.0,13.0,12.0,16.0,10.0,14.0,10.0,16.0,21.0,13.0,14.0,15.0,8.0,10.0,16.0,17.0,9.0,12.0,14.0,18.0,13.0,13.28,3.0104579623135654
2019-09-21,29.682539681428572,82.07100114285716,2.5654,28046.54888888889,29221.639689740194,17.0,18.0,11.0,12.0,9.0,14.0,12.0,7.0,14.0,13.0,8.0,10.0,14.0,18.0,19.0,13.0,23.0,14.0,16.0,17.0,18.0,16.0,20.0,15.0,9.0,13.0,17.0,7.0,19.0,10.0,11.0,17.0,12.0,16.0,23.0,9.0,14.0,17.0,8.0,7.0,13.0,17.0,14.0,15.0,11.0,10.0,10.0,16.0,10.0,15.0,13.76,3.997754471741171
2019-09-28,28.928571427142856,84.59057285714286,2.54,28432.571999999996,30781.56125615845,11.0,13.0,11.0,12.0,14.0,11.0,13.0,14.0,13.0,24.0,17.0,11.0,23.0,11.0,15.0,11.0,19.0,15.0,16.0,19.0,15.0,17.0,9.0,11.0,8.0,10.0,12.0,16.0,16.0,3.0,9.0,18.0,12.0,11.0,9.0,9.0,16.0,14.0,20.0,17.0,9.0,10.0,10.0,16.0,14.0,17.0,10.0,14.0,17.0,18.0,13.6,4.0203563655629395
2019-10-05,28.849206347142857,80.38827214285713,1.7780000000000005,28230.06311111111,31230.74668876757,16.0,11.0,14.0,10.0,12.0,20.0,13.0,8.0,18.0,11.0,12.0,16.0,16.0,17.0,10.0,13.0,15.0,19.0,7.0,7.0,10.0,14.0,8.0,11.0,20.0,8.0,8.0,9.0,6.0,12.0,10.0,17.0,9.0,14.0,14.0,11.0,15.0,21.0,19.0,9.0,14.0,13.0,17.0,12.0,13.0,12.0,6.0,18.0,14.0,18.0,12.94,3.971377183634649
2019-10-12,28.57142857428571,76.55530021428571,2.9718,27213.417777777777,30407.533245135015,16.0,10.0,6.0,12.0,9.0,11.0,13.0,11.0,16.0,16.0,16.0,12.0,9.0,12.0,12.0,11.0,11.0,13.0,9.0,14.0,13.0,19.0,11.0,9.0,12.0,13.0,12.0,16.0,11.0,12.0,13.0,15.0,12.0,12.0,5.0,12.0,14.0,12.0,5.0,10.0,11.0,17.0,13.0,8.0,9.0,12.0,16.0,15.0,17.0,12.0,12.14,2.9830131322102447
2019-10-19,28.293650794285714,78.52092621428572,5.3594,26161.888,28780.03076233238,15.0,10.0,12.0,14.0,9.0,9.0,10.0,12.0,12.0,10.0,15.0,11.0,17.0,14.0,14.0,13.0,14.0,13.0,15.0,14.0,10.0,13.0,10.0,12.0,7.0,11.0,6.0,14.0,13.0,12.0,14.0,16.0,19.0,11.0,7.0,9.0,19.0,13.0,14.0,10.0,10.0,7.0,13.0,13.0,8.0,11.0,16.0,11.0,11.0,9.0,12.04,2.9204416775270032
2019-10-26,27.936507937142856,80.932056,12.954,25620.137333333336,26951.78826198499,10.0,13.0,10.0,11.0,10.0,9.0,8.0,15.0,19.0,15.0,13.0,10.0,9.0,7.0,11.0,17.0,14.0,14.0,14.0,16.0,23.0,12.0,9.0,17.0,14.0,14.0,13.0,9.0,11.0,17.0,19.0,12.0,15.0,12.0,13.0,19.0,14.0,7.0,12.0,9.0,10.0,16.0,9.0,13.0,9.0,16.0,12.0,13.0,12.0,9.0,12.7,3.453776401067595
2019-11-02,27.53968253857143,76.3861505,2.4130000000000003,25144.822222222225,24978.271709180553,14.0,15.0,13.0,12.0,9.0,12.0,14.0,13.0,11.0,13.0,9.0,12.0,10.0,12.0,13.0,10.0,8.0,12.0,14.0,15.0,12.0,16.0,12.0,11.0,13.0,14.0,7.0,15.0,12.0,9.0,9.0,13.0,10.0,12.0,8.0,11.0,11.0,15.0,15.0,20.0,17.0,7.0,16.0,10.0,19.0,7.0,13.0,18.0,12.0,8.0,12.26,3.029177836863815
2019-11-09,27.341269841428574,76.2807775,11.7348,24503.473777777777,23236.89969778175,22.0,19.0,9.0,12.0,8.0,11.0,10.0,12.0,15.0,13.0,13.0,11.0,11.0,8.0,16.0,11.0,12.0,9.0,8.0,14.0,15.0,13.0,9.0,5.0,14.0,12.0,6.0,8.0,13.0,10.0,4.0,14.0,5.0,12.0,5.0,9.0,9.0,21.0,7.0,9.0,15.0,8.0,19.0,15.0,13.0,14.0,10.0,5.0,13.0,12.0,11.36,4.049489763777503
2019-11-16,27.42063491857143,76.77294057142856,4.7752,24227.99288888889,22053.808862761565,9.0,13.0,9.0,9.0,8.0,14.0,6.0,5.0,10.0,7.0,12.0,10.0,14.0,9.0,12.0,11.0,4.0,10.0,14.0,12.0,8.0,7.0,11.0,13.0,16.0,7.0,11.0,11.0,17.0,11.0,9.0,15.0,13.0,9.0,15.0,10.0,15.0,12.0,15.0,15.0,11.0,10.0,9.0,17.0,13.0,11.0,10.0,11.0,13.0,13.0,11.12,3.000952229828773
2019-11-23,27.02380952142857,79.20032978571429,8.356600000000002,24509.747555555557,22222.380350370222,16.0,19.0,11.0,16.0,13.0,10.0,15.0,17.0,15.0,11.0,7.0,11.0,6.0,12.0,12.0,8.0,21.0,12.0,12.0,14.0,11.0,19.0,14.0,12.0,12.0,14.0,8.0,6.0,15.0,12.0,8.0,10.0,11.0,7.0,11.0,6.0,9.0,15.0,9.0,6.0,13.0,18.0,11.0,16.0,12.0,15.0,13.0,19.0,13.0,11.0,12.28,3.6979862142545
2019-11-30,26.785714284285714,79.24060764285714,1.4986000000000002,24753.24311111111,23278.076486522885,16.0,15.0,15.0,8.0,17.0,3.0,11.0,12.0,10.0,9.0,16.0,11.0,12.0,15.0,10.0,11.0,8.0,13.0,6.0,11.0,13.0,7.0,8.0,9.0,15.0,13.0,10.0,19.0,12.0,13.0,9.0,12.0,11.0,10.0,11.0,9.0,12.0,14.0,6.0,14.0,10.0,10.0,17.0,12.0,12.0,10.0,9.0,9.0,14.0,13.0,11.44,3.137397855886698
2019-12-07,27.34126984,84.7359777857143,8.153400000000001,24502.865333333335,24543.068506581178,9.0,8.0,16.0,10.0,13.0,6.0,5.0,7.0,13.0,11.0,10.0,10.0,13.0,14.0,17.0,7.0,15.0,10.0,5.0,13.0,12.0,14.0,12.0,9.0,18.0,11.0,8.0,14.0,8.0,13.0,14.0,16.0,14.0,10.0,11.0,10.0,19.0,14.0,10.0,17.0,11.0,15.0,11.0,8.0,13.0,6.0,7.0,12.0,13.0,12.0,11.48,3.388094401499077
2019-12-14,26.19047619,80.58596464285714,9.271,23829.764444444445,25248.768266403946,9.0,10.0,7.0,14.0,12.0,9.0,14.0,10.0,13.0,12.0,12.0,11.0,12.0,5.0,13.0,4.0,13.0,16.0,10.0,8.0,12.0,10.0,12.0,14.0,11.0,14.0,8.0,11.0,8.0,12.0,3.0,14.0,7.0,14.0,5.0,7.0,14.0,8.0,9.0,11.0,13.0,14.0,14.0,11.0,15.0,12.0,8.0,14.0,10.0,10.0,10.78,3.025672466998208
2019-12-21,26.62698412714286,81.37859413714285,5.8928,22895.71377777778,25692.81911854884,16.0,6.0,15.0,13.0,9.0,9.0,10.0,11.0,13.0,11.0,13.0,7.0,7.0,10.0,17.0,12.0,13.0,6.0,13.0,8.0,10.0,9.0,14.0,9.0,10.0,9.0,12.0,8.0,10.0,11.0,5.0,7.0,9.0,7.0,10.0,11.0,8.0,8.0,9.0,9.0,13.0,4.0,14.0,15.0,12.0,12.0,11.0,9.0,8.0,12.0,10.28,2.8574285571442855
2019-12-28,26.587301588571428,82.51196464285714,2.1082,21961.151555555556,26107.753147672516,13.0,9.0,11.0,14.0,14.0,13.0,8.0,12.0,14.0,13.0,10.0,8.0,11.0,13.0,8.0,9.0,10.0,10.0,8.0,9.0,7.0,16.0,10.0,12.0,17.0,17.0,15.0,1.0,11.0,7.0,8.0,13.0,10.0,11.0,5.0,7.0,5.0,7.0,15.0,11.0,10.0,8.0,8.0,7.0,10.0,8.0,12.0,10.0,10.0,7.0,10.24,3.229709028405386
2020-01-04,26.07142857,85.30078028571428,5.5118,21386.064444444444,26125.863063005665,17.0,10.0,18.0,14.0,9.0,8.0,12.0,9.0,8.0,11.0,12.0,17.0,8.0,9.0,8.0,11.0,14.0,12.0,12.0,12.0,10.0,12.0,7.0,11.0,12.0,17.0,12.0,11.0,11.0,9.0,10.0,6.0,11.0,12.0,5.0,8.0,17.0,8.0,15.0,15.0,8.0,8.0,9.0,10.0,5.0,11.0,9.0,11.0,4.0,8.0,10.66,3.248924468817586
2020-01-11,25.595238097142857,80.38122664285713,6.1976,21141.96177777778,25455.984005674047,5.0,13.0,10.0,10.0,10.0,10.0,11.0,6.0,9.0,6.0,15.0,12.0,10.0,9.0,7.0,13.0,9.0,8.0,8.0,10.0,9.0,12.0,13.0,7.0,13.0,6.0,11.0,11.0,10.0,17.0,11.0,13.0,8.0,5.0,16.0,5.0,8.0,8.0,12.0,14.0,7.0,12.0,7.0,13.0,12.0,13.0,13.0,4.0,11.0,14.0,10.12,3.0548723210568367
2020-01-18,25.07936508,78.35428671428572,4.3688,20935.88,24466.1163904836,10.0,8.0,5.0,11.0,12.0,14.0,4.0,15.0,8.0,8.0,13.0,10.0,8.0,6.0,11.0,12.0,9.0,9.0,9.0,11.0,14.0,10.0,9.0,13.0,16.0,16.0,10.0,12.0,15.0,9.0,8.0,12.0,10.0,12.0,9.0,9.0,9.0,10.0,8.0,11.0,7.0,11.0,6.0,11.0,12.0,14.0,16.0,13.0,6.0,13.0,10.48,2.894329431343788
2020-01-25,25.357142857142858,87.3571525,2.9718,20652.159555555554,23694.947279836633,11.0,14.0,10.0,6.0,7.0,13.0,7.0,7.0,14.0,14.0,12.0,7.0,15.0,12.0,6.0,10.0,8.0,9.0,11.0,11.0,16.0,9.0,7.0,10.0,9.0,10.0,12.0,10.0,13.0,8.0,10.0,9.0,7.0,13.0,11.0,10.0,7.0,9.0,10.0,11.0,14.0,11.0,8.0,13.0,11.0,8.0,6.0,14.0,15.0,3.0,10.16,2.8597131296116873
2020-02-01,25.51587301714286,84.79026007142856,1.8796,20182.035555555554,22752.678650263864,9.0,9.0,9.0,4.0,7.0,11.0,7.0,7.0,9.0,18.0,10.0,10.0,8.0,9.0,10.0,8.0,9.0,10.0,11.0,12.0,15.0,12.0,15.0,9.0,4.0,8.0,11.0,13.0,6.0,11.0,7.0,15.0,14.0,8.0,10.0,7.0,19.0,9.0,15.0,9.0,14.0,20.0,9.0,16.0,9.0,12.0,7.0,9.0,6.0,9.0,10.3,3.558548202023186
2020-02-08,26.23015872857143,72.99080971428572,3.429,19163.88311111111,20940.52852502567,4.0,11.0,8.0,13.0,13.0,7.0,7.0,16.0,3.0,9.0,8.0,9.0,13.0,7.0,10.0,11.0,8.0,8.0,11.0,5.0,9.0,10.0,6.0,4.0,12.0,9.0,18.0,2.0,12.0,9.0,16.0,6.0,7.0,10.0,10.0,13.0,9.0,8.0,7.0,2.0,6.0,9.0,9.0,11.0,9.0,6.0,6.0,20.0,7.0,8.0,9.02,3.7169770469222625
2020-02-15,25.87301587285714,72.02511214285714,7.772400000000001,17197.76088888889,18404.910957082877,7.0,6.0,9.0,13.0,12.0,8.0,7.0,7.0,8.0,8.0,6.0,8.0,5.0,7.0,9.0,6.0,11.0,12.0,3.0,13.0,7.0,6.0,9.0,9.0,6.0,9.0,9.0,8.0,8.0,13.0,8.0,11.0,7.0,9.0,10.0,11.0,9.0,11.0,7.0,13.0,12.0,7.0,9.0,6.0,10.0,13.0,7.0,4.0,10.0,9.0,8.64,2.447489342496235
2020-02-22,25.238095238571425,73.1306575,1.6256000000000002,14505.644444444446,16095.408962928701,3.0,6.0,9.0,8.0,7.0,6.0,6.0,10.0,5.0,5.0,6.0,7.0,2.0,5.0,11.0,8.0,4.0,6.0,7.0,5.0,7.0,4.0,8.0,8.0,4.0,10.0,6.0,4.0,9.0,5.0,7.0,3.0,10.0,10.0,9.0,8.0,4.0,9.0,5.0,5.0,10.0,6.0,5.0,4.0,4.0,6.0,7.0,7.0,6.0,7.0,6.46,2.1590814373388567
2020-02-29,24.722222221428574,78.53661035714286,11.049,12136.952,14853.957523039004,9.0,4.0,5.0,7.0,8.0,7.0,3.0,5.0,3.0,7.0,7.0,4.0,3.0,7.0,4.0,10.0,13.0,6.0,5.0,6.0,8.0,8.0,6.0,5.0,5.0,4.0,2.0,5.0,9.0,5.0,8.0,7.0,3.0,7.0,3.0,8.0,4.0,4.0,4.0,2.0,4.0,7.0,7.0,9.0,6.0,7.0,4.0,4.0,8.0,3.0,5.78,2.28830210649998
2020-03-07,25.515873015714284,75.53168557142858,4.4196,11095.183555555555,14676.727571444797,5.0,8.0,4.0,1.0,6.0,4.0,2.0,6.0,4.0,8.0,5.0,5.0,3.0,9.0,9.0,4.0,7.0,5.0,6.0,6.0,3.0,5.0,5.0,5.0,5.0,4.0,3.0,4.0,7.0,3.0,5.0,4.0,3.0,5.0,7.0,7.0,6.0,5.0,6.0,7.0,11.0,6.0,4.0,3.0,4.0,4.0,6.0,8.0,7.0,5.0,5.28,1.9276717478209144
2020-03-14,25.158730158571426,77.503146,2.6416000000000004,11557.934666666668,15117.359641665862,5.0,6.0,7.0,6.0,8.0,7.0,6.0,7.0,5.0,7.0,7.0,6.0,4.0,6.0,6.0,6.0,9.0,5.0,3.0,5.0,9.0,5.0,3.0,4.0,5.0,8.0,4.0,3.0,10.0,5.0,7.0,5.0,0.0,6.0,10.0,2.0,12.0,8.0,2.0,4.0,5.0,6.0,9.0,7.0,3.0,8.0,5.0,5.0,5.0,10.0,5.92,2.3285276069496215
2020-03-21,25.436507935714282,72.22660678571428,3.0225999999999997,12955.308444444445,15602.712113696349,5.0,7.0,6.0,5.0,8.0,10.0,9.0,9.0,3.0,6.0,10.0,9.0,3.0,3.0,8.0,9.0,8.0,4.0,13.0,6.0,6.0,4.0,6.0,5.0,5.0,5.0,9.0,4.0,3.0,6.0,5.0,8.0,9.0,6.0,3.0,5.0,7.0,5.0,5.0,5.0,3.0,5.0,8.0,6.0,6.0,7.0,5.0,8.0,7.0,4.0,6.22,2.2249971336830883
2020-03-28,25.23809524,76.82415071428571,6.553454,14336.773333333333,16065.523783584482,6.0,9.0,5.0,11.0,7.0,9.0,6.0,5.0,7.0,4.0,5.0,4.0,7.0,9.0,11.0,6.0,11.0,10.0,7.0,6.0,10.0,12.0,9.0,8.0,7.0,6.0,7.0,5.0,6.0,10.0,9.0,4.0,6.0,11.0,11.0,5.0,8.0,6.0,8.0,12.0,5.0,7.0,8.0,3.0,6.0,5.0,7.0,8.0,7.0,8.0,7.38,2.2847319317591723
2020-04-04,26.428571428571427,73.9843665,0.0,14921.350222222223,16698.902718495294,10.0,5.0,6.0,7.0,5.0,11.0,7.0,3.0,9.0,7.0,7.0,7.0,9.0,6.0,4.0,9.0,11.0,7.0,4.0,4.0,6.0,2.0,7.0,8.0,4.0,6.0,5.0,9.0,10.0,10.0,8.0,9.0,13.0,3.0,6.0,8.0,6.0,5.0,7.0,10.0,4.0,13.0,5.0,9.0,5.0,11.0,6.0,7.0,10.0,8.0,7.16,2.57428412874535
2020-04-11,26.904761904285717,78.17712178571428,10.16,14651.916444444445,17673.542743771977,5.0,4.0,3.0,7.0,11.0,8.0,5.0,10.0,17.0,5.0,7.0,13.0,4.0,7.0,2.0,7.0,6.0,6.0,8.0,8.0,11.0,9.0,4.0,8.0,8.0,6.0,5.0,4.0,2.0,6.0,6.0,7.0,4.0,6.0,3.0,6.0,3.0,5.0,4.0,8.0,6.0,7.0,6.0,7.0,9.0,4.0,10.0,5.0,7.0,11.0,6.6,2.8642768079662035
2020-04-18,27.301587302857143,76.47467957142858,3.3528000000000002,14160.272444444443,18616.44135624223,9.0,7.0,10.0,11.0,7.0,5.0,8.0,6.0,8.0,3.0,7.0,7.0,7.0,7.0,4.0,5.0,8.0,9.0,10.0,10.0,4.0,9.0,4.0,5.0,3.0,5.0,3.0,1.0,9.0,11.0,4.0,10.0,6.0,5.0,11.0,7.0,5.0,7.0,13.0,11.0,6.0,5.0,3.0,6.0,7.0,9.0,4.0,9.0,3.0,3.0,6.72,2.740773017725816
2020-04-25,27.53968253857143,74.73964885714285,0.5588,14071.666222222222,19049.467330875683,3.0,4.0,5.0,8.0,6.0,9.0,8.0,5.0,7.0,9.0,4.0,9.0,9.0,7.0,6.0,7.0,8.0,8.0,6.0,6.0,10.0,5.0,6.0,9.0,5.0,3.0,3.0,3.0,4.0,6.0,5.0,4.0,5.0,7.0,7.0,4.0,6.0,5.0,5.0,5.0,5.0,6.0,6.0,8.0,7.0,7.0,1.0,9.0,7.0,4.0,6.02,1.9845320221500018
2020-05-02,27.5,70.98732121428571,3.8608,14257.761333333332,18743.084860488765,3.0,4.0,7.0,11.0,11.0,5.0,12.0,6.0,9.0,4.0,6.0,5.0,7.0,5.0,4.0,6.0,10.0,2.0,7.0,11.0,2.0,3.0,9.0,10.0,7.0,7.0,10.0,4.0,10.0,10.0,7.0,10.0,6.0,7.0,10.0,4.0,7.0,11.0,10.0,3.0,8.0,9.0,2.0,7.0,10.0,10.0,7.0,9.0,6.0,7.0,7.14,2.784871667434899
2020-05-09,28.333333334285715,73.18441578571428,4.4958,14086.147111111111,18071.038904889047,8.0,6.0,11.0,5.0,5.0,8.0,4.0,11.0,4.0,3.0,8.0,8.0,8.0,8.0,3.0,4.0,9.0,6.0,4.0,6.0,8.0,11.0,8.0,7.0,4.0,5.0,9.0,5.0,6.0,7.0,7.0,2.0,2.0,10.0,8.0,5.0,7.0,5.0,9.0,9.0,5.0,6.0,6.0,13.0,3.0,8.0,3.0,5.0,9.0,7.0,6.56,2.5165574152976915
2020-05-16,28.05555555714286,71.48999235714287,3.175,13384.474222222223,17760.3327709561,6.0,3.0,7.0,1.0,9.0,5.0,6.0,9.0,6.0,9.0,7.0,2.0,4.0,10.0,9.0,1.0,5.0,10.0,8.0,1.0,7.0,8.0,5.0,9.0,7.0,4.0,8.0,8.0,5.0,12.0,6.0,9.0,9.0,12.0,0.0,6.0,7.0,4.0,7.0,9.0,6.0,10.0,3.0,6.0,7.0,7.0,5.0,3.0,7.0,7.0,6.42,2.7854578636561858
2020-05-23,29.08730158571429,76.5233507857143,2.2098,12469.303555555554,18233.455045531227,5.0,7.0,7.0,8.0,3.0,8.0,5.0,6.0,8.0,2.0,6.0,5.0,7.0,9.0,4.0,2.0,6.0,8.0,13.0,4.0,4.0,7.0,5.0,6.0,1.0,6.0,7.0,6.0,4.0,4.0,9.0,9.0,8.0,5.0,4.0,9.0,2.0,8.0,5.0,9.0,10.0,10.0,5.0,7.0,5.0,6.0,11.0,7.0,6.0,5.0,6.26,2.4479062273623113
2020-05-30,28.968253970000003,78.0420397142857,4.2418,11597.445333333333,19310.51315554441,1.0,9.0,4.0,11.0,6.0,10.0,9.0,3.0,5.0,10.0,5.0,8.0,5.0,6.0,7.0,7.0,4.0,6.0,5.0,3.0,5.0,10.0,3.0,5.0,3.0,7.0,5.0,6.0,3.0,3.0,6.0,6.0,5.0,9.0,7.0,9.0,6.0,4.0,5.0,5.0,9.0,6.0,8.0,5.0,5.0,8.0,6.0,12.0,2.0,11.0,6.16,2.5262701392223534
2020-06-06,28.571428572857144,71.59332864285714,0.127,11033.534222222223,20320.00371650017,4.0,3.0,3.0,4.0,2.0,9.0,6.0,4.0,5.0,6.0,7.0,4.0,11.0,9.0,8.0,9.0,8.0,10.0,5.0,1.0,7.0,3.0,4.0,4.0,2.0,3.0,9.0,7.0,4.0,9.0,4.0,4.0,5.0,4.0,5.0,3.0,6.0,10.0,4.0,7.0,7.0,5.0,6.0,5.0,5.0,6.0,4.0,6.0,13.0,5.0,5.68,2.5430176514350435
2020-06-13,28.095238097142857,77.03518871428571,4.267200000000001,11066.987111111112,20800.221942238026,5.0,3.0,5.0,5.0,6.0,7.0,6.0,3.0,5.0,9.0,5.0,2.0,7.0,6.0,6.0,7.0,3.0,8.0,7.0,11.0,2.0,9.0,7.0,6.0,5.0,5.0,7.0,4.0,4.0,4.0,4.0,9.0,4.0,5.0,4.0,4.0,4.0,6.0,5.0,3.0,3.0,6.0,8.0,5.0,7.0,3.0,10.0,5.0,9.0,2.0,5.5,2.1404748662530997
2020-06-20,29.285714285714285,72.18355107142857,2.2098,11741.865777777777,20756.586542396068,5.0,7.0,2.0,1.0,3.0,7.0,4.0,9.0,4.0,4.0,4.0,5.0,6.0,2.0,5.0,5.0,4.0,6.0,11.0,8.0,1.0,5.0,12.0,4.0,4.0,3.0,9.0,10.0,5.0,8.0,4.0,4.0,4.0,7.0,4.0,5.0,5.0,8.0,8.0,13.0,6.0,11.0,3.0,6.0,0.0,4.0,6.0,5.0,11.0,7.0,5.68,2.8957393049874116
2020-06-27,28.968253968571428,73.86908435714285,0.6604,12888.864000000001,20325.26951856221,7.0,6.0,9.0,6.0,3.0,7.0,3.0,11.0,7.0,7.0,9.0,2.0,6.0,7.0,13.0,3.0,6.0,6.0,6.0,8.0,9.0,6.0,4.0,5.0,6.0,6.0,8.0,3.0,7.0,7.0,9.0,7.0,10.0,5.0,7.0,3.0,6.0,5.0,7.0,8.0,4.0,7.0,6.0,9.0,3.0,9.0,2.0,8.0,6.0,15.0,6.58,2.6036865543819574
2020-07-04,29.166666665714285,73.17495764285715,5.0038,14388.420444444444,19745.016286686772,6.0,8.0,6.0,6.0,4.0,10.0,9.0,4.0,9.0,7.0,6.0,5.0,3.0,6.0,5.0,11.0,7.0,7.0,6.0,5.0,8.0,7.0,9.0,5.0,10.0,6.0,2.0,4.0,7.0,7.0,7.0,3.0,9.0,5.0,5.0,6.0,6.0,8.0,9.0,8.0,5.0,9.0,7.0,7.0,9.0,4.0,1.0,7.0,9.0,7.0,6.52,2.1403795200374907
2020-07-11,28.928571427142856,73.69102157142856,2.5654000000000003,16229.247555555556,19104.18635578199,7.0,12.0,10.0,11.0,5.0,6.0,7.0,13.0,9.0,12.0,11.0,13.0,8.0,8.0,8.0,8.0,10.0,6.0,8.0,4.0,9.0,6.0,5.0,3.0,7.0,6.0,3.0,12.0,7.0,6.0,10.0,15.0,6.0,14.0,5.0,7.0,5.0,9.0,9.0,5.0,9.0,5.0,12.0,6.0,7.0,10.0,14.0,9.0,7.0,10.0,8.28,2.9626243192721646
2020-07-18,28.650793651428568,72.65990507142858,6.7056,18394.642222222225,18630.348654518417,5.0,11.0,8.0,8.0,9.0,13.0,12.0,10.0,11.0,8.0,10.0,15.0,9.0,13.0,15.0,7.0,9.0,18.0,11.0,6.0,11.0,8.0,10.0,4.0,8.0,5.0,10.0,14.0,12.0,2.0,10.0,18.0,12.0,9.0,13.0,10.0,12.0,6.0,11.0,13.0,7.0,8.0,6.0,8.0,4.0,6.0,7.0,6.0,8.0,8.0,9.48,3.412103307285967
2020-07-25,28.45238095428571,74.02884364285715,5.6388,20839.027555555556,18417.215395712203,9.0,10.0,10.0,9.0,12.0,6.0,10.0,9.0,10.0,12.0,6.0,9.0,8.0,6.0,17.0,8.0,4.0,5.0,10.0,12.0,11.0,4.0,8.0,16.0,7.0,13.0,11.0,4.0,7.0,13.0,13.0,12.0,13.0,9.0,11.0,15.0,8.0,9.0,11.0,12.0,14.0,7.0,10.0,8.0,23.0,11.0,17.0,13.0,7.0,13.0,10.24,3.6787309258071317
2020-08-01,28.253968254285716,78.50849219142857,10.0076,23346.578666666665,18414.326232271684,8.0,17.0,15.0,11.0,8.0,17.0,16.0,14.0,6.0,7.0,12.0,10.0,13.0,10.0,14.0,5.0,14.0,2.0,12.0,10.0,10.0,9.0,9.0,9.0,6.0,5.0,9.0,15.0,8.0,9.0,9.0,10.0,15.0,12.0,15.0,12.0,6.0,20.0,12.0,7.0,14.0,14.0,13.0,9.0,10.0,11.0,8.0,9.0,17.0,9.0,10.84,3.7052637681866503
2020-08-08,29.484126984285716,69.07066199714286,0.2794,25381.48888888889,18365.758330439818,11.0,7.0,15.0,14.0,11.0,11.0,12.0,8.0,19.0,13.0,14.0,10.0,15.0,17.0,11.0,13.0,10.0,11.0,9.0,14.0,7.0,12.0,14.0,10.0,12.0,14.0,15.0,11.0,14.0,5.0,17.0,15.0,9.0,13.0,11.0,9.0,11.0,11.0,11.0,14.0,14.0,12.0,14.0,16.0,18.0,11.0,13.0,14.0,15.0,11.0,12.36,2.855428056834054
2020-08-15,28.531746031428572,71.4743035,1.9304,26483.978222222224,18298.906546408012,15.0,18.0,4.0,6.0,15.0,17.0,12.0,9.0,14.0,8.0,6.0,15.0,17.0,12.0,11.0,18.0,14.0,9.0,9.0,15.0,11.0,8.0,15.0,9.0,17.0,15.0,12.0,12.0,15.0,14.0,14.0,9.0,11.0,12.0,7.0,11.0,12.0,9.0,8.0,7.0,18.0,13.0,11.0,12.0,15.0,15.0,6.0,12.0,7.0,9.0,11.8,3.619674131234265
2020-08-22,28.888888888571426,73.15790728571427,8.3566,26661.19777777778,18611.41679460417,4.0,14.0,10.0,14.0,13.0,16.0,8.0,15.0,9.0,17.0,12.0,16.0,15.0,10.0,8.0,17.0,9.0,17.0,20.0,18.0,10.0,17.0,17.0,8.0,15.0,9.0,10.0,9.0,17.0,12.0,8.0,12.0,12.0,12.0,10.0,11.0,6.0,12.0,18.0,18.0,21.0,13.0,17.0,7.0,9.0,7.0,16.0,10.0,8.0,9.0,12.44,4.071604006245385
2020-08-29,28.452380952857144,75.15850428571427,0.9400540000000002,26279.890666666666,19612.65174932678,11.0,18.0,16.0,14.0,11.0,9.0,19.0,17.0,8.0,10.0,9.0,14.0,17.0,9.0,12.0,11.0,9.0,8.0,7.0,9.0,14.0,15.0,14.0,14.0,12.0,9.0,17.0,14.0,14.0,10.0,18.0,11.0,11.0,15.0,10.0,12.0,21.0,10.0,19.0,16.0,14.0,18.0,23.0,11.0,18.0,18.0,11.0,8.0,9.0,16.0,13.2,3.8861344310672696
2020-09-05,29.08730158571429,76.58794150000001,4.5212,26028.330666666665,21084.280005571894,16.0,13.0,10.0,8.0,12.0,14.0,10.0,17.0,16.0,10.0,5.0,9.0,12.0,13.0,12.0,9.0,9.0,17.0,14.0,8.0,8.0,9.0,10.0,10.0,19.0,10.0,10.0,12.0,15.0,12.0,15.0,13.0,13.0,15.0,13.0,12.0,11.0,8.0,15.0,8.0,15.0,9.0,14.0,17.0,11.0,15.0,10.0,9.0,10.0,10.0,11.84,3.032881030792137
2020-09-12,28.214285715714286,77.59802657142858,7.5692,26504.575555555555,22419.84306647203,16.0,13.0,10.0,13.0,17.0,13.0,7.0,15.0,18.0,8.0,16.0,9.0,11.0,14.0,16.0,9.0,13.0,10.0,9.0,10.0,11.0,19.0,15.0,18.0,8.0,15.0,13.0,10.0,9.0,2.0,18.0,7.0,15.0,20.0,12.0,17.0,20.0,6.0,10.0,14.0,10.0,15.0,20.0,14.0,11.0,16.0,12.0,12.0,16.0,12.0,12.88,3.9981628434130823
2020-09-19,29.04761904571429,77.46153442857143,4.6482,27605.22311111111,23257.355358913985,7.0,11.0,15.0,8.0,12.0,14.0,8.0,17.0,22.0,15.0,12.0,17.0,9.0,7.0,11.0,14.0,13.0,7.0,14.0,13.0,15.0,13.0,8.0,11.0,17.0,12.0,17.0,13.0,11.0,19.0,14.0,19.0,15.0,20.0,11.0,19.0,15.0,16.0,8.0,13.0,13.0,11.0,15.0,12.0,11.0,10.0,14.0,14.0,11.0,6.0,12.98,3.6672293940482414
2020-09-26,28.928571427142856,76.09474328571427,2.3368,28745.890666666666,23489.472937021983,17.0,11.0,14.0,14.0,16.0,14.0,9.0,18.0,18.0,14.0,14.0,17.0,18.0,15.0,12.0,11.0,13.0,16.0,15.0,12.0,15.0,16.0,15.0,10.0,12.0,18.0,6.0,17.0,11.0,13.0,17.0,6.0,14.0,13.0,16.0,15.0,12.0,15.0,14.0,13.0,17.0,14.0,12.0,11.0,22.0,15.0,14.0,18.0,10.0,16.0,14.1,3.065609104839276
2020-10-03,28.015873015714284,78.66523907142857,10.2108,29178.19022222222,23503.03067467652,16.0,13.0,12.0,16.0,15.0,21.0,12.0,9.0,11.0,16.0,7.0,20.0,17.0,14.0,15.0,14.0,11.0,17.0,16.0,19.0,11.0,14.0,16.0,16.0,15.0,19.0,19.0,13.0,14.0,7.0,14.0,19.0,7.0,13.0,14.0,13.0,9.0,13.0,16.0,11.0,15.0,8.0,21.0,12.0,10.0,12.0,16.0,14.0,17.0,18.0,14.14,3.55142972072157
2020-10-10,27.817460318571428,80.44849157142858,10.6426,28487.928888888888,23652.502830559675,12.0,9.0,19.0,7.0,30.0,14.0,16.0,12.0,21.0,12.0,16.0,28.0,16.0,16.0,9.0,15.0,11.0,17.0,8.0,13.0,8.0,15.0,12.0,16.0,13.0,17.0,15.0,20.0,11.0,11.0,11.0,16.0,13.0,16.0,11.0,14.0,14.0,17.0,15.0,16.0,11.0,9.0,18.0,11.0,13.0,7.0,15.0,13.0,15.0,11.0,14.1,4.473276660528907
2020-10-17,27.976190475714283,82.40100621428572,6.2992,27346.168888888893,24284.687722198218,7.0,18.0,16.0,10.0,14.0,14.0,10.0,11.0,13.0,14.0,10.0,13.0,11.0,11.0,10.0,11.0,14.0,13.0,8.0,11.0,12.0,18.0,11.0,12.0,12.0,12.0,13.0,13.0,14.0,20.0,9.0,15.0,11.0,15.0,16.0,19.0,7.0,10.0,7.0,14.0,8.0,12.0,5.0,10.0,17.0,13.0,14.0,6.0,13.0,14.0,12.22,3.284409678888356
2020-10-24,28.214285715714286,78.97766714285714,7.3660000000000005,26736.255555555552,25042.94759961864,9.0,15.0,16.0,13.0,17.0,18.0,8.0,11.0,13.0,13.0,12.0,19.0,14.0,6.0,14.0,9.0,14.0,11.0,15.0,13.0,8.0,15.0,14.0,18.0,10.0,18.0,12.0,14.0,17.0,14.0,9.0,19.0,12.0,11.0,11.0,10.0,9.0,16.0,10.0,13.0,10.0,10.0,14.0,13.0,12.0,18.0,12.0,16.0,10.0,12.0,12.94,3.158467724601114
2020-10-31,28.134920632857142,75.26276635714285,3.9116,26677.904888888886,25481.391041160594,12.0,13.0,15.0,20.0,14.0,12.0,15.0,6.0,14.0,7.0,11.0,9.0,5.0,11.0,12.0,17.0,9.0,13.0,16.0,9.0,12.0,19.0,13.0,20.0,11.0,8.0,11.0,11.0,10.0,11.0,7.0,10.0,13.0,11.0,7.0,11.0,11.0,15.0,9.0,14.0,10.0,16.0,8.0,15.0,13.0,17.0,17.0,16.0,16.0,16.0,12.36,3.5786213284231256
2020-11-07,27.50000000142857,79.76390934857143,11.7856,26522.706666666665,25031.5368487885,10.0,14.0,13.0,12.0,13.0,16.0,22.0,13.0,22.0,11.0,13.0,13.0,8.0,11.0,13.0,13.0,13.0,9.0,11.0,15.0,16.0,8.0,10.0,19.0,8.0,10.0,19.0,17.0,6.0,12.0,9.0,17.0,9.0,13.0,13.0,11.0,5.0,11.0,16.0,16.0,13.0,17.0,14.0,20.0,14.0,12.0,15.0,12.0,14.0,17.0,13.16,3.7272301911686623
2020-11-14,26.62698412857143,87.17670292857143,27.737054,25998.704444444447,23738.586514320876,8.0,17.0,13.0,14.0,13.0,7.0,10.0,13.0,12.0,15.0,13.0,16.0,9.0,12.0,12.0,15.0,15.0,10.0,16.0,12.0,10.0,17.0,16.0,15.0,12.0,11.0,10.0,13.0,10.0,13.0,12.0,7.0,7.0,15.0,11.0,15.0,9.0,13.0,11.0,11.0,15.0,16.0,11.0,14.0,10.0,13.0,12.0,12.0,10.0,16.0,12.38,2.6487578914175867
2020-11-21,26.825396825714286,76.66151985714285,8.077200000000001,25490.31866666667,22009.407156984693,20.0,8.0,12.0,17.0,15.0,10.0,10.0,9.0,16.0,11.0,18.0,13.0,11.0,11.0,17.0,7.0,10.0,21.0,12.0,19.0,12.0,14.0,14.0,7.0,7.0,6.0,15.0,15.0,8.0,8.0,9.0,8.0,9.0,6.0,17.0,8.0,18.0,9.0,21.0,10.0,12.0,12.0,9.0,14.0,16.0,11.0,4.0,9.0,13.0,17.0,12.1,4.248649245132301
2020-11-28,26.547619048571427,78.31320064285715,3.4798000000000004,25463.61288888889,20610.54272565201,9.0,12.0,13.0,13.0,8.0,13.0,11.0,11.0,7.0,12.0,14.0,10.0,13.0,19.0,8.0,13.0,10.0,21.0,15.0,14.0,11.0,8.0,15.0,12.0,17.0,8.0,7.0,21.0,17.0,15.0,17.0,11.0,11.0,8.0,15.0,10.0,15.0,10.0,14.0,13.0,15.0,12.0,15.0,11.0,16.0,22.0,18.0,12.0,8.0,15.0,12.9,3.682556787042926
2020-12-05,25.357142858571425,74.64750814285715,2.2352,25942.24888888889,19989.427001759002,15.0,16.0,13.0,6.0,7.0,8.0,10.0,19.0,17.0,10.0,13.0,12.0,15.0,12.0,15.0,10.0,19.0,16.0,12.0,15.0,15.0,13.0,11.0,10.0,9.0,12.0,15.0,6.0,17.0,19.0,12.0,12.0,17.0,4.0,7.0,16.0,13.0,17.0,7.0,10.0,17.0,12.0,12.0,16.0,11.0,19.0,11.0,13.0,11.0,15.0,12.78,3.7323188611950955
2020-12-12,25.793650794285714,79.63518735714285,0.4826,26494.319555555558,20008.120606577293,7.0,19.0,10.0,18.0,17.0,21.0,11.0,14.0,8.0,9.0,14.0,20.0,10.0,12.0,13.0,10.0,21.0,11.0,9.0,19.0,10.0,19.0,12.0,9.0,10.0,16.0,10.0,15.0,16.0,15.0,17.0,9.0,18.0,9.0,12.0,10.0,11.0,14.0,11.0,17.0,11.0,13.0,12.0,14.0,16.0,12.0,11.0,13.0,9.0,9.0,13.06,3.7438929864350494
2020-12-19,25.79365079285714,81.33590592857142,4.9276,26658.256,20089.917796672074,11.0,11.0,7.0,16.0,12.0,12.0,13.0,7.0,7.0,10.0,18.0,8.0,14.0,15.0,13.0,12.0,12.0,8.0,14.0,10.0,12.0,14.0,21.0,10.0,17.0,12.0,11.0,16.0,13.0,16.0,11.0,7.0,18.0,14.0,13.0,11.0,15.0,15.0,9.0,15.0,10.0,11.0,8.0,10.0,13.0,14.0,8.0,14.0,19.0,17.0,12.48,3.3578418725151913
