Datetime,MoLS,Neural Network,mols_run_0,mols_run_1,mols_run_2,mols_run_3,mols_run_4,mols_run_5,mols_run_6,mols_run_7,mols_run_8,mols_run_9,mols_run_10,mols_run_11,mols_run_12,mols_run_13,mols_run_14,mols_run_15,mols_run_16,mols_run_17,mols_run_18,mols_run_19,mols_run_20,mols_run_21,mols_run_22,mols_run_23,mols_run_24,mols_run_25,mols_run_26,mols_run_27,mols_run_28,mols_run_29,mols_run_30,mols_run_31,mols_run_32,mols_run_33,mols_run_34,mols_run_35,mols_run_36,mols_run_37,mols_run_38,mols_run_39,mols_run_40,mols_run_41,mols_run_42,mols_run_43,mols_run_44,mols_run_45,mols_run_46,mols_run_47,mols_run_48,mols_run_49,weekly_mean,weekly_var
2013-08-31,12895.0,13722.392366,7.0,5.0,6.0,8.0,3.0,5.0,7.0,6.0,8.0,7.0,6.0,7.0,8.0,7.0,4.0,11.0,9.0,5.0,5.0,7.0,9.0,7.0,8.0,6.0,6.0,5.0,2.0,3.0,4.0,10.0,5.0,4.0,3.0,10.0,8.0,8.0,3.0,6.0,3.0,3.0,4.0,8.0,6.0,6.0,6.0,2.0,8.0,4.0,3.0,6.0,5.94,4.792244897959184
2013-09-07,14498.2,13874.600951,4.0,7.0,7.0,10.0,10.0,7.0,2.0,8.0,8.0,9.0,5.0,6.0,11.0,6.0,11.0,10.0,8.0,5.0,9.0,11.0,11.0,12.0,3.0,9.0,11.0,4.0,6.0,9.0,8.0,11.0,5.0,5.0,10.0,6.0,7.0,12.0,6.0,8.0,3.0,8.0,12.0,10.0,9.0,13.0,7.0,4.0,11.0,6.0,4.0,6.0,7.8,7.714285714285715
2013-09-14,18714.7,16266.473061,4.0,10.0,12.0,4.0,12.0,14.0,7.0,9.0,9.0,10.0,11.0,6.0,16.0,10.0,7.0,9.0,10.0,7.0,7.0,10.0,13.0,6.0,9.0,6.0,5.0,6.0,12.0,13.0,13.0,9.0,7.0,3.0,8.0,4.0,10.0,8.0,8.0,3.0,10.0,8.0,11.0,6.0,12.0,11.0,7.0,7.0,13.0,8.0,8.0,7.0,8.7,8.867346938775512
2013-09-21,23231.8,19811.504524,8.0,10.0,12.0,11.0,7.0,17.0,10.0,11.0,20.0,12.0,11.0,13.0,13.0,15.0,16.0,19.0,10.0,10.0,7.0,13.0,12.0,13.0,11.0,14.0,14.0,13.0,18.0,14.0,19.0,15.0,13.0,10.0,10.0,10.0,13.0,11.0,10.0,12.0,21.0,8.0,9.0,13.0,8.0,7.0,12.0,18.0,8.0,16.0,15.0,13.0,12.5,12.091836734693878
2013-09-28,24059.5,22074.811694,11.0,15.0,13.0,13.0,8.0,10.0,9.0,7.0,13.0,9.0,6.0,11.0,9.0,12.0,8.0,8.0,11.0,13.0,10.0,22.0,12.0,14.0,10.0,12.0,13.0,5.0,15.0,11.0,15.0,16.0,17.0,16.0,14.0,9.0,8.0,18.0,15.0,10.0,12.0,11.0,13.0,10.0,10.0,12.0,15.0,13.0,14.0,15.0,11.0,18.0,12.04,11.059591836734693
2013-10-05,22246.6,24835.97915,14.0,13.0,10.0,17.0,13.0,7.0,8.0,11.0,12.0,9.0,11.0,21.0,8.0,10.0,11.0,10.0,9.0,9.0,12.0,11.0,6.0,8.0,16.0,6.0,10.0,11.0,11.0,7.0,10.0,9.0,12.0,7.0,7.0,9.0,14.0,16.0,12.0,8.0,5.0,12.0,11.0,5.0,16.0,11.0,5.0,12.0,5.0,8.0,6.0,8.0,10.18,11.66081632653061
2013-10-12,21620.4,25293.544239,10.0,11.0,11.0,8.0,13.0,15.0,11.0,10.0,13.0,10.0,6.0,15.0,7.0,12.0,3.0,8.0,13.0,8.0,14.0,9.0,14.0,6.0,8.0,9.0,8.0,8.0,13.0,12.0,5.0,15.0,15.0,13.0,5.0,9.0,13.0,9.0,9.0,9.0,13.0,6.0,14.0,11.0,7.0,13.0,3.0,8.0,10.0,17.0,11.0,7.0,10.14,10.98
2013-10-19,22566.8,26095.256918,10.0,9.0,13.0,15.0,9.0,12.0,10.0,8.0,11.0,13.0,8.0,11.0,18.0,12.0,8.0,8.0,7.0,15.0,12.0,8.0,12.0,11.0,12.0,12.0,16.0,7.0,10.0,13.0,10.0,13.0,9.0,12.0,5.0,10.0,13.0,10.0,13.0,6.0,15.0,11.0,14.0,9.0,12.0,12.0,11.0,8.0,15.0,7.0,14.0,10.0,10.98,7.65265306122449
2013-10-26,23688.8,27496.529858,16.0,15.0,6.0,13.0,18.0,9.0,15.0,6.0,8.0,8.0,11.0,15.0,7.0,6.0,15.0,14.0,12.0,10.0,12.0,8.0,6.0,20.0,16.0,6.0,9.0,15.0,10.0,16.0,14.0,7.0,8.0,19.0,5.0,10.0,16.0,6.0,11.0,12.0,15.0,13.0,14.0,10.0,15.0,4.0,13.0,14.0,9.0,12.0,8.0,10.0,11.34,15.943265306122452
2013-11-02,24281.4,28873.939116999998,11.0,8.0,12.0,6.0,10.0,9.0,7.0,10.0,14.0,7.0,16.0,15.0,7.0,5.0,14.0,11.0,13.0,9.0,16.0,19.0,12.0,4.0,18.0,9.0,16.0,6.0,11.0,7.0,13.0,12.0,8.0,13.0,13.0,6.0,15.0,16.0,7.0,9.0,8.0,14.0,8.0,10.0,8.0,9.0,10.0,16.0,14.0,15.0,9.0,7.0,10.84,13.647346938775508
2013-11-09,23756.9,28284.638397,12.0,12.0,14.0,5.0,15.0,11.0,18.0,7.0,11.0,13.0,11.0,12.0,13.0,13.0,13.0,10.0,10.0,13.0,16.0,12.0,10.0,17.0,14.0,6.0,16.0,10.0,9.0,8.0,12.0,13.0,5.0,17.0,15.0,14.0,7.0,16.0,13.0,12.0,15.0,17.0,8.0,12.0,5.0,10.0,15.0,10.0,14.0,17.0,15.0,11.0,12.08,11.299591836734693
2013-11-16,22094.8,25425.680953,7.0,10.0,10.0,17.0,10.0,10.0,16.0,15.0,6.0,14.0,9.0,11.0,13.0,7.0,14.0,10.0,9.0,10.0,11.0,14.0,14.0,8.0,17.0,15.0,4.0,9.0,13.0,8.0,10.0,8.0,13.0,6.0,12.0,14.0,7.0,14.0,6.0,17.0,8.0,10.0,7.0,13.0,12.0,8.0,12.0,11.0,11.0,5.0,5.0,8.0,10.56,11.475918367346935
2013-11-23,20020.0,23880.945061,6.0,11.0,12.0,6.0,5.0,12.0,7.0,18.0,6.0,12.0,16.0,7.0,7.0,5.0,9.0,7.0,8.0,11.0,7.0,9.0,15.0,6.0,8.0,8.0,8.0,11.0,7.0,12.0,10.0,7.0,9.0,5.0,6.0,16.0,8.0,9.0,9.0,10.0,12.0,8.0,9.0,18.0,10.0,8.0,15.0,9.0,11.0,10.0,11.0,7.0,9.46,10.661632653061224
2013-11-30,18594.4,23158.728936,11.0,10.0,8.0,7.0,12.0,12.0,14.0,12.0,11.0,6.0,10.0,14.0,7.0,8.0,11.0,10.0,6.0,8.0,7.0,11.0,6.0,8.0,9.0,9.0,7.0,4.0,11.0,5.0,9.0,8.0,5.0,8.0,4.0,12.0,14.0,4.0,6.0,11.0,14.0,10.0,9.0,16.0,10.0,13.0,17.0,8.0,8.0,10.0,9.0,7.0,9.32,9.405714285714286
2013-12-07,18083.9,22260.193359,8.0,5.0,10.0,8.0,14.0,8.0,9.0,9.0,6.0,8.0,6.0,7.0,6.0,14.0,11.0,6.0,6.0,5.0,12.0,10.0,10.0,5.0,8.0,10.0,12.0,6.0,6.0,8.0,4.0,6.0,6.0,6.0,9.0,10.0,8.0,5.0,10.0,6.0,8.0,5.0,9.0,5.0,4.0,14.0,7.0,6.0,7.0,10.0,7.0,6.0,7.82,6.5587755102040814
2013-12-14,17815.4,21602.043036,9.0,6.0,14.0,8.0,10.0,8.0,7.0,6.0,10.0,9.0,9.0,8.0,6.0,10.0,10.0,7.0,8.0,9.0,8.0,8.0,12.0,13.0,7.0,11.0,13.0,11.0,7.0,9.0,12.0,10.0,4.0,7.0,8.0,9.0,13.0,10.0,10.0,4.0,9.0,9.0,13.0,8.0,5.0,11.0,14.0,7.0,14.0,8.0,6.0,6.0,9.0,6.530612244897959
2013-12-21,17505.2,21855.541537,3.0,10.0,8.0,7.0,3.0,9.0,15.0,7.0,5.0,7.0,11.0,11.0,12.0,16.0,12.0,5.0,7.0,5.0,10.0,10.0,5.0,2.0,9.0,9.0,8.0,8.0,9.0,11.0,10.0,7.0,9.0,10.0,10.0,11.0,6.0,4.0,6.0,10.0,6.0,12.0,9.0,8.0,10.0,9.0,7.0,7.0,3.0,8.0,9.0,7.0,8.24,8.51265306122449
2013-12-28,16853.5,22247.265038,11.0,8.0,8.0,5.0,5.0,4.0,9.0,7.0,10.0,6.0,11.0,6.0,9.0,6.0,8.0,6.0,8.0,7.0,10.0,5.0,6.0,13.0,9.0,5.0,7.0,6.0,8.0,8.0,13.0,8.0,5.0,12.0,9.0,5.0,3.0,6.0,9.0,11.0,6.0,13.0,8.0,4.0,7.0,5.0,7.0,11.0,9.0,13.0,4.0,10.0,7.78,6.95061224489796
2014-01-04,15665.0,20898.546532,2.0,10.0,1.0,4.0,6.0,3.0,6.0,5.0,8.0,8.0,7.0,10.0,9.0,6.0,3.0,10.0,11.0,5.0,8.0,6.0,10.0,6.0,9.0,13.0,8.0,7.0,11.0,5.0,6.0,12.0,8.0,6.0,6.0,4.0,4.0,4.0,11.0,11.0,6.0,8.0,7.0,8.0,5.0,6.0,5.0,4.0,7.0,10.0,8.0,8.0,7.02,7.2444897959183665
2014-01-11,14595.7,18451.630624,8.0,6.0,9.0,6.0,7.0,9.0,10.0,7.0,4.0,5.0,6.0,8.0,8.0,4.0,17.0,7.0,7.0,5.0,13.0,7.0,12.0,7.0,11.0,5.0,4.0,4.0,6.0,2.0,3.0,12.0,10.0,10.0,7.0,4.0,6.0,11.0,4.0,5.0,13.0,8.0,8.0,5.0,6.0,6.0,5.0,8.0,9.0,4.0,6.0,13.0,7.34,9.494285714285713
2014-01-18,14314.8,18650.128597,9.0,7.0,5.0,13.0,8.0,2.0,7.0,12.0,11.0,10.0,9.0,5.0,9.0,8.0,7.0,9.0,8.0,7.0,13.0,10.0,6.0,10.0,2.0,11.0,6.0,11.0,2.0,8.0,11.0,6.0,6.0,8.0,5.0,3.0,6.0,9.0,7.0,9.0,3.0,9.0,13.0,7.0,3.0,7.0,8.0,6.0,10.0,8.0,9.0,4.0,7.64,8.194285714285714
2014-01-25,14176.8,19324.934348,6.0,4.0,5.0,5.0,3.0,4.0,9.0,7.0,11.0,12.0,10.0,3.0,10.0,9.0,2.0,10.0,5.0,2.0,4.0,7.0,10.0,9.0,5.0,4.0,9.0,3.0,5.0,6.0,5.0,8.0,8.0,7.0,8.0,7.0,6.0,10.0,6.0,5.0,13.0,9.0,4.0,9.0,3.0,5.0,6.0,9.0,7.0,9.0,5.0,4.0,6.64,7.337142857142858
2014-02-01,13537.7,18787.708395999998,9.0,7.0,8.0,9.0,7.0,5.0,4.0,6.0,2.0,6.0,6.0,4.0,6.0,4.0,6.0,12.0,7.0,7.0,9.0,11.0,5.0,5.0,4.0,9.0,5.0,9.0,5.0,10.0,5.0,3.0,8.0,7.0,11.0,3.0,7.0,7.0,4.0,4.0,5.0,8.0,8.0,9.0,7.0,6.0,5.0,10.0,3.0,8.0,7.0,4.0,6.52,5.438367346938775
2014-02-08,12783.2,15362.780772,6.0,5.0,10.0,3.0,4.0,5.0,6.0,5.0,7.0,6.0,7.0,6.0,7.0,7.0,8.0,2.0,3.0,5.0,5.0,4.0,4.0,4.0,7.0,6.0,2.0,8.0,3.0,3.0,7.0,11.0,4.0,4.0,4.0,12.0,5.0,8.0,9.0,6.0,5.0,6.0,8.0,5.0,11.0,4.0,4.0,8.0,5.0,4.0,3.0,7.0,5.76,5.328979591836735
2014-02-15,12103.1,15330.377609,7.0,9.0,2.0,9.0,4.0,7.0,5.0,4.0,4.0,4.0,6.0,8.0,7.0,6.0,2.0,5.0,7.0,3.0,5.0,3.0,7.0,7.0,5.0,3.0,7.0,5.0,2.0,7.0,7.0,2.0,9.0,5.0,4.0,4.0,5.0,8.0,4.0,14.0,5.0,4.0,2.0,6.0,10.0,3.0,3.0,10.0,6.0,10.0,5.0,5.0,5.62,6.444489795918368
2014-02-22,11092.5,15053.127689,8.0,8.0,9.0,4.0,5.0,7.0,6.0,9.0,12.0,13.0,5.0,6.0,6.0,8.0,10.0,0.0,6.0,1.0,6.0,4.0,5.0,5.0,6.0,3.0,5.0,6.0,11.0,2.0,3.0,4.0,4.0,5.0,7.0,5.0,5.0,4.0,8.0,8.0,3.0,4.0,9.0,8.0,5.0,3.0,4.0,4.0,7.0,3.0,3.0,7.0,5.78,7.154693877551021
2014-03-01,10166.0,13087.647083,10.0,5.0,2.0,3.0,3.0,8.0,2.0,5.0,4.0,1.0,7.0,6.0,6.0,7.0,5.0,8.0,1.0,7.0,4.0,3.0,4.0,4.0,3.0,9.0,6.0,5.0,6.0,3.0,3.0,2.0,2.0,5.0,3.0,5.0,5.0,5.0,2.0,6.0,6.0,6.0,5.0,8.0,5.0,3.0,8.0,3.0,6.0,6.0,5.0,2.0,4.76,4.512653061224491
2014-03-08,10107.2,13920.5311,4.0,6.0,3.0,1.0,5.0,2.0,7.0,6.0,7.0,7.0,5.0,7.0,4.0,3.0,6.0,7.0,4.0,7.0,8.0,3.0,4.0,4.0,4.0,4.0,7.0,7.0,4.0,4.0,5.0,6.0,7.0,8.0,8.0,10.0,7.0,9.0,4.0,3.0,4.0,9.0,3.0,6.0,1.0,10.0,4.0,6.0,6.0,4.0,4.0,8.0,5.44,4.700408163265306
2014-03-15,10460.7,15162.7842,6.0,4.0,6.0,4.0,3.0,3.0,7.0,6.0,4.0,6.0,2.0,5.0,5.0,6.0,6.0,2.0,1.0,6.0,4.0,4.0,2.0,6.0,8.0,6.0,6.0,7.0,6.0,6.0,9.0,5.0,4.0,6.0,6.0,3.0,6.0,5.0,8.0,7.0,2.0,9.0,5.0,2.0,5.0,4.0,11.0,11.0,1.0,5.0,5.0,3.0,5.18,5.048571428571428
2014-03-22,10289.6,16460.989197,7.0,4.0,6.0,4.0,5.0,3.0,5.0,4.0,9.0,8.0,3.0,5.0,13.0,8.0,7.0,3.0,6.0,3.0,5.0,7.0,6.0,4.0,3.0,4.0,4.0,9.0,1.0,9.0,3.0,4.0,4.0,4.0,3.0,1.0,3.0,1.0,6.0,2.0,6.0,5.0,2.0,4.0,5.0,6.0,4.0,7.0,4.0,5.0,3.0,2.0,4.78,5.562857142857144
2014-03-29,9650.2,16484.222783,7.0,5.0,2.0,4.0,2.0,4.0,3.0,3.0,3.0,2.0,6.0,5.0,7.0,1.0,8.0,7.0,3.0,4.0,3.0,8.0,5.0,5.0,9.0,5.0,6.0,6.0,6.0,2.0,5.0,3.0,10.0,4.0,6.0,5.0,6.0,2.0,4.0,12.0,1.0,4.0,3.0,7.0,6.0,6.0,6.0,3.0,6.0,7.0,4.0,3.0,4.88,5.25061224489796
2014-04-05,9346.1,15325.011883000001,6.0,2.0,3.0,9.0,6.0,3.0,2.0,2.0,2.0,4.0,3.0,7.0,3.0,4.0,6.0,5.0,7.0,8.0,6.0,2.0,6.0,4.0,2.0,2.0,4.0,2.0,2.0,2.0,6.0,1.0,3.0,2.0,3.0,3.0,5.0,1.0,6.0,9.0,5.0,3.0,10.0,4.0,5.0,4.0,7.0,1.0,7.0,2.0,5.0,3.0,4.18,5.171020408163265
2014-04-12,9534.1,15792.193354,2.0,4.0,6.0,3.0,2.0,3.0,3.0,4.0,6.0,5.0,4.0,5.0,4.0,3.0,4.0,6.0,5.0,5.0,3.0,4.0,7.0,3.0,4.0,5.0,4.0,1.0,5.0,3.0,3.0,1.0,3.0,2.0,3.0,10.0,2.0,5.0,4.0,5.0,5.0,9.0,6.0,6.0,1.0,5.0,4.0,2.0,5.0,3.0,2.0,5.0,4.08,3.340408163265306
2014-04-19,10115.6,18284.260309999998,3.0,3.0,5.0,3.0,7.0,8.0,4.0,3.0,5.0,3.0,1.0,5.0,3.0,4.0,5.0,7.0,6.0,4.0,7.0,4.0,3.0,5.0,6.0,10.0,9.0,2.0,8.0,11.0,2.0,4.0,5.0,3.0,4.0,7.0,4.0,5.0,4.0,5.0,6.0,2.0,5.0,8.0,8.0,4.0,4.0,8.0,8.0,5.0,2.0,4.0,5.02,4.9995918367346945
2014-04-26,11288.6,18858.455639,3.0,12.0,8.0,4.0,3.0,9.0,8.0,2.0,9.0,2.0,6.0,3.0,3.0,6.0,5.0,6.0,8.0,7.0,4.0,5.0,7.0,4.0,5.0,4.0,5.0,5.0,7.0,2.0,7.0,3.0,8.0,6.0,7.0,7.0,5.0,3.0,8.0,2.0,8.0,4.0,4.0,4.0,5.0,6.0,8.0,7.0,7.0,6.0,7.0,10.0,5.68,5.201632653061225
2014-05-03,12713.4,20475.271223,5.0,7.0,8.0,6.0,5.0,6.0,3.0,5.0,8.0,2.0,5.0,3.0,8.0,5.0,8.0,4.0,7.0,9.0,3.0,5.0,6.0,3.0,5.0,5.0,11.0,6.0,9.0,9.0,12.0,2.0,8.0,8.0,7.0,8.0,5.0,8.0,2.0,6.0,9.0,3.0,5.0,6.0,6.0,10.0,2.0,9.0,9.0,5.0,4.0,1.0,6.02,6.509795918367347
2014-05-10,13885.1,19644.474467,6.0,6.0,6.0,11.0,11.0,6.0,6.0,5.0,4.0,4.0,3.0,4.0,8.0,4.0,4.0,3.0,7.0,9.0,8.0,10.0,5.0,3.0,6.0,3.0,4.0,6.0,9.0,5.0,3.0,10.0,10.0,6.0,6.0,8.0,6.0,6.0,11.0,8.0,6.0,3.0,3.0,9.0,5.0,9.0,7.0,9.0,7.0,8.0,6.0,5.0,6.34,5.657551020408163
2014-05-17,14825.5,20125.274161,5.0,8.0,7.0,6.0,7.0,10.0,10.0,4.0,7.0,9.0,8.0,5.0,15.0,8.0,5.0,2.0,4.0,8.0,8.0,8.0,5.0,8.0,13.0,11.0,7.0,5.0,8.0,6.0,11.0,8.0,6.0,10.0,8.0,12.0,8.0,7.0,8.0,7.0,11.0,6.0,6.0,7.0,7.0,4.0,8.0,10.0,11.0,7.0,11.0,11.0,7.82,6.477142857142857
2014-05-24,15636.2,20887.540753,6.0,5.0,7.0,8.0,5.0,15.0,5.0,7.0,5.0,5.0,9.0,6.0,7.0,8.0,5.0,4.0,6.0,15.0,6.0,10.0,14.0,12.0,9.0,7.0,6.0,10.0,5.0,10.0,14.0,1.0,10.0,11.0,4.0,7.0,7.0,8.0,5.0,15.0,10.0,8.0,9.0,5.0,8.0,10.0,9.0,8.0,7.0,7.0,8.0,7.0,7.9,9.438775510204081
2014-05-31,16177.900000000001,19173.794089,6.0,10.0,10.0,9.0,13.0,9.0,8.0,13.0,10.0,5.0,12.0,6.0,13.0,8.0,7.0,6.0,9.0,5.0,7.0,5.0,10.0,5.0,4.0,3.0,11.0,8.0,5.0,8.0,7.0,8.0,13.0,8.0,6.0,7.0,4.0,4.0,14.0,7.0,9.0,5.0,5.0,4.0,9.0,8.0,6.0,6.0,8.0,11.0,3.0,6.0,7.66,8.065714285714286
2014-06-07,16384.7,18630.863584,10.0,13.0,15.0,11.0,8.0,14.0,8.0,4.0,5.0,10.0,6.0,8.0,9.0,7.0,9.0,7.0,3.0,9.0,3.0,4.0,4.0,9.0,8.0,8.0,13.0,6.0,10.0,10.0,8.0,8.0,13.0,5.0,11.0,12.0,9.0,7.0,9.0,6.0,11.0,7.0,10.0,8.0,5.0,6.0,9.0,9.0,11.0,7.0,9.0,8.0,8.38,7.750612244897958
2014-06-14,15912.8,18722.538545,5.0,4.0,6.0,8.0,11.0,7.0,10.0,6.0,5.0,8.0,5.0,7.0,8.0,9.0,8.0,7.0,6.0,7.0,8.0,7.0,9.0,9.0,7.0,8.0,1.0,8.0,9.0,7.0,4.0,8.0,3.0,7.0,9.0,9.0,7.0,12.0,4.0,14.0,7.0,3.0,7.0,9.0,3.0,8.0,8.0,4.0,16.0,7.0,8.0,10.0,7.34,7.290204081632654
2014-06-21,15306.5,18420.955074999998,4.0,7.0,10.0,3.0,7.0,9.0,10.0,5.0,12.0,7.0,9.0,13.0,9.0,7.0,14.0,8.0,7.0,7.0,12.0,6.0,5.0,6.0,9.0,14.0,5.0,0.0,3.0,8.0,5.0,10.0,6.0,13.0,6.0,10.0,7.0,5.0,5.0,7.0,5.0,7.0,8.0,6.0,4.0,8.0,10.0,6.0,9.0,8.0,9.0,7.0,7.54,8.416734693877551
2014-06-28,14979.0,18961.46643,9.0,11.0,16.0,10.0,6.0,5.0,8.0,7.0,9.0,6.0,9.0,4.0,6.0,7.0,7.0,3.0,9.0,11.0,10.0,6.0,7.0,9.0,7.0,5.0,5.0,9.0,8.0,3.0,1.0,6.0,12.0,8.0,5.0,7.0,9.0,10.0,2.0,10.0,6.0,11.0,9.0,4.0,7.0,11.0,5.0,2.0,9.0,5.0,6.0,6.0,7.26,8.359591836734694
2014-07-05,13939.9,16783.88167,10.0,7.0,10.0,5.0,8.0,4.0,10.0,5.0,3.0,5.0,8.0,5.0,6.0,6.0,3.0,9.0,8.0,5.0,8.0,8.0,6.0,4.0,1.0,4.0,4.0,5.0,5.0,7.0,5.0,5.0,3.0,6.0,3.0,6.0,7.0,7.0,10.0,7.0,5.0,3.0,7.0,8.0,6.0,6.0,9.0,4.0,10.0,4.0,7.0,10.0,6.14,5.061632653061225
2014-07-12,12899.6,14655.954571,6.0,7.0,6.0,4.0,3.0,7.0,5.0,6.0,3.0,9.0,10.0,4.0,3.0,6.0,11.0,3.0,10.0,5.0,5.0,9.0,2.0,4.0,4.0,6.0,3.0,3.0,9.0,5.0,8.0,7.0,3.0,1.0,4.0,4.0,5.0,6.0,5.0,6.0,6.0,10.0,4.0,4.0,2.0,10.0,4.0,5.0,4.0,6.0,5.0,10.0,5.54,6.049387755102041
2014-07-19,13200.4,14393.604705,1.0,5.0,4.0,12.0,8.0,2.0,6.0,5.0,6.0,10.0,4.0,7.0,6.0,5.0,6.0,7.0,5.0,8.0,6.0,6.0,8.0,7.0,4.0,6.0,5.0,7.0,3.0,8.0,7.0,9.0,8.0,5.0,5.0,5.0,6.0,3.0,6.0,4.0,5.0,8.0,7.0,8.0,2.0,3.0,6.0,6.0,6.0,5.0,7.0,5.0,5.86,4.204489795918367
2014-07-26,13598.8,15140.381355000001,6.0,6.0,5.0,6.0,3.0,7.0,8.0,5.0,13.0,5.0,6.0,4.0,3.0,9.0,6.0,3.0,9.0,8.0,4.0,6.0,10.0,11.0,5.0,6.0,12.0,6.0,9.0,6.0,3.0,7.0,7.0,10.0,5.0,4.0,7.0,8.0,5.0,8.0,5.0,4.0,7.0,10.0,12.0,7.0,2.0,9.0,4.0,7.0,3.0,4.0,6.5,6.785714285714286
2014-08-02,13642.8,14781.461078,10.0,3.0,4.0,9.0,8.0,8.0,4.0,8.0,4.0,6.0,6.0,6.0,9.0,7.0,5.0,4.0,7.0,5.0,6.0,10.0,3.0,4.0,11.0,2.0,9.0,6.0,11.0,3.0,4.0,7.0,3.0,11.0,7.0,14.0,7.0,8.0,5.0,9.0,6.0,7.0,5.0,10.0,5.0,5.0,3.0,7.0,6.0,7.0,4.0,5.0,6.46,6.78408163265306
2014-08-09,13946.7,17538.174785,9.0,6.0,7.0,7.0,5.0,6.0,5.0,11.0,16.0,7.0,8.0,8.0,6.0,6.0,6.0,8.0,11.0,4.0,5.0,6.0,9.0,10.0,5.0,6.0,9.0,10.0,6.0,10.0,8.0,3.0,6.0,6.0,8.0,7.0,7.0,9.0,11.0,7.0,9.0,6.0,3.0,2.0,5.0,10.0,2.0,3.0,6.0,14.0,5.0,4.0,7.06,7.97591836734694
2014-08-16,14149.9,17925.089179,7.0,6.0,8.0,8.0,7.0,5.0,9.0,10.0,5.0,2.0,6.0,4.0,7.0,9.0,8.0,5.0,6.0,7.0,9.0,4.0,7.0,12.0,4.0,6.0,8.0,7.0,11.0,8.0,7.0,1.0,8.0,7.0,9.0,4.0,9.0,8.0,3.0,7.0,7.0,10.0,10.0,8.0,6.0,6.0,3.0,2.0,6.0,7.0,8.0,4.0,6.7,5.6020408163265305
2014-08-23,14892.5,16968.306248,9.0,4.0,2.0,3.0,4.0,13.0,6.0,5.0,6.0,6.0,8.0,11.0,9.0,8.0,10.0,8.0,4.0,7.0,10.0,2.0,6.0,4.0,3.0,8.0,4.0,6.0,14.0,9.0,6.0,10.0,4.0,5.0,14.0,12.0,5.0,6.0,5.0,4.0,14.0,5.0,8.0,6.0,6.0,5.0,11.0,8.0,3.0,7.0,8.0,7.0,6.96,9.794285714285714
2014-08-30,17690.5,17160.442218,6.0,7.0,7.0,2.0,2.0,4.0,8.0,5.0,4.0,5.0,6.0,9.0,8.0,4.0,6.0,4.0,6.0,7.0,10.0,7.0,12.0,6.0,5.0,8.0,3.0,5.0,10.0,5.0,8.0,4.0,13.0,14.0,8.0,7.0,5.0,6.0,9.0,11.0,12.0,6.0,7.0,8.0,7.0,4.0,12.0,12.0,5.0,10.0,10.0,10.0,7.18,8.436326530612245
2014-09-06,21088.2,19426.362855,9.0,7.0,8.0,10.0,9.0,13.0,13.0,7.0,12.0,9.0,10.0,13.0,12.0,13.0,7.0,9.0,10.0,11.0,16.0,15.0,9.0,5.0,7.0,16.0,8.0,13.0,5.0,12.0,12.0,7.0,8.0,14.0,11.0,9.0,8.0,13.0,9.0,7.0,11.0,13.0,9.0,18.0,9.0,15.0,8.0,10.0,13.0,6.0,4.0,14.0,10.32,9.977142857142859
2014-09-13,22909.5,21062.455292,13.0,10.0,9.0,10.0,9.0,10.0,8.0,7.0,9.0,11.0,12.0,9.0,7.0,8.0,11.0,10.0,10.0,18.0,5.0,12.0,11.0,15.0,8.0,13.0,12.0,15.0,10.0,15.0,10.0,10.0,11.0,11.0,9.0,15.0,8.0,11.0,8.0,14.0,7.0,4.0,11.0,9.0,11.0,16.0,14.0,11.0,5.0,15.0,15.0,11.0,10.66,8.963673469387755
2014-09-20,23668.5,23702.204218,9.0,15.0,10.0,6.0,13.0,4.0,11.0,10.0,12.0,9.0,12.0,15.0,7.0,15.0,11.0,9.0,20.0,7.0,8.0,14.0,9.0,13.0,9.0,8.0,18.0,13.0,10.0,14.0,17.0,10.0,13.0,13.0,14.0,15.0,16.0,13.0,9.0,9.0,11.0,8.0,14.0,10.0,12.0,9.0,13.0,12.0,11.0,11.0,13.0,10.0,11.48,9.928163265306123
2014-09-27,24867.3,25903.199121999998,10.0,12.0,12.0,17.0,6.0,12.0,13.0,11.0,10.0,5.0,12.0,6.0,2.0,14.0,13.0,12.0,10.0,7.0,10.0,11.0,9.0,15.0,11.0,10.0,12.0,18.0,3.0,17.0,11.0,13.0,19.0,20.0,11.0,10.0,12.0,11.0,16.0,13.0,13.0,9.0,11.0,9.0,11.0,13.0,8.0,10.0,14.0,12.0,14.0,6.0,11.32,13.487346938775513
2014-10-04,25766.4,26627.441478,10.0,14.0,15.0,15.0,13.0,8.0,19.0,11.0,18.0,14.0,13.0,13.0,10.0,14.0,13.0,13.0,14.0,15.0,12.0,11.0,12.0,10.0,10.0,14.0,9.0,13.0,7.0,14.0,11.0,13.0,12.0,15.0,11.0,13.0,16.0,13.0,7.0,16.0,11.0,11.0,16.0,7.0,10.0,9.0,11.0,8.0,12.0,12.0,10.0,15.0,12.26,7.420816326530613
2014-10-11,25332.7,26165.720441,14.0,12.0,13.0,8.0,12.0,17.0,16.0,12.0,14.0,10.0,11.0,11.0,22.0,11.0,8.0,17.0,20.0,19.0,8.0,10.0,19.0,15.0,12.0,13.0,14.0,15.0,20.0,14.0,10.0,10.0,11.0,8.0,12.0,13.0,10.0,14.0,6.0,12.0,11.0,9.0,10.0,9.0,12.0,12.0,13.0,15.0,13.0,17.0,10.0,6.0,12.6,13.020408163265307
2014-10-18,25676.6,26768.956377,5.0,10.0,16.0,15.0,15.0,19.0,9.0,14.0,9.0,9.0,9.0,17.0,11.0,10.0,13.0,9.0,9.0,10.0,15.0,8.0,19.0,7.0,12.0,13.0,13.0,13.0,11.0,8.0,11.0,9.0,15.0,13.0,7.0,13.0,20.0,15.0,8.0,16.0,13.0,9.0,9.0,13.0,12.0,13.0,13.0,16.0,11.0,10.0,12.0,12.0,11.96,11.059591836734695
2014-10-25,26830.9,27644.82376,9.0,11.0,16.0,17.0,11.0,13.0,15.0,10.0,15.0,13.0,18.0,11.0,15.0,21.0,10.0,9.0,14.0,15.0,7.0,13.0,5.0,14.0,6.0,14.0,9.0,8.0,13.0,15.0,11.0,23.0,9.0,14.0,7.0,10.0,10.0,9.0,8.0,13.0,6.0,14.0,17.0,17.0,14.0,10.0,15.0,12.0,7.0,12.0,17.0,18.0,12.4,15.551020408163268
2014-11-01,27355.3,29655.683408,13.0,4.0,10.0,12.0,10.0,16.0,6.0,19.0,14.0,9.0,11.0,8.0,12.0,13.0,9.0,12.0,20.0,18.0,9.0,11.0,16.0,11.0,19.0,14.0,10.0,11.0,12.0,17.0,13.0,10.0,19.0,21.0,8.0,16.0,16.0,23.0,6.0,10.0,10.0,12.0,18.0,13.0,16.0,15.0,5.0,21.0,16.0,19.0,9.0,8.0,13.0,20.489795918367346
2014-11-08,27483.3,29480.093459000003,18.0,14.0,17.0,14.0,9.0,13.0,20.0,4.0,13.0,12.0,14.0,9.0,16.0,13.0,8.0,8.0,16.0,18.0,11.0,15.0,9.0,13.0,15.0,10.0,12.0,14.0,14.0,9.0,16.0,12.0,13.0,16.0,9.0,11.0,15.0,14.0,16.0,13.0,10.0,18.0,16.0,16.0,17.0,11.0,13.0,11.0,14.0,10.0,11.0,13.0,13.06,10.180000000000001
2014-11-15,27138.6,29845.878059,13.0,8.0,16.0,13.0,14.0,20.0,9.0,16.0,10.0,16.0,13.0,11.0,17.0,6.0,13.0,14.0,8.0,17.0,10.0,18.0,16.0,21.0,16.0,9.0,9.0,10.0,14.0,5.0,9.0,11.0,10.0,9.0,12.0,15.0,24.0,12.0,9.0,11.0,8.0,16.0,13.0,21.0,14.0,9.0,14.0,6.0,12.0,15.0,15.0,5.0,12.64,18.031020408163265
2014-11-22,26372.0,29649.81883,20.0,6.0,10.0,21.0,14.0,10.0,15.0,13.0,13.0,15.0,11.0,13.0,10.0,17.0,15.0,8.0,15.0,12.0,7.0,8.0,16.0,11.0,7.0,14.0,16.0,11.0,7.0,19.0,11.0,13.0,9.0,15.0,21.0,9.0,16.0,11.0,15.0,17.0,17.0,14.0,17.0,9.0,19.0,15.0,9.0,6.0,10.0,12.0,12.0,10.0,12.82,15.45673469387755
2014-11-29,25803.2,30362.854559,12.0,9.0,7.0,7.0,13.0,15.0,12.0,19.0,13.0,8.0,17.0,15.0,17.0,15.0,14.0,10.0,13.0,11.0,13.0,15.0,8.0,14.0,15.0,13.0,13.0,17.0,24.0,15.0,10.0,10.0,16.0,10.0,12.0,13.0,11.0,20.0,12.0,18.0,13.0,9.0,8.0,10.0,24.0,9.0,17.0,15.0,17.0,12.0,13.0,19.0,13.44,15.312653061224488
2014-12-06,25159.2,27688.908929,13.0,20.0,9.0,14.0,10.0,9.0,10.0,17.0,19.0,18.0,14.0,3.0,18.0,15.0,14.0,14.0,10.0,12.0,10.0,13.0,11.0,10.0,6.0,12.0,7.0,10.0,23.0,15.0,9.0,8.0,15.0,14.0,8.0,11.0,11.0,10.0,14.0,8.0,7.0,6.0,16.0,11.0,14.0,16.0,12.0,17.0,11.0,11.0,16.0,18.0,12.38,16.36285714285714
2014-12-13,23513.2,26583.110556,8.0,9.0,11.0,14.0,12.0,10.0,9.0,10.0,13.0,16.0,12.0,8.0,13.0,16.0,17.0,11.0,10.0,10.0,6.0,11.0,23.0,13.0,11.0,22.0,11.0,12.0,6.0,13.0,12.0,15.0,14.0,9.0,13.0,6.0,12.0,6.0,8.0,14.0,10.0,7.0,11.0,15.0,10.0,11.0,15.0,15.0,9.0,9.0,13.0,8.0,11.58,12.901632653061226
2014-12-20,20846.8,24586.201224,9.0,16.0,13.0,6.0,11.0,13.0,9.0,17.0,15.0,11.0,8.0,5.0,10.0,7.0,12.0,8.0,12.0,10.0,8.0,8.0,9.0,10.0,11.0,12.0,11.0,12.0,8.0,14.0,8.0,14.0,8.0,19.0,9.0,10.0,5.0,11.0,6.0,8.0,11.0,14.0,7.0,14.0,7.0,17.0,9.0,10.0,10.0,18.0,12.0,8.0,10.6,11.10204081632653
2014-12-27,17692.5,22410.171398,11.0,9.0,8.0,5.0,8.0,8.0,6.0,10.0,7.0,4.0,12.0,8.0,10.0,5.0,10.0,8.0,10.0,4.0,13.0,5.0,7.0,8.0,13.0,9.0,11.0,6.0,15.0,11.0,7.0,5.0,10.0,10.0,12.0,8.0,9.0,12.0,5.0,10.0,4.0,11.0,11.0,5.0,12.0,3.0,10.0,11.0,9.0,12.0,8.0,7.0,8.64,7.908571428571428
2015-01-03,15023.6,20692.227146999998,4.0,6.0,5.0,8.0,9.0,8.0,3.0,10.0,5.0,12.0,4.0,4.0,7.0,6.0,6.0,10.0,8.0,7.0,7.0,3.0,11.0,9.0,5.0,7.0,10.0,5.0,8.0,10.0,6.0,8.0,10.0,8.0,7.0,4.0,11.0,5.0,10.0,7.0,8.0,6.0,6.0,4.0,9.0,4.0,9.0,2.0,11.0,6.0,17.0,9.0,7.28,7.919999999999998
2015-01-10,13699.9,17679.320645,7.0,3.0,9.0,9.0,4.0,8.0,6.0,3.0,6.0,3.0,7.0,3.0,10.0,3.0,6.0,6.0,3.0,12.0,7.0,6.0,8.0,8.0,3.0,3.0,15.0,10.0,2.0,5.0,4.0,2.0,12.0,4.0,3.0,6.0,7.0,7.0,8.0,6.0,10.0,5.0,6.0,12.0,9.0,8.0,10.0,5.0,9.0,6.0,7.0,8.0,6.58,8.779183673469388
2015-01-17,14073.8,17433.965237,7.0,4.0,4.0,10.0,4.0,6.0,6.0,4.0,9.0,8.0,6.0,9.0,5.0,7.0,7.0,9.0,5.0,6.0,7.0,1.0,4.0,3.0,9.0,5.0,11.0,4.0,5.0,2.0,10.0,7.0,6.0,8.0,6.0,9.0,6.0,7.0,5.0,13.0,9.0,5.0,7.0,4.0,4.0,8.0,6.0,11.0,5.0,9.0,6.0,8.0,6.52,5.968979591836734
2015-01-24,15190.5,18083.831426,9.0,8.0,6.0,4.0,10.0,4.0,7.0,6.0,4.0,10.0,3.0,9.0,6.0,8.0,7.0,10.0,9.0,7.0,11.0,8.0,6.0,8.0,5.0,7.0,7.0,11.0,6.0,11.0,8.0,10.0,8.0,7.0,4.0,7.0,6.0,4.0,10.0,7.0,6.0,11.0,6.0,4.0,7.0,6.0,11.0,9.0,8.0,7.0,5.0,6.0,7.28,4.736326530612245
2015-01-31,15909.400000000001,18925.584158999998,3.0,9.0,7.0,6.0,7.0,7.0,7.0,4.0,9.0,5.0,9.0,5.0,4.0,11.0,7.0,7.0,8.0,7.0,6.0,4.0,7.0,10.0,10.0,10.0,6.0,11.0,9.0,6.0,6.0,5.0,11.0,9.0,6.0,4.0,7.0,11.0,10.0,8.0,9.0,4.0,13.0,8.0,9.0,4.0,12.0,5.0,9.0,12.0,2.0,10.0,7.5,6.826530612244898
2015-02-07,16207.7,19983.279394999998,4.0,7.0,2.0,7.0,8.0,5.0,6.0,13.0,5.0,11.0,10.0,9.0,4.0,4.0,10.0,10.0,5.0,10.0,13.0,4.0,7.0,9.0,6.0,8.0,10.0,13.0,11.0,6.0,9.0,6.0,8.0,7.0,3.0,3.0,5.0,13.0,5.0,7.0,6.0,6.0,5.0,14.0,5.0,9.0,5.0,8.0,10.0,7.0,12.0,5.0,7.5,9.112244897959183
2015-02-14,16542.4,21497.279931999998,5.0,4.0,5.0,14.0,7.0,9.0,15.0,7.0,7.0,7.0,4.0,8.0,11.0,7.0,9.0,7.0,4.0,8.0,8.0,8.0,10.0,6.0,9.0,7.0,2.0,15.0,9.0,11.0,7.0,8.0,5.0,4.0,10.0,6.0,10.0,7.0,8.0,5.0,7.0,3.0,10.0,4.0,8.0,10.0,12.0,9.0,6.0,10.0,7.0,7.0,7.72,8.042448979591835
2015-02-21,16343.199999999999,22313.229705,5.0,7.0,8.0,5.0,8.0,8.0,8.0,5.0,4.0,9.0,6.0,8.0,7.0,6.0,8.0,7.0,12.0,11.0,12.0,7.0,6.0,6.0,4.0,10.0,7.0,3.0,6.0,11.0,7.0,4.0,12.0,5.0,7.0,5.0,9.0,5.0,7.0,9.0,5.0,7.0,13.0,9.0,7.0,8.0,10.0,10.0,11.0,13.0,6.0,7.0,7.6,6.204081632653061
2015-02-28,14562.6,18596.80792,6.0,8.0,2.0,8.0,11.0,7.0,8.0,12.0,7.0,9.0,11.0,5.0,5.0,4.0,9.0,8.0,8.0,10.0,7.0,9.0,8.0,4.0,6.0,11.0,9.0,7.0,8.0,5.0,7.0,6.0,9.0,6.0,5.0,5.0,10.0,3.0,3.0,5.0,6.0,4.0,9.0,7.0,4.0,6.0,9.0,5.0,2.0,2.0,3.0,6.0,6.68,6.426122448979592
2015-03-07,11708.0,14469.038587000001,2.0,3.0,7.0,6.0,8.0,2.0,9.0,7.0,1.0,2.0,9.0,8.0,4.0,6.0,4.0,8.0,3.0,7.0,4.0,5.0,8.0,4.0,9.0,2.0,7.0,6.0,10.0,5.0,5.0,5.0,5.0,7.0,11.0,6.0,6.0,3.0,15.0,5.0,5.0,6.0,5.0,3.0,4.0,5.0,7.0,6.0,2.0,4.0,7.0,8.0,5.72,7.062857142857142
2015-03-14,9915.3,10804.772811,4.0,7.0,6.0,6.0,5.0,3.0,6.0,3.0,7.0,5.0,2.0,3.0,3.0,2.0,3.0,3.0,7.0,1.0,2.0,2.0,4.0,6.0,6.0,5.0,4.0,6.0,5.0,3.0,7.0,7.0,2.0,5.0,3.0,11.0,2.0,4.0,4.0,3.0,3.0,6.0,2.0,5.0,7.0,8.0,3.0,5.0,3.0,12.0,5.0,7.0,4.66,5.208571428571428
2015-03-21,9699.8,9406.646886,5.0,0.0,8.0,5.0,4.0,1.0,3.0,5.0,3.0,3.0,4.0,3.0,6.0,3.0,7.0,2.0,1.0,4.0,5.0,9.0,5.0,3.0,8.0,6.0,4.0,6.0,8.0,4.0,4.0,4.0,4.0,5.0,3.0,3.0,4.0,3.0,5.0,3.0,5.0,5.0,6.0,9.0,6.0,6.0,4.0,7.0,4.0,4.0,6.0,5.0,4.6,3.7551020408163267
2015-03-28,9614.6,9536.234839,3.0,2.0,5.0,1.0,7.0,4.0,7.0,5.0,0.0,3.0,9.0,3.0,6.0,6.0,4.0,5.0,6.0,3.0,3.0,7.0,4.0,6.0,5.0,2.0,10.0,5.0,8.0,3.0,4.0,5.0,4.0,6.0,2.0,4.0,6.0,3.0,5.0,5.0,1.0,9.0,6.0,9.0,6.0,2.0,7.0,2.0,4.0,5.0,3.0,5.0,4.7,4.948979591836736
2015-04-04,9033.5,9362.786241,5.0,4.0,3.0,2.0,5.0,3.0,9.0,5.0,3.0,7.0,1.0,6.0,6.0,2.0,2.0,5.0,3.0,2.0,3.0,4.0,6.0,3.0,4.0,1.0,15.0,3.0,1.0,4.0,5.0,6.0,4.0,2.0,3.0,1.0,5.0,7.0,8.0,2.0,5.0,4.0,2.0,0.0,5.0,6.0,1.0,7.0,3.0,3.0,4.0,3.0,4.06,6.465714285714287
2015-04-11,8292.1,8909.770222,2.0,8.0,3.0,2.0,3.0,6.0,5.0,4.0,5.0,3.0,2.0,6.0,3.0,7.0,3.0,3.0,3.0,4.0,2.0,3.0,1.0,5.0,3.0,1.0,4.0,6.0,4.0,3.0,3.0,4.0,7.0,2.0,7.0,5.0,7.0,4.0,3.0,5.0,6.0,5.0,6.0,7.0,3.0,4.0,4.0,1.0,4.0,5.0,6.0,2.0,4.08,3.1771428571428566
2015-04-18,7949.1,8267.829952,1.0,2.0,2.0,4.0,2.0,4.0,0.0,2.0,3.0,4.0,5.0,2.0,5.0,3.0,5.0,2.0,1.0,1.0,4.0,0.0,8.0,5.0,2.0,6.0,5.0,4.0,5.0,3.0,2.0,5.0,5.0,4.0,5.0,3.0,4.0,3.0,4.0,8.0,3.0,4.0,1.0,8.0,4.0,3.0,3.0,6.0,7.0,5.0,2.0,1.0,3.6,3.836734693877551
2015-04-25,8684.8,8862.739905,7.0,10.0,3.0,1.0,3.0,5.0,1.0,5.0,8.0,4.0,6.0,4.0,2.0,5.0,3.0,9.0,4.0,8.0,4.0,1.0,8.0,2.0,3.0,3.0,3.0,3.0,4.0,4.0,2.0,3.0,4.0,5.0,2.0,2.0,4.0,5.0,13.0,3.0,3.0,6.0,2.0,4.0,2.0,3.0,3.0,4.0,5.0,6.0,1.0,4.0,4.18,5.946530612244897
2015-05-02,9809.4,11296.968345000001,4.0,4.0,5.0,4.0,2.0,5.0,3.0,4.0,6.0,3.0,5.0,6.0,5.0,8.0,5.0,0.0,6.0,7.0,7.0,4.0,2.0,7.0,5.0,9.0,4.0,4.0,4.0,4.0,3.0,4.0,4.0,8.0,2.0,10.0,7.0,4.0,3.0,2.0,3.0,1.0,5.0,6.0,7.0,5.0,3.0,9.0,5.0,5.0,2.0,6.0,4.72,4.450612244897959
2015-05-09,9831.5,12149.584184000001,6.0,12.0,3.0,4.0,4.0,6.0,4.0,6.0,5.0,5.0,4.0,7.0,4.0,7.0,2.0,4.0,5.0,2.0,7.0,5.0,5.0,3.0,6.0,4.0,3.0,2.0,9.0,1.0,4.0,8.0,7.0,3.0,6.0,4.0,3.0,7.0,3.0,3.0,5.0,3.0,3.0,8.0,3.0,5.0,5.0,5.0,3.0,7.0,3.0,4.0,4.74,4.277959183673469
2015-05-16,9320.9,12696.803921,8.0,3.0,2.0,3.0,5.0,4.0,3.0,5.0,6.0,3.0,3.0,6.0,2.0,5.0,7.0,7.0,3.0,5.0,4.0,2.0,4.0,4.0,5.0,4.0,2.0,3.0,1.0,5.0,4.0,5.0,2.0,5.0,3.0,10.0,3.0,6.0,5.0,3.0,6.0,1.0,0.0,3.0,6.0,3.0,7.0,4.0,4.0,2.0,3.0,4.0,4.06,3.6493877551020413
2015-05-23,9959.6,12632.747508,4.0,5.0,3.0,5.0,6.0,5.0,4.0,4.0,5.0,5.0,4.0,3.0,4.0,7.0,2.0,5.0,3.0,3.0,10.0,6.0,5.0,6.0,5.0,8.0,6.0,3.0,11.0,9.0,2.0,6.0,1.0,5.0,9.0,5.0,6.0,8.0,3.0,2.0,4.0,2.0,5.0,2.0,4.0,4.0,5.0,6.0,7.0,3.0,6.0,9.0,5.0,4.8979591836734695
2015-05-30,12038.6,12911.280278,9.0,5.0,7.0,9.0,7.0,3.0,6.0,3.0,8.0,11.0,4.0,8.0,6.0,4.0,3.0,5.0,8.0,5.0,4.0,3.0,4.0,6.0,2.0,8.0,5.0,7.0,1.0,7.0,11.0,3.0,3.0,10.0,3.0,3.0,5.0,11.0,7.0,3.0,4.0,7.0,10.0,9.0,3.0,9.0,4.0,7.0,9.0,5.0,5.0,4.0,5.86,6.939183673469388
2015-06-06,14129.5,15594.782894,7.0,7.0,4.0,8.0,8.0,7.0,7.0,6.0,6.0,6.0,9.0,4.0,8.0,7.0,10.0,2.0,9.0,10.0,9.0,4.0,5.0,2.0,6.0,6.0,4.0,11.0,5.0,6.0,2.0,11.0,9.0,7.0,6.0,10.0,6.0,7.0,9.0,12.0,9.0,8.0,5.0,4.0,9.0,5.0,7.0,13.0,8.0,3.0,5.0,5.0,6.86,6.531020408163266
2015-06-13,15202.5,17042.213571,5.0,2.0,7.0,8.0,14.0,8.0,6.0,6.0,11.0,8.0,7.0,4.0,6.0,5.0,12.0,10.0,7.0,8.0,7.0,12.0,6.0,9.0,2.0,10.0,3.0,9.0,5.0,7.0,6.0,5.0,9.0,12.0,11.0,2.0,4.0,3.0,4.0,5.0,5.0,8.0,6.0,10.0,4.0,3.0,9.0,7.0,11.0,7.0,4.0,9.0,6.96,8.61061224489796
2015-06-20,15390.400000000001,16420.133505,7.0,7.0,8.0,7.0,10.0,9.0,2.0,7.0,8.0,12.0,9.0,10.0,8.0,7.0,9.0,5.0,9.0,6.0,5.0,4.0,7.0,10.0,4.0,7.0,7.0,12.0,8.0,5.0,5.0,5.0,5.0,9.0,5.0,8.0,3.0,8.0,7.0,9.0,6.0,5.0,3.0,10.0,9.0,2.0,6.0,11.0,7.0,9.0,13.0,10.0,7.28,6.4506122448979575
2015-06-27,14439.1,16213.690223,6.0,5.0,10.0,4.0,7.0,11.0,4.0,4.0,5.0,3.0,5.0,9.0,6.0,6.0,8.0,7.0,8.0,5.0,8.0,3.0,5.0,13.0,8.0,4.0,6.0,8.0,5.0,6.0,11.0,4.0,7.0,4.0,11.0,3.0,5.0,10.0,2.0,7.0,6.0,7.0,10.0,12.0,4.0,10.0,6.0,8.0,7.0,2.0,6.0,6.0,6.54,6.988163265306124
2015-07-04,12626.0,16145.453368,3.0,6.0,6.0,4.0,2.0,2.0,8.0,7.0,4.0,5.0,12.0,9.0,5.0,3.0,10.0,4.0,7.0,5.0,5.0,5.0,4.0,3.0,7.0,3.0,13.0,1.0,8.0,9.0,8.0,5.0,3.0,5.0,10.0,1.0,9.0,5.0,6.0,5.0,6.0,10.0,8.0,2.0,5.0,9.0,3.0,4.0,7.0,5.0,5.0,6.0,5.74,7.543265306122449
2015-07-11,11624.9,14609.1747,7.0,7.0,7.0,2.0,5.0,2.0,4.0,2.0,5.0,5.0,3.0,2.0,3.0,9.0,9.0,4.0,5.0,5.0,2.0,9.0,3.0,6.0,3.0,8.0,9.0,5.0,7.0,5.0,4.0,6.0,4.0,11.0,6.0,6.0,2.0,7.0,6.0,7.0,5.0,8.0,2.0,6.0,5.0,4.0,6.0,3.0,3.0,9.0,8.0,5.0,5.32,5.32408163265306
2015-07-18,12171.2,13810.615978,5.0,7.0,6.0,6.0,7.0,6.0,4.0,6.0,2.0,6.0,6.0,6.0,8.0,6.0,8.0,12.0,5.0,5.0,8.0,6.0,5.0,3.0,3.0,6.0,8.0,2.0,5.0,5.0,6.0,8.0,9.0,8.0,10.0,4.0,7.0,9.0,8.0,5.0,6.0,5.0,8.0,7.0,9.0,7.0,7.0,2.0,7.0,7.0,5.0,2.0,6.16,4.422857142857143
2015-07-25,13058.0,13574.779793,5.0,8.0,9.0,5.0,12.0,4.0,9.0,10.0,7.0,5.0,10.0,6.0,10.0,3.0,8.0,4.0,8.0,9.0,3.0,6.0,5.0,8.0,8.0,6.0,3.0,5.0,9.0,7.0,3.0,7.0,8.0,5.0,4.0,4.0,3.0,4.0,4.0,9.0,6.0,6.0,7.0,6.0,8.0,5.0,7.0,7.0,5.0,6.0,7.0,14.0,6.54,5.926938775510204
2015-08-01,12945.0,12731.982410999999,4.0,4.0,7.0,2.0,4.0,9.0,10.0,3.0,4.0,7.0,6.0,6.0,5.0,5.0,3.0,6.0,11.0,7.0,3.0,8.0,12.0,5.0,10.0,6.0,11.0,4.0,4.0,5.0,5.0,11.0,4.0,3.0,4.0,7.0,4.0,6.0,7.0,6.0,6.0,4.0,7.0,7.0,10.0,6.0,7.0,4.0,6.0,7.0,5.0,7.0,6.08,5.789387755102041
2015-08-08,12768.4,11749.724936,4.0,6.0,9.0,10.0,5.0,7.0,3.0,8.0,8.0,10.0,4.0,8.0,3.0,3.0,3.0,9.0,7.0,6.0,8.0,9.0,3.0,3.0,6.0,4.0,4.0,8.0,2.0,4.0,2.0,6.0,10.0,10.0,4.0,6.0,5.0,8.0,8.0,5.0,4.0,4.0,2.0,4.0,6.0,7.0,5.0,4.0,4.0,10.0,7.0,9.0,5.88,6.066938775510203
2015-08-15,14603.9,12462.069949,9.0,6.0,10.0,5.0,7.0,8.0,6.0,3.0,6.0,2.0,9.0,11.0,10.0,4.0,5.0,6.0,7.0,5.0,7.0,4.0,5.0,6.0,5.0,8.0,8.0,6.0,6.0,6.0,7.0,3.0,6.0,9.0,10.0,7.0,15.0,6.0,8.0,9.0,8.0,8.0,7.0,4.0,9.0,9.0,5.0,7.0,6.0,3.0,7.0,4.0,6.74,5.665714285714287
2015-08-22,18018.8,14065.630632,10.0,9.0,5.0,12.0,6.0,9.0,10.0,8.0,9.0,9.0,7.0,8.0,6.0,12.0,16.0,14.0,10.0,6.0,9.0,6.0,15.0,12.0,9.0,8.0,8.0,6.0,9.0,8.0,9.0,9.0,5.0,8.0,6.0,4.0,6.0,13.0,11.0,10.0,14.0,10.0,13.0,6.0,5.0,12.0,5.0,11.0,5.0,7.0,12.0,12.0,8.98,8.673061224489796
2015-08-29,20717.1,14526.893433000001,9.0,7.0,10.0,9.0,6.0,8.0,5.0,6.0,6.0,11.0,8.0,5.0,6.0,11.0,13.0,11.0,6.0,14.0,17.0,10.0,10.0,7.0,14.0,10.0,10.0,9.0,9.0,13.0,5.0,10.0,8.0,16.0,7.0,11.0,12.0,14.0,11.0,12.0,13.0,9.0,5.0,11.0,9.0,12.0,11.0,11.0,9.0,10.0,14.0,8.0,9.76,8.635102040816326
2015-09-05,21613.9,16413.404915,11.0,17.0,12.0,10.0,14.0,9.0,10.0,6.0,11.0,13.0,6.0,13.0,13.0,17.0,8.0,18.0,12.0,16.0,11.0,6.0,11.0,9.0,6.0,12.0,7.0,9.0,11.0,10.0,8.0,10.0,15.0,10.0,10.0,12.0,7.0,11.0,13.0,12.0,6.0,8.0,11.0,11.0,12.0,11.0,12.0,9.0,7.0,9.0,8.0,13.0,10.66,8.718775510204082
2015-09-12,21235.8,18355.05899,10.0,8.0,8.0,14.0,10.0,8.0,13.0,9.0,8.0,8.0,6.0,9.0,8.0,6.0,13.0,12.0,4.0,6.0,9.0,10.0,4.0,9.0,13.0,7.0,7.0,9.0,9.0,13.0,8.0,12.0,11.0,13.0,11.0,14.0,13.0,12.0,6.0,9.0,10.0,10.0,11.0,10.0,8.0,7.0,8.0,11.0,5.0,10.0,13.0,10.0,9.44,6.659591836734695
2015-09-19,22455.4,19578.729834,11.0,14.0,12.0,9.0,12.0,14.0,13.0,10.0,14.0,12.0,20.0,13.0,13.0,13.0,8.0,6.0,9.0,13.0,13.0,9.0,10.0,14.0,15.0,6.0,10.0,13.0,11.0,5.0,7.0,11.0,7.0,5.0,14.0,18.0,10.0,12.0,13.0,10.0,13.0,13.0,8.0,7.0,5.0,9.0,12.0,11.0,15.0,15.0,12.0,14.0,11.26,10.604489795918367
2015-09-26,26496.0,20659.433108,14.0,14.0,15.0,17.0,16.0,6.0,9.0,14.0,14.0,16.0,11.0,14.0,20.0,9.0,10.0,13.0,12.0,11.0,9.0,6.0,12.0,13.0,12.0,19.0,14.0,12.0,11.0,12.0,12.0,15.0,11.0,10.0,12.0,6.0,15.0,11.0,15.0,9.0,15.0,10.0,12.0,17.0,9.0,15.0,13.0,19.0,5.0,20.0,16.0,8.0,12.6,12.693877551020407
2015-10-03,30410.699999999997,23401.386375000002,19.0,8.0,12.0,23.0,15.0,12.0,9.0,13.0,16.0,13.0,14.0,14.0,12.0,14.0,12.0,17.0,10.0,19.0,18.0,7.0,14.0,11.0,20.0,11.0,16.0,14.0,14.0,18.0,16.0,15.0,9.0,16.0,20.0,12.0,17.0,19.0,10.0,13.0,13.0,12.0,14.0,14.0,16.0,23.0,19.0,19.0,15.0,14.0,18.0,19.0,14.76,13.410612244897962
2015-10-10,31887.6,26025.92867,18.0,23.0,14.0,15.0,17.0,15.0,19.0,21.0,20.0,13.0,17.0,23.0,10.0,10.0,21.0,13.0,15.0,13.0,12.0,14.0,19.0,11.0,10.0,17.0,13.0,13.0,17.0,10.0,7.0,14.0,11.0,15.0,18.0,16.0,18.0,16.0,9.0,15.0,20.0,13.0,18.0,14.0,23.0,9.0,14.0,17.0,14.0,18.0,13.0,18.0,15.26,14.890204081632655
2015-10-17,30628.4,27590.422304,14.0,23.0,17.0,26.0,13.0,20.0,5.0,16.0,16.0,7.0,11.0,10.0,13.0,13.0,14.0,14.0,25.0,15.0,16.0,22.0,14.0,12.0,19.0,13.0,15.0,13.0,13.0,16.0,15.0,9.0,16.0,22.0,19.0,10.0,19.0,16.0,17.0,15.0,11.0,18.0,9.0,16.0,17.0,9.0,15.0,10.0,10.0,12.0,16.0,19.0,14.9,19.397959183673468
2015-10-24,28353.0,27819.097996,21.0,19.0,8.0,11.0,6.0,14.0,16.0,15.0,11.0,14.0,13.0,6.0,13.0,13.0,15.0,11.0,10.0,9.0,10.0,16.0,15.0,12.0,13.0,13.0,11.0,13.0,14.0,14.0,13.0,13.0,15.0,15.0,15.0,7.0,17.0,15.0,13.0,18.0,18.0,13.0,15.0,14.0,17.0,18.0,13.0,9.0,12.0,15.0,15.0,10.0,13.32,10.222040816326531
2015-10-31,27134.0,29390.16938,14.0,15.0,11.0,11.0,16.0,12.0,21.0,15.0,15.0,14.0,13.0,15.0,11.0,8.0,16.0,7.0,8.0,12.0,6.0,18.0,17.0,13.0,13.0,14.0,9.0,8.0,18.0,17.0,16.0,18.0,12.0,13.0,20.0,14.0,9.0,15.0,13.0,12.0,12.0,11.0,16.0,6.0,9.0,13.0,12.0,15.0,15.0,15.0,13.0,22.0,13.36,13.173877551020405
2015-11-07,27034.399999999998,29383.949644,11.0,10.0,11.0,15.0,15.0,9.0,6.0,7.0,15.0,11.0,12.0,13.0,8.0,17.0,13.0,16.0,17.0,17.0,8.0,20.0,9.0,9.0,11.0,7.0,12.0,18.0,14.0,17.0,11.0,14.0,7.0,12.0,7.0,16.0,17.0,6.0,19.0,19.0,12.0,13.0,15.0,14.0,16.0,11.0,14.0,20.0,16.0,11.0,10.0,17.0,12.9,15.030612244897958
2015-11-14,26211.5,28398.416767,8.0,9.0,16.0,9.0,16.0,11.0,16.0,19.0,11.0,11.0,11.0,12.0,13.0,17.0,12.0,9.0,11.0,12.0,20.0,16.0,10.0,12.0,11.0,7.0,9.0,10.0,14.0,14.0,10.0,13.0,15.0,12.0,13.0,10.0,11.0,15.0,14.0,18.0,8.0,18.0,13.0,15.0,12.0,17.0,8.0,8.0,15.0,9.0,18.0,13.0,12.62,10.730204081632653
2015-11-21,24240.8,27545.497005,11.0,15.0,13.0,12.0,5.0,12.0,6.0,13.0,10.0,14.0,9.0,6.0,9.0,18.0,14.0,15.0,6.0,12.0,9.0,17.0,11.0,13.0,12.0,17.0,11.0,12.0,10.0,16.0,13.0,10.0,8.0,9.0,10.0,9.0,11.0,11.0,8.0,15.0,6.0,10.0,10.0,6.0,11.0,14.0,9.0,6.0,18.0,10.0,20.0,11.0,11.26,12.318775510204082
2015-11-28,22793.8,27603.9101,10.0,10.0,10.0,10.0,9.0,19.0,16.0,11.0,15.0,10.0,10.0,16.0,11.0,8.0,11.0,7.0,8.0,13.0,6.0,7.0,15.0,11.0,11.0,12.0,8.0,15.0,8.0,13.0,9.0,10.0,12.0,12.0,10.0,11.0,8.0,9.0,7.0,15.0,10.0,10.0,12.0,12.0,6.0,15.0,14.0,9.0,6.0,10.0,10.0,14.0,10.82,8.55877551020408
2015-12-05,23029.9,28626.60667,5.0,16.0,8.0,7.0,11.0,13.0,10.0,7.0,10.0,13.0,11.0,9.0,9.0,11.0,11.0,10.0,8.0,12.0,15.0,9.0,14.0,13.0,16.0,6.0,10.0,9.0,8.0,19.0,10.0,11.0,17.0,13.0,14.0,16.0,14.0,9.0,10.0,16.0,12.0,12.0,19.0,8.0,9.0,8.0,7.0,11.0,7.0,9.0,11.0,11.0,11.08,10.809795918367348
2015-12-12,23894.6,28618.644624,14.0,13.0,14.0,18.0,13.0,14.0,14.0,11.0,22.0,13.0,8.0,15.0,15.0,14.0,9.0,17.0,7.0,13.0,13.0,10.0,14.0,12.0,12.0,12.0,7.0,16.0,7.0,9.0,13.0,7.0,9.0,13.0,16.0,6.0,14.0,10.0,9.0,10.0,12.0,11.0,13.0,14.0,11.0,8.0,11.0,15.0,8.0,12.0,8.0,12.0,11.96,10.44734693877551
2015-12-19,23922.9,27873.228388,16.0,7.0,13.0,12.0,16.0,9.0,8.0,9.0,15.0,14.0,20.0,8.0,8.0,11.0,9.0,5.0,7.0,10.0,13.0,13.0,15.0,7.0,9.0,20.0,11.0,13.0,10.0,12.0,14.0,15.0,17.0,9.0,7.0,5.0,17.0,4.0,18.0,12.0,10.0,6.0,10.0,15.0,6.0,11.0,20.0,11.0,10.0,14.0,10.0,8.0,11.38,16.607755102040816
2015-12-26,22570.5,26051.5812,11.0,5.0,11.0,8.0,24.0,12.0,13.0,11.0,12.0,12.0,19.0,8.0,10.0,7.0,10.0,12.0,13.0,12.0,9.0,7.0,9.0,14.0,8.0,10.0,15.0,9.0,10.0,18.0,9.0,7.0,10.0,13.0,12.0,7.0,12.0,10.0,10.0,12.0,9.0,10.0,13.0,12.0,8.0,6.0,13.0,12.0,12.0,10.0,11.0,8.0,10.9,10.948979591836734
2016-01-02,20732.0,25450.127991,11.0,11.0,15.0,10.0,13.0,12.0,12.0,8.0,8.0,7.0,5.0,3.0,8.0,10.0,8.0,12.0,11.0,8.0,12.0,9.0,6.0,4.0,12.0,14.0,8.0,15.0,8.0,13.0,7.0,12.0,7.0,12.0,8.0,13.0,15.0,11.0,11.0,5.0,10.0,6.0,9.0,6.0,8.0,10.0,6.0,13.0,15.0,11.0,10.0,12.0,9.8,9.224489795918368
2016-01-09,19974.1,25165.30976,13.0,13.0,12.0,14.0,6.0,15.0,11.0,9.0,10.0,10.0,12.0,7.0,6.0,11.0,9.0,13.0,10.0,9.0,8.0,10.0,20.0,6.0,6.0,12.0,8.0,12.0,10.0,5.0,8.0,8.0,10.0,11.0,10.0,10.0,15.0,8.0,12.0,9.0,13.0,6.0,6.0,5.0,8.0,7.0,11.0,9.0,5.0,6.0,6.0,10.0,9.6,9.551020408163266
2016-01-16,20532.2,24366.169111,15.0,12.0,9.0,13.0,7.0,9.0,5.0,10.0,12.0,6.0,10.0,7.0,11.0,8.0,7.0,13.0,9.0,16.0,11.0,6.0,10.0,4.0,13.0,4.0,10.0,9.0,13.0,12.0,8.0,15.0,9.0,15.0,8.0,9.0,16.0,10.0,14.0,8.0,6.0,11.0,8.0,6.0,6.0,8.0,8.0,5.0,10.0,12.0,12.0,8.0,9.66,9.861632653061225
2016-01-23,21424.1,24213.162034,13.0,9.0,10.0,15.0,11.0,13.0,13.0,15.0,9.0,8.0,4.0,11.0,12.0,10.0,12.0,10.0,10.0,8.0,6.0,8.0,9.0,6.0,13.0,8.0,8.0,7.0,4.0,10.0,11.0,12.0,9.0,10.0,13.0,12.0,12.0,10.0,11.0,9.0,9.0,9.0,5.0,8.0,12.0,11.0,6.0,8.0,8.0,9.0,12.0,5.0,9.66,6.963673469387755
2016-01-30,22049.6,23813.832462,12.0,11.0,11.0,11.0,12.0,10.0,8.0,13.0,7.0,9.0,12.0,12.0,6.0,10.0,6.0,6.0,11.0,11.0,9.0,11.0,13.0,13.0,6.0,3.0,5.0,10.0,5.0,13.0,9.0,6.0,7.0,5.0,9.0,9.0,9.0,10.0,8.0,5.0,10.0,7.0,11.0,16.0,12.0,11.0,4.0,14.0,10.0,13.0,16.0,9.0,9.52,9.31591836734694
2016-02-06,22114.8,24101.388667,19.0,11.0,9.0,11.0,12.0,11.0,12.0,9.0,8.0,8.0,22.0,13.0,8.0,11.0,12.0,11.0,13.0,14.0,12.0,21.0,12.0,14.0,10.0,19.0,5.0,10.0,19.0,8.0,9.0,13.0,9.0,8.0,16.0,8.0,10.0,10.0,10.0,14.0,10.0,14.0,9.0,10.0,13.0,10.0,12.0,14.0,7.0,11.0,13.0,10.0,11.68,12.671020408163265
2016-02-13,21100.0,23747.133802,13.0,11.0,9.0,10.0,19.0,10.0,15.0,19.0,14.0,10.0,13.0,13.0,8.0,8.0,8.0,5.0,5.0,8.0,11.0,10.0,7.0,12.0,10.0,7.0,6.0,15.0,7.0,9.0,10.0,13.0,7.0,13.0,13.0,5.0,5.0,14.0,10.0,11.0,10.0,12.0,11.0,5.0,5.0,14.0,14.0,14.0,5.0,19.0,5.0,11.0,10.36,14.357551020408161
2016-02-20,19823.4,24636.487556,14.0,10.0,8.0,8.0,12.0,6.0,10.0,10.0,5.0,9.0,8.0,6.0,9.0,12.0,7.0,8.0,11.0,12.0,7.0,14.0,13.0,13.0,13.0,6.0,6.0,8.0,8.0,11.0,11.0,7.0,18.0,6.0,9.0,9.0,12.0,7.0,10.0,10.0,8.0,5.0,8.0,4.0,13.0,11.0,9.0,13.0,10.0,13.0,10.0,4.0,9.42,8.738367346938775
2016-02-27,19564.5,25895.032965,8.0,13.0,6.0,9.0,11.0,11.0,11.0,6.0,8.0,6.0,8.0,9.0,6.0,8.0,9.0,6.0,14.0,11.0,10.0,4.0,7.0,8.0,10.0,11.0,7.0,4.0,6.0,5.0,8.0,10.0,15.0,12.0,10.0,8.0,9.0,5.0,6.0,13.0,12.0,9.0,8.0,6.0,10.0,6.0,13.0,10.0,9.0,9.0,4.0,7.0,8.62,7.22
2016-03-05,19305.3,25106.61744,12.0,7.0,10.0,11.0,7.0,11.0,9.0,10.0,7.0,12.0,7.0,5.0,9.0,12.0,12.0,12.0,16.0,8.0,8.0,8.0,11.0,5.0,12.0,8.0,8.0,8.0,8.0,14.0,8.0,11.0,6.0,10.0,10.0,8.0,6.0,17.0,11.0,8.0,14.0,6.0,7.0,6.0,8.0,8.0,11.0,5.0,13.0,7.0,9.0,8.0,9.28,7.715918367346938
2016-03-12,17884.8,24921.350893,9.0,8.0,1.0,3.0,9.0,12.0,5.0,7.0,7.0,9.0,11.0,6.0,13.0,7.0,5.0,9.0,10.0,12.0,12.0,5.0,8.0,8.0,5.0,16.0,6.0,7.0,6.0,7.0,8.0,8.0,8.0,12.0,6.0,13.0,8.0,4.0,5.0,10.0,7.0,7.0,9.0,10.0,11.0,4.0,14.0,12.0,8.0,9.0,11.0,11.0,8.36,9.21469387755102
2016-03-19,16016.7,22896.692381,8.0,7.0,10.0,8.0,4.0,4.0,6.0,8.0,8.0,10.0,10.0,7.0,3.0,6.0,8.0,9.0,7.0,4.0,8.0,10.0,8.0,6.0,13.0,7.0,7.0,10.0,4.0,6.0,5.0,11.0,8.0,13.0,6.0,8.0,9.0,5.0,6.0,8.0,7.0,4.0,7.0,7.0,6.0,6.0,15.0,7.0,4.0,6.0,6.0,8.0,7.36,6.071836734693878
2016-03-26,14467.6,20192.086102,3.0,7.0,9.0,10.0,6.0,9.0,7.0,6.0,5.0,10.0,7.0,5.0,6.0,9.0,3.0,4.0,5.0,4.0,8.0,3.0,6.0,8.0,8.0,7.0,6.0,3.0,5.0,11.0,7.0,5.0,8.0,12.0,9.0,7.0,6.0,7.0,8.0,6.0,7.0,5.0,6.0,6.0,8.0,5.0,10.0,8.0,8.0,5.0,9.0,7.0,6.78,4.42
2016-04-02,13660.8,17093.361053,13.0,7.0,5.0,8.0,7.0,11.0,6.0,5.0,9.0,6.0,7.0,4.0,6.0,8.0,6.0,6.0,7.0,9.0,9.0,7.0,8.0,7.0,7.0,11.0,6.0,6.0,9.0,10.0,7.0,7.0,6.0,6.0,5.0,7.0,9.0,11.0,11.0,8.0,7.0,8.0,5.0,6.0,10.0,9.0,10.0,6.0,5.0,9.0,4.0,2.0,7.36,4.64326530612245
2016-04-09,13685.1,17803.736168,5.0,4.0,6.0,8.0,2.0,2.0,8.0,8.0,9.0,10.0,4.0,7.0,10.0,7.0,7.0,6.0,5.0,4.0,4.0,4.0,8.0,8.0,4.0,3.0,7.0,2.0,5.0,7.0,9.0,6.0,8.0,8.0,10.0,9.0,12.0,11.0,5.0,7.0,4.0,6.0,8.0,3.0,9.0,6.0,9.0,5.0,3.0,6.0,5.0,6.0,6.38,5.995510204081635
2016-04-16,14177.9,18809.178036,4.0,1.0,7.0,7.0,2.0,5.0,10.0,10.0,8.0,0.0,5.0,6.0,5.0,9.0,7.0,8.0,6.0,4.0,7.0,6.0,11.0,9.0,5.0,8.0,6.0,4.0,7.0,6.0,10.0,6.0,7.0,9.0,2.0,6.0,5.0,8.0,3.0,7.0,12.0,5.0,7.0,8.0,10.0,9.0,5.0,3.0,7.0,8.0,11.0,8.0,6.58,6.860816326530612
2016-04-23,14935.699999999999,20445.892405,5.0,6.0,8.0,4.0,9.0,3.0,5.0,3.0,6.0,9.0,5.0,6.0,7.0,10.0,3.0,8.0,9.0,10.0,8.0,10.0,7.0,9.0,11.0,9.0,9.0,8.0,6.0,5.0,8.0,6.0,7.0,6.0,9.0,11.0,5.0,5.0,3.0,6.0,8.0,6.0,6.0,5.0,6.0,9.0,5.0,10.0,4.0,6.0,5.0,8.0,6.84,4.790204081632653
2016-04-30,16266.8,21212.937898,14.0,11.0,11.0,5.0,11.0,8.0,7.0,6.0,9.0,5.0,8.0,9.0,7.0,12.0,4.0,7.0,8.0,7.0,6.0,6.0,10.0,6.0,8.0,10.0,11.0,4.0,10.0,11.0,9.0,3.0,5.0,8.0,9.0,6.0,3.0,3.0,6.0,6.0,6.0,2.0,6.0,6.0,5.0,6.0,7.0,3.0,4.0,13.0,5.0,6.0,7.16,7.8514285714285705
2016-05-07,18094.3,21023.032884,4.0,7.0,10.0,8.0,12.0,7.0,2.0,2.0,4.0,13.0,8.0,6.0,10.0,9.0,7.0,10.0,14.0,8.0,9.0,7.0,9.0,8.0,8.0,13.0,10.0,9.0,11.0,10.0,13.0,11.0,6.0,3.0,9.0,6.0,11.0,12.0,6.0,10.0,12.0,11.0,8.0,10.0,9.0,7.0,4.0,7.0,12.0,8.0,8.0,8.0,8.52,8.132244897959184
2016-05-14,20196.1,21673.904123,9.0,11.0,6.0,12.0,6.0,9.0,8.0,4.0,15.0,11.0,7.0,5.0,4.0,5.0,16.0,5.0,10.0,8.0,13.0,4.0,8.0,9.0,8.0,7.0,3.0,12.0,5.0,7.0,8.0,10.0,19.0,10.0,11.0,7.0,11.0,7.0,12.0,12.0,10.0,11.0,10.0,17.0,8.0,8.0,10.0,9.0,10.0,11.0,10.0,9.0,9.14,11.265714285714283
2016-05-21,21589.0,22650.730555000002,6.0,12.0,10.0,10.0,9.0,12.0,4.0,13.0,13.0,3.0,13.0,11.0,9.0,14.0,7.0,8.0,8.0,7.0,6.0,9.0,7.0,11.0,9.0,8.0,16.0,7.0,7.0,7.0,18.0,10.0,11.0,2.0,10.0,13.0,11.0,6.0,6.0,12.0,8.0,13.0,5.0,13.0,8.0,10.0,11.0,10.0,17.0,4.0,7.0,8.0,9.38,11.873061224489796
2016-05-28,22537.7,24135.876641,14.0,6.0,9.0,7.0,15.0,14.0,14.0,8.0,15.0,12.0,14.0,8.0,14.0,9.0,9.0,9.0,10.0,12.0,15.0,10.0,7.0,17.0,12.0,9.0,13.0,7.0,12.0,12.0,6.0,9.0,9.0,12.0,15.0,6.0,17.0,12.0,10.0,9.0,10.0,10.0,10.0,12.0,14.0,9.0,11.0,7.0,12.0,5.0,7.0,16.0,10.82,9.742448979591837
2016-06-04,24793.9,24171.590723,11.0,22.0,16.0,12.0,9.0,12.0,19.0,10.0,10.0,7.0,10.0,12.0,10.0,17.0,10.0,17.0,11.0,6.0,6.0,9.0,9.0,17.0,11.0,12.0,8.0,16.0,16.0,8.0,16.0,10.0,13.0,13.0,12.0,11.0,10.0,13.0,13.0,12.0,14.0,14.0,9.0,16.0,11.0,16.0,13.0,10.0,13.0,10.0,12.0,6.0,12.0,11.755102040816327
2016-06-11,27463.2,26315.461098,16.0,14.0,19.0,14.0,12.0,18.0,6.0,10.0,15.0,12.0,7.0,23.0,11.0,9.0,18.0,10.0,16.0,16.0,10.0,16.0,20.0,11.0,13.0,10.0,13.0,13.0,7.0,18.0,8.0,11.0,15.0,10.0,14.0,16.0,10.0,12.0,9.0,12.0,11.0,15.0,11.0,11.0,10.0,17.0,11.0,8.0,15.0,17.0,15.0,8.0,12.86,13.918775510204082
2016-06-18,28542.699999999997,26507.967533,17.0,8.0,14.0,12.0,21.0,16.0,11.0,9.0,12.0,17.0,17.0,17.0,9.0,15.0,14.0,18.0,10.0,18.0,9.0,11.0,12.0,19.0,18.0,22.0,10.0,17.0,12.0,4.0,13.0,14.0,17.0,9.0,13.0,13.0,18.0,15.0,18.0,16.0,14.0,14.0,16.0,10.0,13.0,21.0,15.0,17.0,11.0,19.0,13.0,5.0,14.06,15.97591836734694
2016-06-25,28879.9,24051.730392,21.0,19.0,16.0,16.0,10.0,11.0,11.0,10.0,14.0,10.0,11.0,20.0,15.0,14.0,16.0,13.0,19.0,9.0,12.0,13.0,12.0,17.0,17.0,16.0,15.0,12.0,15.0,11.0,17.0,17.0,10.0,23.0,18.0,9.0,12.0,18.0,18.0,12.0,12.0,10.0,14.0,8.0,12.0,8.0,17.0,14.0,12.0,15.0,12.0,11.0,13.88,12.515918367346938
2016-07-02,29079.899999999998,23311.763363,13.0,12.0,16.0,11.0,14.0,15.0,10.0,16.0,8.0,17.0,9.0,14.0,18.0,18.0,17.0,20.0,16.0,12.0,12.0,9.0,13.0,11.0,13.0,15.0,12.0,12.0,15.0,10.0,15.0,16.0,15.0,13.0,12.0,15.0,18.0,11.0,14.0,16.0,16.0,8.0,12.0,14.0,13.0,9.0,15.0,11.0,21.0,15.0,11.0,17.0,13.7,9.071428571428573
2016-07-09,27418.6,23162.655867,12.0,17.0,16.0,9.0,12.0,17.0,9.0,13.0,18.0,13.0,11.0,18.0,12.0,11.0,12.0,14.0,14.0,13.0,11.0,16.0,13.0,8.0,4.0,7.0,17.0,18.0,15.0,9.0,11.0,11.0,9.0,14.0,12.0,9.0,9.0,12.0,15.0,10.0,12.0,14.0,8.0,10.0,17.0,9.0,11.0,12.0,7.0,9.0,16.0,13.0,12.18,10.722040816326533
2016-07-16,25034.9,21442.190413,15.0,14.0,12.0,18.0,11.0,13.0,18.0,7.0,8.0,9.0,9.0,17.0,13.0,9.0,12.0,12.0,13.0,12.0,8.0,17.0,16.0,20.0,8.0,11.0,13.0,15.0,12.0,18.0,12.0,7.0,15.0,18.0,9.0,13.0,12.0,9.0,7.0,7.0,6.0,22.0,12.0,7.0,11.0,12.0,10.0,13.0,18.0,10.0,10.0,10.0,12.2,14.653061224489797
2016-07-23,23729.3,18783.146877,12.0,12.0,9.0,14.0,13.0,9.0,11.0,15.0,13.0,9.0,9.0,11.0,13.0,8.0,10.0,8.0,8.0,8.0,11.0,15.0,9.0,8.0,9.0,10.0,16.0,19.0,4.0,7.0,17.0,12.0,8.0,16.0,12.0,15.0,24.0,11.0,6.0,8.0,16.0,13.0,10.0,8.0,9.0,11.0,12.0,10.0,8.0,16.0,10.0,19.0,11.42,14.411836734693878
2016-07-30,23898.1,17566.530591,12.0,14.0,17.0,9.0,11.0,9.0,12.0,16.0,15.0,10.0,14.0,9.0,10.0,16.0,19.0,9.0,12.0,9.0,15.0,11.0,18.0,10.0,12.0,8.0,13.0,11.0,4.0,13.0,6.0,15.0,15.0,12.0,13.0,8.0,17.0,10.0,15.0,8.0,14.0,13.0,11.0,13.0,14.0,11.0,7.0,10.0,7.0,17.0,10.0,7.0,11.82,11.293469387755103
2016-08-06,24796.3,17257.904808,10.0,13.0,10.0,12.0,9.0,14.0,11.0,13.0,15.0,10.0,5.0,11.0,14.0,11.0,11.0,9.0,5.0,8.0,14.0,11.0,10.0,16.0,9.0,13.0,11.0,12.0,13.0,10.0,12.0,14.0,14.0,14.0,9.0,14.0,13.0,17.0,10.0,11.0,13.0,15.0,16.0,18.0,8.0,13.0,11.0,7.0,13.0,9.0,12.0,13.0,11.72,7.675102040816326
2016-08-13,24408.3,16652.853698,8.0,15.0,16.0,13.0,14.0,18.0,15.0,17.0,10.0,15.0,11.0,11.0,12.0,12.0,11.0,9.0,16.0,15.0,17.0,14.0,12.0,14.0,10.0,14.0,10.0,14.0,17.0,19.0,13.0,10.0,13.0,10.0,8.0,13.0,16.0,5.0,7.0,8.0,10.0,16.0,13.0,7.0,11.0,10.0,12.0,17.0,9.0,14.0,14.0,8.0,12.46,10.620816326530614
2016-08-20,22807.7,15891.760758,10.0,5.0,16.0,7.0,15.0,8.0,7.0,16.0,10.0,20.0,8.0,14.0,11.0,12.0,10.0,15.0,4.0,9.0,6.0,10.0,12.0,11.0,21.0,16.0,13.0,5.0,8.0,15.0,8.0,12.0,8.0,10.0,14.0,10.0,7.0,15.0,8.0,15.0,5.0,12.0,13.0,10.0,19.0,9.0,6.0,14.0,7.0,13.0,6.0,11.0,10.92,16.483265306122448
2016-08-27,21901.9,16457.867694,11.0,7.0,11.0,9.0,11.0,11.0,13.0,7.0,10.0,6.0,4.0,13.0,8.0,9.0,17.0,8.0,8.0,10.0,8.0,6.0,15.0,13.0,14.0,10.0,13.0,10.0,15.0,13.0,8.0,7.0,11.0,12.0,9.0,12.0,14.0,11.0,13.0,11.0,14.0,11.0,7.0,11.0,9.0,13.0,8.0,10.0,16.0,7.0,16.0,9.0,10.58,8.656734693877551
2016-09-03,21903.2,16324.03031,7.0,11.0,8.0,4.0,10.0,2.0,10.0,9.0,9.0,15.0,4.0,12.0,10.0,10.0,14.0,14.0,16.0,10.0,11.0,11.0,14.0,11.0,8.0,9.0,9.0,8.0,13.0,10.0,8.0,16.0,9.0,9.0,9.0,7.0,11.0,2.0,12.0,11.0,7.0,4.0,12.0,7.0,11.0,8.0,11.0,14.0,8.0,5.0,5.0,14.0,9.58,11.228163265306122
2016-09-10,21559.5,15695.887269,7.0,14.0,8.0,8.0,13.0,10.0,14.0,4.0,11.0,11.0,10.0,13.0,19.0,16.0,10.0,11.0,16.0,11.0,8.0,6.0,14.0,10.0,10.0,4.0,17.0,10.0,9.0,13.0,8.0,8.0,8.0,11.0,10.0,7.0,13.0,16.0,13.0,14.0,10.0,11.0,11.0,8.0,14.0,15.0,11.0,7.0,4.0,10.0,9.0,11.0,10.72,11.266938775510205
2016-09-17,22306.2,17277.628464,6.0,17.0,7.0,11.0,13.0,11.0,12.0,18.0,13.0,7.0,8.0,13.0,15.0,5.0,12.0,5.0,7.0,7.0,17.0,11.0,12.0,12.0,6.0,11.0,8.0,10.0,14.0,10.0,14.0,15.0,9.0,14.0,9.0,11.0,10.0,12.0,11.0,12.0,10.0,8.0,14.0,8.0,12.0,13.0,16.0,11.0,11.0,10.0,11.0,9.0,10.96,9.712653061224488
2016-09-24,25034.0,19191.17024,15.0,12.0,14.0,13.0,11.0,13.0,11.0,9.0,10.0,12.0,12.0,11.0,11.0,9.0,10.0,10.0,13.0,14.0,9.0,9.0,17.0,7.0,12.0,13.0,14.0,10.0,13.0,13.0,11.0,13.0,12.0,13.0,12.0,11.0,6.0,15.0,16.0,22.0,6.0,14.0,12.0,13.0,18.0,18.0,11.0,14.0,16.0,9.0,27.0,15.0,12.62,13.383265306122448
2016-10-01,26673.4,22276.104182,14.0,14.0,13.0,12.0,11.0,10.0,13.0,10.0,6.0,11.0,12.0,11.0,14.0,13.0,15.0,10.0,11.0,16.0,16.0,16.0,11.0,13.0,16.0,16.0,20.0,13.0,7.0,14.0,11.0,13.0,23.0,14.0,12.0,14.0,12.0,23.0,12.0,14.0,15.0,13.0,14.0,15.0,14.0,9.0,21.0,19.0,5.0,5.0,14.0,18.0,13.36,14.684081632653058
2016-10-08,26582.0,25106.851353,5.0,17.0,15.0,12.0,13.0,19.0,13.0,13.0,6.0,9.0,12.0,5.0,14.0,13.0,12.0,17.0,15.0,10.0,11.0,12.0,13.0,8.0,11.0,15.0,14.0,12.0,19.0,13.0,10.0,11.0,14.0,14.0,9.0,9.0,12.0,11.0,12.0,11.0,9.0,12.0,15.0,14.0,10.0,12.0,21.0,12.0,8.0,19.0,19.0,15.0,12.54,12.294285714285715
2016-10-15,26070.7,26798.945083,19.0,15.0,10.0,10.0,7.0,14.0,23.0,7.0,11.0,15.0,11.0,13.0,6.0,14.0,13.0,16.0,14.0,18.0,14.0,12.0,17.0,11.0,7.0,8.0,16.0,15.0,20.0,18.0,9.0,16.0,14.0,11.0,10.0,12.0,15.0,12.0,11.0,15.0,14.0,9.0,10.0,15.0,21.0,17.0,18.0,17.0,11.0,10.0,15.0,18.0,13.48,14.948571428571427
2016-10-22,26147.9,29597.028236,13.0,10.0,11.0,13.0,14.0,10.0,9.0,12.0,15.0,15.0,18.0,11.0,10.0,19.0,12.0,15.0,10.0,10.0,13.0,9.0,12.0,11.0,21.0,12.0,9.0,7.0,10.0,14.0,13.0,15.0,9.0,7.0,11.0,13.0,11.0,14.0,12.0,14.0,10.0,18.0,15.0,9.0,10.0,13.0,16.0,10.0,12.0,19.0,6.0,14.0,12.32,10.303673469387757
2016-10-29,26759.5,31053.007984,15.0,12.0,20.0,11.0,7.0,18.0,13.0,21.0,10.0,10.0,14.0,10.0,15.0,14.0,10.0,15.0,12.0,16.0,12.0,12.0,12.0,7.0,20.0,14.0,11.0,14.0,5.0,10.0,12.0,14.0,13.0,13.0,11.0,14.0,10.0,8.0,7.0,14.0,4.0,14.0,14.0,13.0,15.0,11.0,11.0,19.0,18.0,11.0,17.0,19.0,12.84,14.177959183673467
2016-11-05,27489.4,30938.503377,15.0,18.0,22.0,20.0,10.0,13.0,13.0,12.0,12.0,11.0,13.0,14.0,10.0,8.0,17.0,17.0,13.0,16.0,6.0,17.0,10.0,10.0,14.0,12.0,17.0,19.0,13.0,17.0,16.0,7.0,16.0,12.0,13.0,13.0,8.0,16.0,20.0,19.0,7.0,12.0,13.0,12.0,11.0,9.0,4.0,19.0,23.0,13.0,15.0,19.0,13.72,17.675102040816327
2016-11-12,28392.8,32022.125266,9.0,10.0,13.0,15.0,15.0,11.0,14.0,14.0,12.0,13.0,6.0,12.0,14.0,16.0,20.0,16.0,24.0,9.0,10.0,24.0,11.0,15.0,18.0,13.0,8.0,14.0,11.0,14.0,12.0,13.0,13.0,16.0,15.0,11.0,18.0,16.0,11.0,16.0,11.0,10.0,13.0,10.0,12.0,12.0,17.0,8.0,10.0,17.0,17.0,11.0,13.4,13.387755102040817
2016-11-19,29118.3,32554.748672,18.0,16.0,15.0,15.0,12.0,17.0,12.0,10.0,12.0,16.0,15.0,13.0,14.0,12.0,19.0,17.0,11.0,23.0,12.0,14.0,14.0,8.0,13.0,21.0,11.0,14.0,14.0,12.0,8.0,18.0,10.0,13.0,20.0,15.0,15.0,7.0,18.0,10.0,13.0,11.0,11.0,13.0,11.0,18.0,15.0,12.0,16.0,13.0,14.0,15.0,13.92,11.013877551020407
2016-11-26,29360.100000000002,32227.681881,17.0,14.0,11.0,11.0,16.0,8.0,18.0,12.0,20.0,15.0,19.0,13.0,13.0,17.0,12.0,13.0,18.0,12.0,13.0,17.0,21.0,15.0,11.0,14.0,16.0,19.0,15.0,12.0,15.0,11.0,14.0,16.0,18.0,13.0,14.0,14.0,17.0,11.0,15.0,21.0,14.0,9.0,18.0,14.0,15.0,13.0,19.0,13.0,16.0,10.0,14.64,9.296326530612243
2016-12-03,29020.5,32524.465632,22.0,14.0,14.0,16.0,11.0,10.0,7.0,7.0,15.0,16.0,12.0,20.0,11.0,10.0,12.0,13.0,13.0,16.0,13.0,15.0,15.0,14.0,17.0,16.0,11.0,16.0,12.0,16.0,12.0,14.0,13.0,17.0,14.0,11.0,24.0,19.0,21.0,12.0,11.0,18.0,17.0,12.0,19.0,16.0,16.0,12.0,11.0,17.0,14.0,18.0,14.44,12.414693877551018
2016-12-10,27974.5,31507.114374999997,16.0,15.0,9.0,13.0,10.0,11.0,16.0,14.0,12.0,11.0,8.0,10.0,16.0,18.0,8.0,7.0,7.0,16.0,10.0,8.0,10.0,13.0,13.0,13.0,19.0,6.0,13.0,7.0,10.0,15.0,20.0,20.0,10.0,13.0,17.0,13.0,13.0,20.0,15.0,8.0,10.0,12.0,20.0,15.0,16.0,10.0,16.0,14.0,17.0,14.0,12.94,14.628979591836735
2016-12-17,26646.1,28647.209848,5.0,8.0,12.0,13.0,21.0,15.0,18.0,7.0,17.0,10.0,12.0,7.0,6.0,12.0,15.0,13.0,11.0,12.0,13.0,6.0,12.0,15.0,12.0,10.0,11.0,18.0,13.0,16.0,13.0,15.0,12.0,17.0,7.0,18.0,16.0,7.0,12.0,12.0,12.0,18.0,13.0,9.0,13.0,12.0,17.0,8.0,14.0,11.0,14.0,17.0,12.54,13.600408163265307
2016-12-24,25268.5,25870.375689,12.0,8.0,8.0,13.0,10.0,8.0,10.0,10.0,11.0,11.0,14.0,11.0,12.0,19.0,8.0,10.0,12.0,7.0,9.0,9.0,7.0,12.0,13.0,15.0,12.0,10.0,15.0,12.0,10.0,11.0,12.0,11.0,8.0,9.0,8.0,19.0,16.0,10.0,10.0,17.0,14.0,11.0,7.0,14.0,11.0,9.0,9.0,12.0,12.0,8.0,11.12,8.230204081632653
2016-12-31,23609.7,23778.627234,20.0,8.0,5.0,11.0,10.0,9.0,12.0,7.0,7.0,9.0,10.0,16.0,14.0,17.0,11.0,19.0,9.0,13.0,6.0,18.0,11.0,15.0,12.0,13.0,12.0,10.0,10.0,11.0,15.0,10.0,11.0,7.0,13.0,8.0,15.0,11.0,14.0,14.0,11.0,14.0,11.0,5.0,12.0,12.0,8.0,17.0,17.0,13.0,17.0,7.0,11.74,13.175918367346936
2017-01-07,21948.7,21939.68309,7.0,18.0,11.0,15.0,10.0,14.0,14.0,9.0,15.0,15.0,14.0,9.0,13.0,17.0,7.0,12.0,7.0,11.0,10.0,8.0,4.0,9.0,9.0,15.0,9.0,11.0,4.0,8.0,13.0,14.0,11.0,17.0,13.0,11.0,13.0,11.0,7.0,16.0,11.0,8.0,16.0,13.0,10.0,6.0,9.0,12.0,12.0,10.0,8.0,5.0,11.02,11.856734693877554
2017-01-14,20873.7,20880.3674,9.0,14.0,9.0,11.0,11.0,9.0,9.0,14.0,18.0,12.0,4.0,7.0,8.0,14.0,9.0,16.0,9.0,13.0,13.0,8.0,11.0,5.0,14.0,11.0,7.0,14.0,9.0,9.0,6.0,7.0,12.0,6.0,9.0,13.0,6.0,10.0,11.0,9.0,9.0,9.0,11.0,8.0,13.0,12.0,13.0,13.0,6.0,12.0,9.0,8.0,10.18,8.885306122448979
2017-01-21,20165.6,17105.368211,8.0,12.0,13.0,16.0,7.0,11.0,10.0,16.0,12.0,7.0,8.0,12.0,10.0,10.0,10.0,15.0,13.0,11.0,15.0,5.0,7.0,8.0,9.0,6.0,10.0,8.0,8.0,7.0,14.0,13.0,7.0,16.0,13.0,10.0,16.0,10.0,7.0,8.0,6.0,11.0,8.0,7.0,6.0,8.0,8.0,7.0,14.0,15.0,7.0,10.0,10.1,10.051020408163266
2017-01-28,19418.2,15184.002575,10.0,7.0,7.0,7.0,11.0,8.0,12.0,7.0,11.0,12.0,5.0,6.0,9.0,12.0,10.0,14.0,14.0,9.0,12.0,16.0,9.0,8.0,8.0,14.0,11.0,15.0,10.0,6.0,14.0,9.0,13.0,10.0,12.0,8.0,11.0,14.0,10.0,12.0,9.0,9.0,7.0,9.0,9.0,15.0,10.0,8.0,7.0,15.0,12.0,8.0,10.22,7.603673469387756
2017-02-04,18255.6,14399.074324000001,7.0,6.0,9.0,4.0,10.0,5.0,12.0,15.0,10.0,7.0,9.0,12.0,8.0,8.0,14.0,14.0,9.0,16.0,4.0,8.0,9.0,6.0,9.0,7.0,13.0,6.0,9.0,10.0,12.0,12.0,9.0,12.0,6.0,7.0,11.0,7.0,8.0,10.0,5.0,8.0,7.0,10.0,6.0,8.0,10.0,13.0,9.0,8.0,10.0,10.0,9.08,7.789387755102041
2017-02-11,16550.8,14210.696891,7.0,10.0,11.0,3.0,6.0,9.0,17.0,5.0,3.0,8.0,8.0,10.0,6.0,6.0,3.0,6.0,9.0,8.0,7.0,13.0,5.0,9.0,7.0,14.0,5.0,10.0,9.0,4.0,4.0,6.0,3.0,7.0,6.0,9.0,2.0,7.0,10.0,8.0,10.0,6.0,8.0,6.0,9.0,12.0,4.0,8.0,8.0,8.0,2.0,7.0,7.36,9.337142857142856
2017-02-18,14493.5,13416.26003,6.0,8.0,5.0,7.0,7.0,6.0,5.0,12.0,6.0,4.0,9.0,3.0,6.0,9.0,9.0,3.0,2.0,5.0,6.0,9.0,7.0,9.0,1.0,7.0,7.0,4.0,2.0,4.0,6.0,9.0,6.0,6.0,8.0,9.0,7.0,9.0,5.0,3.0,7.0,10.0,3.0,8.0,9.0,6.0,9.0,8.0,5.0,5.0,9.0,15.0,6.6,7.10204081632653
2017-02-25,12483.3,12885.205030000001,3.0,5.0,2.0,6.0,6.0,8.0,5.0,6.0,3.0,8.0,5.0,2.0,1.0,5.0,6.0,7.0,6.0,14.0,7.0,2.0,5.0,3.0,4.0,11.0,6.0,5.0,6.0,6.0,3.0,11.0,5.0,6.0,6.0,5.0,5.0,4.0,6.0,4.0,3.0,7.0,2.0,6.0,6.0,9.0,10.0,6.0,4.0,4.0,8.0,3.0,5.52,6.417959183673468
2017-03-04,10808.4,12709.784495,1.0,2.0,6.0,7.0,7.0,4.0,9.0,6.0,5.0,10.0,2.0,8.0,9.0,7.0,6.0,7.0,6.0,7.0,6.0,7.0,4.0,4.0,3.0,2.0,1.0,6.0,2.0,3.0,2.0,7.0,4.0,4.0,6.0,4.0,6.0,7.0,6.0,2.0,4.0,6.0,4.0,3.0,4.0,3.0,6.0,3.0,8.0,7.0,9.0,2.0,5.08,5.340408163265306
2017-03-11,9599.7,11875.731522,3.0,1.0,4.0,6.0,2.0,3.0,3.0,2.0,5.0,6.0,8.0,3.0,8.0,4.0,2.0,4.0,5.0,4.0,5.0,8.0,2.0,3.0,5.0,4.0,3.0,0.0,4.0,5.0,6.0,4.0,9.0,3.0,1.0,1.0,5.0,1.0,4.0,5.0,2.0,4.0,2.0,2.0,6.0,6.0,4.0,7.0,3.0,5.0,5.0,4.0,4.02,4.060816326530612
2017-03-18,9148.8,12237.26914,10.0,5.0,5.0,8.0,6.0,4.0,4.0,6.0,4.0,3.0,3.0,5.0,9.0,7.0,6.0,5.0,5.0,3.0,2.0,2.0,5.0,9.0,6.0,2.0,6.0,3.0,3.0,5.0,6.0,3.0,9.0,8.0,4.0,5.0,5.0,3.0,5.0,3.0,4.0,4.0,7.0,3.0,1.0,3.0,4.0,8.0,3.0,5.0,6.0,5.0,4.9,4.255102040816327
2017-03-25,9839.4,13900.859902,3.0,3.0,5.0,5.0,6.0,8.0,6.0,11.0,4.0,2.0,10.0,2.0,7.0,4.0,3.0,4.0,3.0,7.0,5.0,2.0,9.0,6.0,3.0,4.0,6.0,6.0,4.0,6.0,3.0,2.0,5.0,5.0,5.0,1.0,5.0,3.0,3.0,6.0,7.0,5.0,3.0,5.0,6.0,11.0,4.0,7.0,5.0,2.0,4.0,5.0,4.92,5.0955102040816325
2017-04-01,11530.2,15864.812924999998,10.0,4.0,6.0,6.0,12.0,4.0,8.0,8.0,6.0,4.0,5.0,7.0,13.0,6.0,4.0,5.0,5.0,5.0,8.0,8.0,6.0,1.0,9.0,3.0,7.0,5.0,6.0,4.0,8.0,6.0,6.0,9.0,5.0,4.0,7.0,4.0,6.0,1.0,3.0,1.0,6.0,4.0,8.0,3.0,6.0,7.0,5.0,4.0,2.0,2.0,5.64,6.4799999999999995
2017-04-08,13388.3,16889.928235,9.0,3.0,6.0,10.0,7.0,5.0,6.0,6.0,7.0,6.0,5.0,8.0,5.0,5.0,7.0,9.0,9.0,6.0,10.0,10.0,7.0,4.0,6.0,5.0,8.0,7.0,9.0,10.0,10.0,9.0,11.0,5.0,7.0,3.0,3.0,7.0,7.0,6.0,6.0,7.0,6.0,8.0,6.0,4.0,4.0,4.0,10.0,5.0,5.0,8.0,6.72,4.409795918367347
2017-04-15,14570.0,17913.426562,6.0,4.0,8.0,10.0,5.0,11.0,9.0,9.0,13.0,8.0,7.0,6.0,9.0,4.0,9.0,10.0,11.0,4.0,8.0,10.0,2.0,8.0,4.0,9.0,4.0,10.0,7.0,9.0,8.0,15.0,11.0,6.0,11.0,8.0,7.0,5.0,2.0,4.0,9.0,7.0,11.0,7.0,7.0,11.0,7.0,5.0,10.0,4.0,6.0,7.0,7.64,7.826938775510205
2017-04-22,14898.4,18621.439885,4.0,6.0,6.0,5.0,9.0,4.0,2.0,5.0,10.0,12.0,8.0,5.0,5.0,8.0,7.0,8.0,11.0,10.0,7.0,3.0,6.0,5.0,10.0,6.0,9.0,6.0,7.0,8.0,6.0,7.0,9.0,4.0,9.0,4.0,10.0,9.0,6.0,7.0,13.0,4.0,4.0,5.0,5.0,6.0,13.0,9.0,5.0,6.0,6.0,8.0,6.94,6.424897959183674
2017-04-29,15339.3,18362.697922,9.0,6.0,10.0,6.0,3.0,13.0,8.0,8.0,7.0,2.0,9.0,7.0,6.0,7.0,18.0,12.0,5.0,6.0,3.0,14.0,10.0,7.0,5.0,13.0,5.0,2.0,6.0,11.0,7.0,6.0,9.0,3.0,10.0,6.0,8.0,5.0,6.0,10.0,7.0,5.0,7.0,9.0,12.0,7.0,9.0,7.0,5.0,7.0,7.0,11.0,7.62,10.077142857142858
2017-05-06,16748.7,19074.149735,8.0,8.0,10.0,2.0,10.0,6.0,10.0,12.0,9.0,7.0,8.0,5.0,7.0,8.0,9.0,5.0,11.0,9.0,10.0,11.0,9.0,10.0,10.0,11.0,9.0,9.0,10.0,7.0,12.0,8.0,14.0,6.0,7.0,7.0,11.0,4.0,10.0,10.0,9.0,9.0,8.0,3.0,7.0,13.0,10.0,8.0,11.0,6.0,11.0,7.0,8.62,5.913877551020407
2017-05-13,19030.4,20668.466134,4.0,6.0,14.0,10.0,11.0,6.0,7.0,9.0,4.0,9.0,3.0,13.0,7.0,7.0,8.0,13.0,7.0,10.0,7.0,5.0,7.0,9.0,10.0,7.0,10.0,9.0,4.0,8.0,5.0,10.0,13.0,5.0,9.0,11.0,15.0,9.0,15.0,12.0,9.0,4.0,7.0,7.0,7.0,7.0,7.0,6.0,12.0,10.0,9.0,12.0,8.5,8.86734693877551
2017-05-20,21391.7,21156.673910999998,8.0,15.0,11.0,14.0,9.0,8.0,12.0,17.0,13.0,8.0,7.0,12.0,9.0,12.0,12.0,9.0,10.0,16.0,15.0,17.0,13.0,10.0,6.0,8.0,10.0,8.0,12.0,8.0,8.0,8.0,14.0,10.0,12.0,7.0,8.0,11.0,11.0,11.0,11.0,8.0,7.0,16.0,4.0,16.0,9.0,9.0,11.0,8.0,13.0,7.0,10.56,9.51673469387755
2017-05-27,23392.5,21941.503167,14.0,8.0,12.0,13.0,8.0,4.0,12.0,9.0,12.0,6.0,8.0,14.0,8.0,10.0,13.0,10.0,13.0,15.0,8.0,15.0,13.0,12.0,12.0,13.0,15.0,13.0,8.0,10.0,7.0,7.0,18.0,8.0,14.0,8.0,12.0,6.0,9.0,10.0,11.0,9.0,11.0,15.0,5.0,15.0,9.0,12.0,8.0,14.0,9.0,6.0,10.62,9.913877551020407
2017-06-03,25479.5,22774.836642000002,9.0,11.0,18.0,7.0,13.0,9.0,12.0,12.0,9.0,13.0,13.0,12.0,14.0,14.0,15.0,16.0,13.0,15.0,7.0,11.0,15.0,11.0,11.0,11.0,9.0,8.0,7.0,12.0,11.0,10.0,14.0,16.0,12.0,16.0,14.0,14.0,8.0,8.0,11.0,15.0,15.0,17.0,15.0,14.0,11.0,13.0,15.0,10.0,16.0,3.0,12.1,9.642857142857142
2017-06-10,26219.6,23672.172033,10.0,12.0,8.0,6.0,14.0,17.0,9.0,11.0,16.0,17.0,9.0,7.0,13.0,14.0,13.0,14.0,16.0,15.0,15.0,17.0,10.0,11.0,19.0,6.0,13.0,11.0,12.0,11.0,15.0,15.0,10.0,10.0,11.0,17.0,15.0,13.0,15.0,4.0,10.0,8.0,13.0,7.0,8.0,16.0,10.0,10.0,15.0,9.0,7.0,13.0,11.94,12.179999999999998
2017-06-17,24636.9,23856.998713,9.0,14.0,9.0,10.0,14.0,8.0,14.0,13.0,11.0,12.0,20.0,10.0,16.0,13.0,17.0,14.0,19.0,15.0,9.0,16.0,11.0,15.0,10.0,8.0,14.0,5.0,11.0,17.0,10.0,13.0,15.0,10.0,13.0,10.0,12.0,9.0,13.0,12.0,14.0,7.0,10.0,8.0,15.0,11.0,16.0,12.0,17.0,10.0,14.0,13.0,12.36,10.071836734693877
2017-06-24,23031.5,22253.968318,10.0,12.0,21.0,9.0,11.0,8.0,10.0,6.0,13.0,9.0,10.0,11.0,13.0,9.0,9.0,11.0,13.0,12.0,15.0,9.0,13.0,14.0,6.0,14.0,13.0,7.0,11.0,11.0,19.0,7.0,13.0,11.0,10.0,14.0,10.0,11.0,13.0,16.0,13.0,11.0,10.0,7.0,11.0,9.0,9.0,5.0,11.0,9.0,8.0,6.0,10.86,9.796326530612243
2017-07-01,22960.6,20183.857078,11.0,5.0,4.0,13.0,8.0,12.0,7.0,7.0,11.0,11.0,14.0,15.0,11.0,4.0,15.0,14.0,8.0,8.0,13.0,10.0,12.0,11.0,10.0,8.0,7.0,12.0,10.0,10.0,9.0,7.0,12.0,13.0,16.0,12.0,14.0,11.0,10.0,4.0,10.0,12.0,12.0,8.0,15.0,9.0,4.0,8.0,13.0,13.0,9.0,13.0,10.3,9.683673469387756
2017-07-08,23866.5,19400.525196,15.0,13.0,12.0,10.0,9.0,8.0,15.0,15.0,12.0,7.0,10.0,12.0,9.0,7.0,12.0,17.0,11.0,14.0,17.0,10.0,14.0,10.0,14.0,10.0,9.0,13.0,9.0,9.0,10.0,10.0,5.0,5.0,9.0,11.0,17.0,6.0,9.0,11.0,18.0,9.0,9.0,8.0,11.0,14.0,13.0,9.0,14.0,11.0,17.0,15.0,11.28,10.368979591836734
2017-07-15,24572.0,20153.963894,15.0,11.0,7.0,13.0,10.0,4.0,16.0,16.0,20.0,10.0,7.0,9.0,11.0,15.0,12.0,14.0,13.0,10.0,10.0,10.0,17.0,12.0,12.0,11.0,15.0,7.0,8.0,13.0,6.0,11.0,9.0,10.0,11.0,13.0,10.0,7.0,13.0,14.0,11.0,7.0,21.0,10.0,7.0,14.0,8.0,8.0,14.0,15.0,9.0,8.0,11.28,12.491428571428573
2017-07-22,24751.399999999998,19776.698134,7.0,13.0,9.0,12.0,12.0,11.0,12.0,13.0,17.0,12.0,11.0,8.0,9.0,9.0,11.0,12.0,14.0,10.0,17.0,16.0,9.0,10.0,12.0,14.0,10.0,9.0,7.0,13.0,13.0,9.0,11.0,7.0,15.0,14.0,12.0,5.0,12.0,9.0,10.0,10.0,9.0,17.0,10.0,8.0,12.0,10.0,15.0,9.0,13.0,11.0,11.2,7.428571428571429
2017-07-29,24597.4,18317.064964,13.0,9.0,9.0,6.0,10.0,14.0,13.0,7.0,11.0,13.0,9.0,11.0,6.0,11.0,9.0,15.0,13.0,13.0,9.0,18.0,14.0,11.0,8.0,11.0,13.0,12.0,14.0,11.0,11.0,10.0,24.0,12.0,11.0,12.0,20.0,18.0,13.0,8.0,7.0,7.0,19.0,5.0,14.0,13.0,18.0,5.0,9.0,9.0,10.0,23.0,11.82,17.90571428571429
2017-08-05,23532.2,17550.334009,9.0,9.0,14.0,16.0,12.0,4.0,13.0,6.0,14.0,15.0,18.0,8.0,5.0,11.0,7.0,10.0,16.0,14.0,13.0,16.0,8.0,9.0,14.0,13.0,4.0,15.0,20.0,18.0,8.0,15.0,12.0,6.0,11.0,7.0,16.0,12.0,14.0,14.0,13.0,16.0,13.0,10.0,8.0,14.0,17.0,10.0,12.0,11.0,5.0,4.0,11.58,16.534285714285712
2017-08-12,21924.5,17041.126463,7.0,14.0,7.0,4.0,14.0,12.0,17.0,16.0,19.0,12.0,8.0,10.0,6.0,8.0,6.0,5.0,11.0,10.0,15.0,7.0,19.0,6.0,13.0,13.0,13.0,10.0,13.0,15.0,9.0,6.0,11.0,8.0,13.0,15.0,6.0,12.0,13.0,14.0,3.0,7.0,9.0,11.0,11.0,8.0,7.0,11.0,6.0,12.0,10.0,11.0,10.46,14.375918367346943
2017-08-19,21990.3,17756.793008,7.0,10.0,7.0,9.0,15.0,10.0,12.0,8.0,10.0,6.0,15.0,16.0,13.0,10.0,8.0,13.0,15.0,13.0,10.0,7.0,12.0,12.0,8.0,16.0,9.0,3.0,17.0,15.0,7.0,11.0,17.0,7.0,16.0,10.0,7.0,8.0,19.0,17.0,6.0,9.0,15.0,8.0,11.0,16.0,8.0,9.0,19.0,11.0,11.0,7.0,11.1,14.948979591836734
2017-08-26,23873.9,20387.164569,11.0,15.0,11.0,13.0,7.0,10.0,5.0,11.0,8.0,9.0,15.0,12.0,13.0,15.0,13.0,16.0,12.0,10.0,12.0,12.0,10.0,10.0,11.0,8.0,14.0,18.0,10.0,13.0,14.0,14.0,12.0,10.0,9.0,13.0,6.0,7.0,15.0,20.0,11.0,10.0,8.0,11.0,20.0,6.0,11.0,11.0,9.0,12.0,10.0,11.0,11.48,10.336326530612245
2017-09-02,25348.2,22102.342269,16.0,13.0,6.0,10.0,9.0,12.0,13.0,10.0,10.0,7.0,11.0,14.0,17.0,12.0,8.0,18.0,10.0,7.0,16.0,14.0,8.0,17.0,12.0,14.0,8.0,4.0,11.0,15.0,15.0,9.0,15.0,15.0,12.0,11.0,10.0,15.0,14.0,10.0,10.0,13.0,10.0,10.0,12.0,17.0,10.0,11.0,12.0,8.0,15.0,10.0,11.72,10.042448979591837
2017-09-09,25552.6,24415.556732,12.0,19.0,8.0,13.0,13.0,13.0,15.0,12.0,13.0,7.0,15.0,7.0,13.0,19.0,15.0,8.0,16.0,12.0,9.0,7.0,8.0,11.0,18.0,9.0,12.0,13.0,7.0,10.0,8.0,16.0,17.0,13.0,5.0,15.0,7.0,13.0,13.0,11.0,17.0,11.0,18.0,7.0,12.0,13.0,10.0,9.0,8.0,12.0,20.0,13.0,12.04,13.87591836734694
2017-09-16,25035.3,26271.415526,15.0,13.0,8.0,10.0,15.0,7.0,16.0,11.0,11.0,10.0,15.0,18.0,10.0,11.0,13.0,13.0,16.0,12.0,8.0,15.0,11.0,12.0,8.0,13.0,15.0,14.0,12.0,11.0,6.0,11.0,10.0,16.0,15.0,11.0,9.0,13.0,11.0,9.0,9.0,7.0,8.0,10.0,13.0,10.0,9.0,10.0,15.0,9.0,10.0,7.0,11.42,8.166938775510204
2017-09-23,24461.3,26442.671747,9.0,7.0,13.0,10.0,7.0,5.0,13.0,18.0,14.0,16.0,9.0,7.0,17.0,15.0,14.0,9.0,14.0,12.0,11.0,17.0,11.0,14.0,6.0,16.0,14.0,13.0,15.0,15.0,11.0,8.0,12.0,9.0,7.0,11.0,7.0,11.0,15.0,17.0,15.0,14.0,7.0,12.0,8.0,10.0,11.0,13.0,9.0,11.0,15.0,9.0,11.66,11.331020408163269
2017-09-30,24711.3,28456.857214,17.0,9.0,10.0,13.0,14.0,19.0,10.0,18.0,11.0,15.0,16.0,14.0,5.0,14.0,9.0,11.0,9.0,15.0,14.0,11.0,10.0,13.0,11.0,17.0,14.0,17.0,13.0,17.0,12.0,11.0,1.0,15.0,12.0,13.0,10.0,14.0,14.0,17.0,11.0,12.0,5.0,11.0,14.0,12.0,16.0,12.0,7.0,9.0,18.0,9.0,12.42,13.146530612244899
2017-10-07,26120.8,30922.025325000002,9.0,9.0,10.0,11.0,17.0,10.0,10.0,9.0,10.0,13.0,10.0,8.0,18.0,12.0,11.0,7.0,14.0,11.0,19.0,13.0,20.0,15.0,10.0,19.0,7.0,13.0,8.0,10.0,12.0,12.0,12.0,10.0,13.0,16.0,13.0,20.0,14.0,9.0,14.0,11.0,22.0,6.0,12.0,7.0,17.0,13.0,14.0,7.0,19.0,15.0,12.42,15.268979591836734
2017-10-14,27134.1,32184.932427,17.0,8.0,20.0,15.0,11.0,21.0,11.0,13.0,8.0,8.0,13.0,18.0,20.0,8.0,14.0,15.0,8.0,15.0,15.0,9.0,10.0,16.0,20.0,21.0,9.0,15.0,10.0,9.0,11.0,13.0,14.0,18.0,12.0,15.0,8.0,14.0,8.0,8.0,8.0,12.0,16.0,11.0,17.0,13.0,15.0,14.0,9.0,14.0,11.0,12.0,13.0,15.061224489795919
2017-10-21,26426.1,30860.041068,13.0,14.0,14.0,15.0,20.0,15.0,10.0,13.0,15.0,20.0,8.0,14.0,6.0,11.0,10.0,14.0,11.0,19.0,8.0,8.0,10.0,15.0,15.0,19.0,16.0,11.0,12.0,14.0,8.0,14.0,9.0,15.0,14.0,5.0,18.0,13.0,14.0,17.0,11.0,14.0,8.0,11.0,16.0,11.0,14.0,10.0,12.0,16.0,16.0,13.0,12.98,12.183265306122449
2017-10-28,24153.6,30490.793484,5.0,13.0,11.0,21.0,10.0,17.0,7.0,12.0,8.0,12.0,12.0,13.0,9.0,12.0,13.0,11.0,14.0,9.0,10.0,14.0,10.0,11.0,13.0,18.0,13.0,17.0,6.0,10.0,15.0,9.0,15.0,14.0,12.0,6.0,9.0,4.0,17.0,7.0,12.0,13.0,10.0,12.0,17.0,18.0,12.0,12.0,13.0,14.0,11.0,5.0,11.76,13.288163265306121
2017-11-04,21491.1,29398.429431,11.0,12.0,10.0,6.0,6.0,13.0,10.0,9.0,12.0,13.0,6.0,14.0,8.0,12.0,17.0,20.0,10.0,10.0,7.0,11.0,2.0,12.0,7.0,11.0,8.0,9.0,9.0,6.0,14.0,4.0,11.0,9.0,6.0,10.0,12.0,12.0,12.0,5.0,10.0,8.0,17.0,9.0,12.0,12.0,9.0,9.0,17.0,7.0,5.0,12.0,10.06,12.588163265306124
2017-11-11,19758.5,28664.265133,9.0,8.0,10.0,9.0,10.0,11.0,15.0,12.0,11.0,11.0,8.0,9.0,11.0,13.0,7.0,10.0,8.0,9.0,3.0,7.0,13.0,12.0,11.0,8.0,12.0,8.0,8.0,7.0,9.0,10.0,6.0,4.0,11.0,12.0,14.0,10.0,10.0,9.0,7.0,11.0,4.0,5.0,2.0,11.0,17.0,14.0,14.0,9.0,12.0,16.0,9.74,10.073877551020407
2017-11-18,18716.1,30360.058619,9.0,5.0,7.0,10.0,10.0,5.0,10.0,7.0,8.0,8.0,7.0,9.0,9.0,3.0,8.0,10.0,7.0,6.0,12.0,9.0,7.0,11.0,13.0,13.0,5.0,11.0,10.0,15.0,10.0,9.0,11.0,11.0,10.0,9.0,6.0,8.0,10.0,9.0,10.0,10.0,17.0,11.0,7.0,13.0,14.0,11.0,12.0,10.0,12.0,12.0,9.52,7.356734693877551
2017-11-25,16987.8,28610.141272,9.0,12.0,9.0,7.0,8.0,6.0,9.0,3.0,9.0,10.0,9.0,15.0,11.0,7.0,9.0,5.0,9.0,7.0,7.0,7.0,9.0,9.0,7.0,12.0,10.0,7.0,10.0,1.0,9.0,7.0,8.0,11.0,9.0,8.0,10.0,10.0,4.0,13.0,8.0,9.0,10.0,8.0,7.0,4.0,9.0,7.0,7.0,3.0,10.0,7.0,8.22,6.5016326530612245
2017-12-02,14335.3,22869.728629999998,10.0,15.0,7.0,11.0,11.0,6.0,9.0,6.0,4.0,7.0,3.0,9.0,7.0,5.0,10.0,5.0,6.0,8.0,2.0,3.0,7.0,7.0,1.0,4.0,10.0,7.0,4.0,7.0,14.0,8.0,6.0,8.0,8.0,5.0,9.0,4.0,5.0,5.0,11.0,5.0,3.0,5.0,8.0,4.0,7.0,5.0,4.0,4.0,8.0,16.0,6.86,10.082040816326531
2017-12-09,11534.9,18665.641399,5.0,6.0,8.0,9.0,6.0,6.0,6.0,9.0,4.0,7.0,9.0,4.0,8.0,5.0,4.0,3.0,5.0,3.0,5.0,11.0,8.0,8.0,6.0,4.0,3.0,8.0,7.0,4.0,2.0,10.0,7.0,2.0,7.0,4.0,9.0,6.0,4.0,3.0,7.0,5.0,2.0,6.0,6.0,7.0,5.0,9.0,7.0,4.0,4.0,2.0,5.78,5.15469387755102
2017-12-16,9123.6,13109.12203,4.0,5.0,5.0,1.0,7.0,4.0,3.0,4.0,7.0,4.0,4.0,4.0,2.0,3.0,1.0,9.0,2.0,2.0,8.0,10.0,6.0,6.0,4.0,6.0,4.0,4.0,6.0,2.0,4.0,2.0,5.0,4.0,8.0,6.0,4.0,3.0,5.0,3.0,2.0,5.0,5.0,3.0,4.0,7.0,2.0,4.0,3.0,6.0,2.0,5.0,4.38,4.077142857142857
2017-12-23,7439.34,10015.773728,2.0,3.0,0.0,2.0,0.0,4.0,0.0,7.0,5.0,2.0,4.0,6.0,4.0,7.0,5.0,4.0,5.0,1.0,8.0,5.0,3.0,3.0,3.0,5.0,5.0,3.0,7.0,5.0,4.0,3.0,7.0,2.0,4.0,5.0,3.0,7.0,6.0,4.0,6.0,4.0,2.0,5.0,1.0,3.0,2.0,5.0,3.0,4.0,3.0,2.0,3.86,3.796326530612245
2017-12-30,6534.0,7859.965897,3.0,4.0,2.0,3.0,5.0,3.0,4.0,2.0,2.0,3.0,4.0,5.0,2.0,4.0,6.0,5.0,5.0,6.0,6.0,2.0,2.0,1.0,4.0,4.0,6.0,2.0,3.0,2.0,3.0,2.0,4.0,0.0,2.0,1.0,3.0,2.0,1.0,1.0,3.0,2.0,4.0,2.0,1.0,7.0,6.0,4.0,2.0,5.0,3.0,2.0,3.2,2.6938775510204076
2018-01-06,6481.09,7332.663315,6.0,3.0,3.0,4.0,3.0,2.0,2.0,6.0,6.0,6.0,0.0,4.0,4.0,0.0,5.0,4.0,3.0,3.0,2.0,2.0,2.0,3.0,5.0,2.0,6.0,6.0,7.0,3.0,4.0,3.0,5.0,4.0,2.0,0.0,1.0,4.0,2.0,4.0,5.0,3.0,2.0,4.0,3.0,4.0,1.0,2.0,4.0,2.0,2.0,5.0,3.36,2.8881632653061224
2018-01-13,7637.05,9077.260760000001,7.0,5.0,2.0,3.0,2.0,4.0,3.0,8.0,6.0,3.0,1.0,4.0,2.0,3.0,3.0,7.0,4.0,3.0,2.0,4.0,3.0,0.0,4.0,3.0,4.0,6.0,5.0,3.0,4.0,3.0,4.0,8.0,3.0,3.0,3.0,1.0,8.0,7.0,5.0,6.0,3.0,4.0,2.0,4.0,5.0,3.0,3.0,1.0,4.0,4.0,3.84,3.443265306122449
2018-01-20,9637.6,10968.298247,4.0,2.0,2.0,5.0,1.0,2.0,6.0,7.0,3.0,3.0,6.0,2.0,8.0,6.0,6.0,4.0,3.0,3.0,5.0,1.0,7.0,3.0,7.0,7.0,4.0,5.0,7.0,5.0,5.0,3.0,3.0,5.0,3.0,3.0,3.0,5.0,11.0,4.0,2.0,2.0,1.0,8.0,5.0,1.0,4.0,5.0,7.0,6.0,3.0,1.0,4.28,4.899591836734693
2018-01-27,10818.9,11985.987308,9.0,9.0,4.0,2.0,4.0,4.0,9.0,7.0,3.0,5.0,10.0,5.0,4.0,7.0,6.0,3.0,2.0,5.0,5.0,7.0,3.0,7.0,6.0,3.0,4.0,8.0,4.0,9.0,5.0,7.0,6.0,4.0,6.0,7.0,5.0,4.0,10.0,4.0,4.0,4.0,2.0,6.0,7.0,5.0,7.0,5.0,4.0,2.0,1.0,6.0,5.3,4.826530612244898
2018-02-03,9951.0,11486.389203,3.0,7.0,5.0,5.0,6.0,3.0,2.0,8.0,5.0,5.0,7.0,3.0,5.0,4.0,6.0,3.0,6.0,3.0,8.0,8.0,1.0,2.0,4.0,4.0,4.0,3.0,3.0,5.0,7.0,4.0,5.0,11.0,3.0,4.0,11.0,5.0,4.0,3.0,5.0,6.0,10.0,5.0,2.0,6.0,5.0,0.0,7.0,10.0,5.0,8.0,5.08,5.911836734693877
2018-02-10,7959.8,9572.521255,5.0,3.0,1.0,5.0,3.0,7.0,3.0,6.0,6.0,2.0,6.0,6.0,1.0,6.0,2.0,3.0,5.0,4.0,3.0,2.0,2.0,2.0,6.0,2.0,4.0,4.0,3.0,3.0,7.0,5.0,4.0,4.0,6.0,2.0,4.0,2.0,4.0,0.0,9.0,4.0,4.0,4.0,1.0,5.0,2.0,1.0,6.0,2.0,3.0,6.0,3.8,3.7142857142857144
2018-02-17,6353.14,8263.625629,2.0,1.0,1.0,1.0,4.0,6.0,3.0,0.0,3.0,1.0,2.0,5.0,3.0,2.0,4.0,1.0,2.0,1.0,5.0,4.0,7.0,5.0,1.0,1.0,2.0,2.0,2.0,2.0,1.0,5.0,5.0,0.0,3.0,5.0,2.0,2.0,1.0,2.0,3.0,7.0,8.0,2.0,1.0,1.0,5.0,2.0,3.0,4.0,5.0,5.0,2.9,3.7653061224489797
2018-02-24,5549.03,7597.807694,2.0,3.0,2.0,0.0,1.0,1.0,0.0,3.0,2.0,2.0,7.0,4.0,4.0,4.0,1.0,1.0,1.0,3.0,3.0,1.0,0.0,3.0,5.0,4.0,3.0,5.0,2.0,3.0,7.0,1.0,1.0,3.0,2.0,0.0,3.0,3.0,1.0,3.0,1.0,4.0,1.0,2.0,2.0,5.0,4.0,2.0,5.0,1.0,3.0,4.0,2.56,2.8228571428571425
2018-03-03,5471.13,7635.78141,5.0,3.0,2.0,1.0,2.0,3.0,1.0,5.0,2.0,3.0,2.0,5.0,2.0,1.0,2.0,3.0,2.0,4.0,1.0,3.0,2.0,3.0,3.0,1.0,1.0,0.0,1.0,3.0,6.0,3.0,3.0,2.0,3.0,1.0,5.0,4.0,2.0,2.0,2.0,5.0,2.0,4.0,4.0,4.0,2.0,3.0,1.0,5.0,6.0,2.0,2.74,2.1146938775510207
2018-03-10,6490.21,9069.39424,5.0,6.0,2.0,0.0,4.0,3.0,2.0,1.0,6.0,4.0,0.0,2.0,1.0,2.0,3.0,1.0,2.0,3.0,6.0,3.0,1.0,5.0,3.0,3.0,5.0,2.0,3.0,5.0,3.0,5.0,4.0,2.0,7.0,5.0,6.0,2.0,4.0,7.0,3.0,4.0,4.0,1.0,4.0,2.0,5.0,6.0,1.0,4.0,4.0,1.0,3.34,3.3310204081632655
2018-03-17,8515.4,10433.656979000001,6.0,4.0,3.0,5.0,5.0,3.0,5.0,4.0,3.0,6.0,4.0,9.0,6.0,5.0,4.0,4.0,4.0,5.0,4.0,2.0,9.0,3.0,7.0,2.0,4.0,3.0,8.0,4.0,4.0,3.0,4.0,4.0,8.0,7.0,2.0,4.0,2.0,3.0,3.0,2.0,4.0,5.0,1.0,5.0,3.0,7.0,4.0,4.0,5.0,4.0,4.38,3.2608163265306116
2018-03-24,10026.7,12019.070373,2.0,6.0,3.0,4.0,4.0,2.0,4.0,9.0,5.0,5.0,3.0,8.0,6.0,4.0,3.0,5.0,3.0,4.0,3.0,3.0,6.0,5.0,9.0,5.0,4.0,5.0,4.0,3.0,6.0,2.0,1.0,6.0,6.0,4.0,4.0,8.0,5.0,7.0,2.0,13.0,2.0,3.0,4.0,5.0,5.0,3.0,7.0,4.0,8.0,2.0,4.68,5.079183673469387
2018-03-31,9903.2,13051.587029,3.0,4.0,5.0,5.0,6.0,5.0,5.0,4.0,7.0,3.0,7.0,3.0,4.0,2.0,1.0,5.0,5.0,3.0,8.0,4.0,4.0,3.0,8.0,4.0,8.0,5.0,5.0,3.0,4.0,7.0,1.0,4.0,5.0,7.0,6.0,4.0,3.0,5.0,5.0,4.0,2.0,3.0,3.0,9.0,2.0,4.0,5.0,6.0,5.0,6.0,4.58,3.2689795918367355
2018-04-07,8928.7,12464.54033,6.0,4.0,5.0,5.0,2.0,3.0,3.0,4.0,3.0,5.0,4.0,4.0,11.0,2.0,2.0,4.0,5.0,2.0,2.0,4.0,3.0,5.0,2.0,6.0,2.0,5.0,5.0,4.0,4.0,5.0,4.0,1.0,1.0,7.0,4.0,5.0,6.0,3.0,2.0,2.0,3.0,6.0,4.0,4.0,4.0,3.0,4.0,6.0,7.0,6.0,4.06,3.2820408163265307
2018-04-14,8486.1,14552.974804,6.0,2.0,4.0,3.0,4.0,2.0,5.0,9.0,4.0,1.0,6.0,5.0,3.0,5.0,6.0,5.0,2.0,2.0,4.0,4.0,4.0,5.0,2.0,5.0,3.0,1.0,2.0,5.0,3.0,3.0,2.0,3.0,5.0,5.0,5.0,2.0,5.0,3.0,2.0,3.0,6.0,2.0,6.0,3.0,4.0,8.0,2.0,3.0,4.0,4.0,3.84,2.9126530612244896
2018-04-21,8907.2,15671.090587,7.0,3.0,3.0,4.0,7.0,6.0,6.0,3.0,2.0,1.0,1.0,3.0,5.0,3.0,3.0,5.0,4.0,8.0,3.0,5.0,5.0,4.0,3.0,7.0,5.0,2.0,4.0,6.0,7.0,2.0,4.0,4.0,7.0,1.0,3.0,5.0,5.0,6.0,4.0,2.0,3.0,3.0,3.0,4.0,6.0,4.0,4.0,4.0,6.0,2.0,4.14,3.061632653061224
2018-04-28,9911.0,16753.926436,2.0,6.0,6.0,4.0,3.0,4.0,6.0,7.0,5.0,7.0,8.0,7.0,5.0,3.0,5.0,2.0,4.0,3.0,7.0,5.0,0.0,5.0,6.0,5.0,4.0,3.0,2.0,3.0,6.0,8.0,5.0,6.0,4.0,2.0,3.0,3.0,5.0,5.0,5.0,4.0,8.0,7.0,10.0,2.0,8.0,3.0,6.0,5.0,5.0,2.0,4.78,4.134285714285714
2018-05-05,11390.0,19147.763543,9.0,5.0,6.0,9.0,2.0,6.0,5.0,4.0,4.0,3.0,12.0,7.0,4.0,7.0,8.0,5.0,5.0,6.0,5.0,7.0,6.0,6.0,4.0,5.0,2.0,3.0,6.0,5.0,5.0,3.0,6.0,5.0,6.0,12.0,1.0,5.0,7.0,6.0,4.0,9.0,4.0,6.0,6.0,4.0,4.0,7.0,2.0,4.0,4.0,2.0,5.36,5.173877551020408
2018-05-12,12668.8,20699.147809000002,5.0,2.0,3.0,8.0,8.0,7.0,4.0,9.0,11.0,7.0,9.0,6.0,2.0,3.0,11.0,7.0,3.0,6.0,9.0,5.0,7.0,5.0,2.0,7.0,6.0,6.0,7.0,5.0,4.0,7.0,8.0,8.0,6.0,5.0,9.0,5.0,6.0,8.0,6.0,6.0,6.0,8.0,5.0,4.0,8.0,7.0,7.0,4.0,9.0,5.0,6.22,4.664897959183674
2018-05-19,13595.5,20852.293682,5.0,6.0,4.0,7.0,7.0,3.0,3.0,9.0,9.0,4.0,4.0,4.0,6.0,7.0,8.0,5.0,7.0,5.0,5.0,6.0,8.0,4.0,7.0,5.0,9.0,7.0,10.0,6.0,7.0,6.0,5.0,9.0,2.0,6.0,4.0,8.0,7.0,5.0,7.0,8.0,12.0,3.0,7.0,7.0,9.0,6.0,12.0,9.0,6.0,5.0,6.4,4.816326530612245
2018-05-26,15116.0,21768.333796,5.0,6.0,6.0,7.0,8.0,7.0,10.0,6.0,11.0,7.0,9.0,9.0,6.0,5.0,8.0,9.0,8.0,5.0,9.0,11.0,6.0,6.0,11.0,13.0,6.0,8.0,14.0,7.0,7.0,7.0,5.0,4.0,8.0,13.0,7.0,5.0,7.0,2.0,10.0,10.0,12.0,5.0,5.0,9.0,4.0,10.0,14.0,7.0,8.0,11.0,7.86,7.388163265306123
2018-06-02,17485.4,23336.605359,10.0,8.0,7.0,15.0,6.0,6.0,14.0,8.0,7.0,7.0,5.0,8.0,12.0,10.0,8.0,8.0,8.0,7.0,6.0,12.0,10.0,11.0,8.0,17.0,5.0,3.0,16.0,8.0,10.0,12.0,7.0,9.0,8.0,8.0,7.0,12.0,8.0,11.0,9.0,8.0,9.0,10.0,5.0,6.0,13.0,9.0,9.0,6.0,9.0,13.0,8.96,8.569795918367348
2018-06-09,19842.2,25255.008498,6.0,11.0,19.0,7.0,13.0,12.0,13.0,10.0,9.0,4.0,11.0,5.0,12.0,7.0,11.0,13.0,9.0,7.0,13.0,13.0,10.0,12.0,13.0,14.0,6.0,16.0,9.0,12.0,7.0,5.0,11.0,15.0,14.0,12.0,5.0,6.0,10.0,11.0,11.0,6.0,7.0,13.0,15.0,7.0,15.0,15.0,9.0,5.0,6.0,9.0,10.22,12.46081632653061
2018-06-16,21464.4,26754.588036,9.0,7.0,8.0,8.0,5.0,16.0,10.0,9.0,11.0,7.0,13.0,8.0,11.0,10.0,10.0,15.0,14.0,13.0,10.0,10.0,8.0,9.0,7.0,7.0,11.0,13.0,5.0,10.0,14.0,9.0,6.0,6.0,11.0,16.0,8.0,9.0,11.0,11.0,11.0,11.0,10.0,12.0,11.0,9.0,12.0,6.0,15.0,6.0,9.0,17.0,10.08,8.646530612244899
2018-06-23,21991.4,27797.045614,7.0,13.0,12.0,8.0,16.0,11.0,13.0,13.0,6.0,12.0,8.0,8.0,11.0,17.0,12.0,11.0,13.0,10.0,12.0,16.0,11.0,9.0,15.0,8.0,16.0,14.0,11.0,10.0,16.0,6.0,10.0,7.0,12.0,14.0,6.0,14.0,10.0,13.0,10.0,11.0,14.0,12.0,10.0,12.0,13.0,16.0,6.0,13.0,15.0,5.0,11.36,9.622857142857141
2018-06-30,21541.3,27858.964554,8.0,12.0,9.0,11.0,14.0,13.0,9.0,13.0,9.0,13.0,6.0,12.0,7.0,16.0,9.0,10.0,9.0,9.0,9.0,10.0,6.0,8.0,5.0,11.0,12.0,11.0,12.0,12.0,12.0,6.0,9.0,5.0,13.0,11.0,11.0,10.0,13.0,11.0,14.0,6.0,12.0,10.0,10.0,14.0,18.0,12.0,16.0,16.0,10.0,9.0,10.66,8.596326530612247
2018-07-07,20232.0,27144.590659,11.0,8.0,2.0,7.0,10.0,7.0,6.0,6.0,10.0,9.0,6.0,20.0,14.0,10.0,5.0,11.0,5.0,14.0,9.0,9.0,15.0,8.0,7.0,8.0,10.0,11.0,9.0,11.0,7.0,5.0,10.0,3.0,12.0,7.0,5.0,12.0,7.0,12.0,13.0,8.0,4.0,7.0,11.0,11.0,10.0,7.0,8.0,9.0,10.0,16.0,9.04,11.590204081632653
2018-07-14,18273.6,28165.330601,9.0,12.0,8.0,9.0,11.0,11.0,5.0,5.0,8.0,14.0,6.0,7.0,12.0,9.0,13.0,8.0,7.0,7.0,4.0,11.0,13.0,12.0,13.0,5.0,7.0,11.0,6.0,9.0,8.0,6.0,14.0,8.0,9.0,10.0,10.0,12.0,10.0,6.0,7.0,7.0,8.0,4.0,9.0,7.0,9.0,10.0,7.0,10.0,13.0,12.0,8.96,7.18204081632653
2018-07-21,16764.899999999998,27731.596741,5.0,12.0,6.0,7.0,6.0,7.0,12.0,8.0,11.0,11.0,11.0,4.0,6.0,5.0,3.0,7.0,14.0,13.0,4.0,4.0,12.0,9.0,11.0,13.0,6.0,7.0,7.0,11.0,13.0,10.0,5.0,10.0,6.0,7.0,14.0,4.0,8.0,9.0,9.0,7.0,9.0,12.0,8.0,12.0,11.0,5.0,6.0,10.0,11.0,6.0,8.48,9.275102040816327
2018-07-28,16886.7,25450.485189,5.0,5.0,2.0,8.0,8.0,9.0,7.0,8.0,6.0,7.0,3.0,10.0,8.0,4.0,7.0,8.0,6.0,9.0,6.0,8.0,6.0,7.0,6.0,9.0,5.0,8.0,11.0,6.0,11.0,8.0,5.0,11.0,6.0,3.0,9.0,12.0,10.0,6.0,8.0,5.0,10.0,8.0,9.0,4.0,11.0,7.0,12.0,9.0,10.0,13.0,7.58,6.248571428571429
2018-08-04,17722.0,21808.212193,9.0,3.0,12.0,6.0,3.0,9.0,10.0,5.0,5.0,11.0,7.0,7.0,7.0,7.0,3.0,7.0,4.0,7.0,13.0,11.0,9.0,8.0,6.0,2.0,9.0,8.0,6.0,7.0,8.0,9.0,8.0,3.0,11.0,6.0,11.0,9.0,3.0,7.0,6.0,6.0,16.0,9.0,6.0,5.0,11.0,9.0,4.0,9.0,12.0,5.0,7.48,8.78530612244898
2018-08-11,17731.2,20492.817808,14.0,10.0,12.0,8.0,7.0,13.0,8.0,7.0,10.0,11.0,8.0,8.0,11.0,11.0,6.0,15.0,5.0,15.0,6.0,5.0,8.0,9.0,16.0,15.0,7.0,4.0,5.0,12.0,13.0,7.0,7.0,10.0,10.0,11.0,8.0,6.0,11.0,8.0,5.0,9.0,9.0,5.0,9.0,9.0,6.0,11.0,5.0,6.0,7.0,8.0,8.92,9.340408163265307
2018-08-18,17724.0,20607.5202,10.0,10.0,8.0,5.0,11.0,4.0,9.0,9.0,8.0,15.0,12.0,8.0,6.0,3.0,9.0,12.0,9.0,8.0,5.0,2.0,7.0,8.0,12.0,11.0,6.0,8.0,11.0,8.0,8.0,7.0,13.0,2.0,7.0,8.0,5.0,11.0,10.0,9.0,15.0,9.0,9.0,7.0,9.0,5.0,15.0,8.0,11.0,7.0,9.0,11.0,8.58,8.98326530612245
2018-08-25,18173.2,20356.748854,14.0,9.0,5.0,8.0,11.0,9.0,7.0,9.0,10.0,9.0,7.0,6.0,12.0,9.0,9.0,9.0,9.0,7.0,16.0,7.0,10.0,5.0,3.0,10.0,2.0,5.0,17.0,5.0,6.0,6.0,10.0,6.0,8.0,7.0,5.0,8.0,4.0,6.0,11.0,6.0,6.0,9.0,7.0,10.0,4.0,6.0,17.0,8.0,5.0,7.0,8.02,10.428163265306123
2018-09-01,18897.7,18873.16199,8.0,9.0,10.0,8.0,14.0,15.0,11.0,8.0,7.0,7.0,13.0,7.0,10.0,11.0,14.0,8.0,8.0,8.0,8.0,10.0,14.0,6.0,13.0,12.0,11.0,12.0,10.0,12.0,12.0,10.0,6.0,15.0,10.0,7.0,12.0,6.0,8.0,13.0,6.0,10.0,10.0,13.0,7.0,19.0,11.0,5.0,13.0,10.0,8.0,16.0,10.22,9.236326530612244
2018-09-08,21137.6,19417.723971,9.0,14.0,11.0,15.0,5.0,12.0,8.0,17.0,11.0,3.0,4.0,11.0,12.0,10.0,8.0,12.0,7.0,7.0,13.0,8.0,11.0,8.0,13.0,9.0,9.0,5.0,9.0,11.0,9.0,13.0,9.0,9.0,4.0,13.0,16.0,19.0,7.0,7.0,11.0,12.0,10.0,10.0,14.0,11.0,6.0,11.0,12.0,13.0,9.0,7.0,10.08,11.25877551020408
2018-09-15,23648.8,21250.259166,11.0,13.0,11.0,15.0,11.0,12.0,21.0,9.0,11.0,11.0,2.0,13.0,9.0,9.0,8.0,13.0,19.0,8.0,14.0,15.0,15.0,15.0,12.0,10.0,12.0,13.0,10.0,11.0,18.0,9.0,12.0,9.0,15.0,12.0,17.0,15.0,8.0,10.0,15.0,10.0,20.0,6.0,12.0,12.0,13.0,13.0,12.0,19.0,11.0,13.0,12.28,12.777142857142858
2018-09-22,23806.5,21648.381001,11.0,11.0,12.0,13.0,6.0,9.0,17.0,8.0,15.0,6.0,7.0,19.0,10.0,9.0,12.0,15.0,11.0,12.0,5.0,14.0,11.0,12.0,11.0,16.0,14.0,8.0,12.0,11.0,15.0,6.0,13.0,15.0,10.0,14.0,21.0,8.0,10.0,8.0,15.0,14.0,11.0,7.0,11.0,12.0,12.0,13.0,14.0,8.0,9.0,11.0,11.48,11.438367346938776
2018-09-29,22510.0,22858.410966,16.0,9.0,8.0,15.0,8.0,15.0,7.0,8.0,11.0,14.0,9.0,9.0,17.0,13.0,14.0,14.0,10.0,10.0,10.0,13.0,10.0,10.0,13.0,13.0,10.0,7.0,11.0,15.0,9.0,13.0,10.0,16.0,6.0,11.0,6.0,9.0,12.0,9.0,12.0,13.0,8.0,8.0,16.0,9.0,16.0,17.0,11.0,14.0,15.0,8.0,11.34,9.453469387755103
2018-10-06,22127.7,24227.922884,9.0,8.0,14.0,11.0,11.0,9.0,14.0,14.0,11.0,14.0,22.0,7.0,15.0,11.0,13.0,17.0,6.0,7.0,8.0,17.0,4.0,9.0,14.0,13.0,12.0,10.0,10.0,6.0,6.0,7.0,13.0,14.0,9.0,9.0,12.0,10.0,8.0,16.0,15.0,9.0,11.0,8.0,8.0,8.0,6.0,14.0,4.0,11.0,12.0,6.0,10.64,13.74530612244898
2018-10-13,21747.4,24814.790781,9.0,9.0,12.0,11.0,8.0,7.0,8.0,12.0,4.0,8.0,3.0,13.0,15.0,18.0,7.0,9.0,18.0,9.0,14.0,11.0,10.0,21.0,8.0,3.0,12.0,15.0,9.0,9.0,12.0,19.0,9.0,9.0,17.0,6.0,3.0,10.0,13.0,8.0,14.0,8.0,15.0,11.0,12.0,12.0,8.0,11.0,18.0,9.0,7.0,15.0,10.76,17.451428571428572
2018-10-20,20579.2,24678.564863,6.0,10.0,9.0,5.0,11.0,10.0,14.0,8.0,11.0,16.0,9.0,12.0,16.0,7.0,12.0,15.0,11.0,11.0,6.0,13.0,13.0,4.0,5.0,12.0,6.0,9.0,7.0,8.0,8.0,8.0,3.0,6.0,9.0,5.0,8.0,7.0,9.0,11.0,4.0,8.0,11.0,9.0,10.0,6.0,12.0,5.0,4.0,15.0,7.0,10.0,9.02,10.877142857142859
2018-10-27,20157.0,24799.416571,5.0,6.0,10.0,9.0,10.0,5.0,5.0,15.0,13.0,7.0,12.0,7.0,12.0,10.0,8.0,9.0,7.0,13.0,8.0,15.0,11.0,6.0,12.0,14.0,15.0,10.0,10.0,9.0,7.0,3.0,6.0,11.0,8.0,10.0,11.0,15.0,7.0,16.0,7.0,16.0,14.0,10.0,10.0,8.0,15.0,10.0,9.0,14.0,5.0,11.0,9.92,11.217959183673468
2018-11-03,20437.0,24671.723196,18.0,11.0,9.0,8.0,14.0,18.0,6.0,10.0,17.0,10.0,10.0,19.0,8.0,9.0,6.0,9.0,11.0,9.0,14.0,13.0,15.0,9.0,14.0,7.0,7.0,7.0,8.0,14.0,8.0,7.0,8.0,11.0,10.0,11.0,9.0,7.0,11.0,9.0,12.0,12.0,8.0,11.0,8.0,7.0,9.0,12.0,13.0,10.0,10.0,11.0,10.48,10.09142857142857
2018-11-10,20817.1,25503.757491,14.0,8.0,9.0,10.0,7.0,11.0,17.0,5.0,12.0,5.0,10.0,9.0,5.0,6.0,6.0,10.0,9.0,8.0,12.0,13.0,12.0,16.0,7.0,8.0,12.0,11.0,5.0,7.0,13.0,10.0,14.0,6.0,9.0,14.0,14.0,9.0,9.0,8.0,13.0,11.0,10.0,16.0,14.0,11.0,9.0,7.0,4.0,5.0,10.0,12.0,9.84,10.586122448979594
2018-11-17,21108.3,26245.037987,6.0,14.0,10.0,8.0,9.0,10.0,9.0,15.0,8.0,13.0,4.0,10.0,9.0,19.0,12.0,15.0,12.0,7.0,7.0,16.0,8.0,14.0,10.0,6.0,16.0,22.0,7.0,14.0,14.0,10.0,8.0,9.0,8.0,9.0,5.0,12.0,6.0,10.0,12.0,10.0,10.0,11.0,12.0,7.0,7.0,11.0,8.0,7.0,9.0,9.0,10.28,12.899591836734697
2018-11-24,20829.2,25578.815193,7.0,11.0,4.0,12.0,10.0,12.0,7.0,14.0,14.0,8.0,5.0,9.0,12.0,8.0,16.0,12.0,9.0,6.0,11.0,4.0,9.0,10.0,7.0,7.0,10.0,8.0,6.0,13.0,9.0,4.0,13.0,12.0,9.0,8.0,13.0,17.0,7.0,15.0,9.0,11.0,16.0,6.0,8.0,15.0,8.0,17.0,17.0,13.0,12.0,14.0,10.28,12.899591836734693
2018-12-01,19752.7,24800.062795,7.0,11.0,7.0,19.0,12.0,12.0,18.0,10.0,8.0,13.0,7.0,11.0,10.0,8.0,4.0,10.0,10.0,11.0,6.0,7.0,7.0,12.0,11.0,12.0,9.0,6.0,13.0,12.0,11.0,5.0,8.0,13.0,10.0,8.0,9.0,10.0,8.0,14.0,10.0,8.0,6.0,9.0,11.0,11.0,6.0,11.0,12.0,10.0,7.0,6.0,9.72,8.940408163265305
2018-12-08,18662.6,22734.658607,12.0,4.0,10.0,11.0,7.0,10.0,8.0,6.0,13.0,10.0,12.0,10.0,9.0,14.0,10.0,13.0,13.0,10.0,8.0,10.0,12.0,8.0,11.0,6.0,14.0,9.0,7.0,9.0,5.0,6.0,4.0,14.0,13.0,6.0,8.0,9.0,11.0,12.0,11.0,5.0,9.0,4.0,7.0,7.0,14.0,10.0,8.0,3.0,9.0,7.0,9.16,8.70857142857143
2018-12-15,18400.1,21977.454429,8.0,7.0,10.0,11.0,8.0,10.0,5.0,10.0,9.0,7.0,8.0,15.0,6.0,13.0,3.0,4.0,8.0,10.0,8.0,10.0,6.0,6.0,9.0,10.0,10.0,6.0,11.0,6.0,9.0,13.0,11.0,4.0,11.0,11.0,7.0,9.0,9.0,11.0,11.0,19.0,5.0,8.0,8.0,9.0,11.0,11.0,10.0,8.0,7.0,5.0,8.82,8.436326530612247
2018-12-22,18110.6,20863.380493,15.0,12.0,10.0,7.0,7.0,6.0,10.0,12.0,9.0,11.0,10.0,11.0,8.0,10.0,12.0,5.0,13.0,8.0,5.0,16.0,8.0,7.0,12.0,8.0,8.0,10.0,8.0,7.0,12.0,12.0,3.0,7.0,10.0,11.0,5.0,7.0,7.0,12.0,9.0,12.0,7.0,8.0,6.0,13.0,12.0,9.0,7.0,9.0,16.0,14.0,9.46,8.661632653061226
2018-12-29,16403.5,18267.543854,7.0,9.0,10.0,11.0,9.0,6.0,9.0,9.0,6.0,6.0,10.0,8.0,5.0,6.0,8.0,7.0,6.0,11.0,15.0,11.0,7.0,11.0,6.0,5.0,5.0,9.0,6.0,6.0,2.0,7.0,11.0,3.0,10.0,8.0,3.0,7.0,9.0,12.0,10.0,6.0,11.0,9.0,10.0,8.0,14.0,6.0,9.0,12.0,9.0,9.0,8.18,7.293469387755102
2019-01-05,14289.0,14537.28667,8.0,4.0,8.0,7.0,7.0,9.0,6.0,2.0,9.0,10.0,8.0,6.0,8.0,5.0,3.0,6.0,4.0,10.0,6.0,6.0,11.0,4.0,13.0,9.0,10.0,13.0,6.0,7.0,9.0,6.0,7.0,6.0,10.0,7.0,5.0,9.0,10.0,4.0,4.0,9.0,8.0,4.0,7.0,3.0,9.0,7.0,5.0,6.0,4.0,3.0,6.94,6.588163265306123
2019-01-12,13689.2,12176.606923,10.0,7.0,5.0,8.0,4.0,2.0,8.0,7.0,3.0,15.0,9.0,6.0,5.0,6.0,4.0,8.0,14.0,7.0,5.0,6.0,10.0,10.0,7.0,3.0,8.0,4.0,14.0,9.0,4.0,3.0,12.0,6.0,3.0,9.0,6.0,7.0,6.0,11.0,8.0,10.0,13.0,8.0,7.0,6.0,8.0,13.0,4.0,6.0,4.0,6.0,7.28,10.001632653061224
2019-01-19,14249.7,12586.198692,4.0,10.0,2.0,7.0,4.0,8.0,4.0,7.0,8.0,9.0,12.0,7.0,10.0,4.0,3.0,9.0,2.0,8.0,4.0,9.0,5.0,4.0,4.0,5.0,3.0,13.0,4.0,14.0,2.0,8.0,5.0,10.0,4.0,12.0,4.0,8.0,8.0,5.0,5.0,7.0,3.0,6.0,6.0,6.0,7.0,2.0,2.0,5.0,6.0,11.0,6.3,9.438775510204081
2019-01-26,14302.8,13426.188092,8.0,10.0,7.0,8.0,6.0,6.0,8.0,11.0,6.0,5.0,4.0,7.0,8.0,6.0,8.0,3.0,4.0,6.0,7.0,7.0,4.0,7.0,5.0,7.0,6.0,7.0,6.0,8.0,9.0,2.0,3.0,8.0,7.0,8.0,5.0,13.0,6.0,4.0,5.0,5.0,5.0,3.0,5.0,5.0,6.0,6.0,6.0,11.0,8.0,7.0,6.44,4.618775510204081
2019-02-02,13424.8,13782.79148,8.0,2.0,8.0,5.0,14.0,7.0,6.0,7.0,6.0,2.0,6.0,7.0,7.0,11.0,8.0,6.0,6.0,5.0,3.0,3.0,8.0,5.0,9.0,9.0,5.0,1.0,7.0,5.0,8.0,10.0,4.0,7.0,7.0,2.0,2.0,9.0,6.0,7.0,6.0,8.0,8.0,6.0,4.0,8.0,3.0,8.0,4.0,4.0,6.0,5.0,6.16,6.38204081632653
2019-02-09,12541.8,12411.83832,5.0,5.0,4.0,4.0,9.0,6.0,6.0,12.0,2.0,9.0,16.0,3.0,5.0,5.0,7.0,5.0,6.0,6.0,3.0,5.0,9.0,2.0,8.0,2.0,5.0,3.0,4.0,2.0,5.0,5.0,3.0,5.0,8.0,8.0,8.0,4.0,5.0,6.0,7.0,5.0,12.0,8.0,7.0,3.0,4.0,12.0,5.0,11.0,9.0,6.0,6.08,8.85061224489796
2019-02-16,12064.4,13235.650937999999,4.0,12.0,8.0,5.0,3.0,4.0,7.0,7.0,6.0,10.0,6.0,9.0,7.0,10.0,7.0,7.0,1.0,5.0,2.0,6.0,10.0,7.0,9.0,7.0,4.0,6.0,6.0,3.0,11.0,3.0,4.0,15.0,7.0,6.0,5.0,6.0,5.0,7.0,3.0,8.0,7.0,5.0,6.0,10.0,6.0,2.0,4.0,6.0,1.0,2.0,6.14,8.163673469387755
2019-02-23,11634.4,15091.615873,8.0,5.0,7.0,8.0,9.0,8.0,7.0,2.0,5.0,1.0,8.0,6.0,6.0,2.0,5.0,3.0,5.0,9.0,3.0,9.0,6.0,7.0,4.0,5.0,7.0,5.0,8.0,11.0,9.0,8.0,7.0,9.0,7.0,4.0,7.0,7.0,5.0,4.0,5.0,5.0,2.0,7.0,6.0,3.0,4.0,7.0,6.0,6.0,2.0,1.0,5.8,5.469387755102041
2019-03-02,10754.9,13195.368602,2.0,5.0,6.0,8.0,1.0,2.0,6.0,8.0,6.0,6.0,3.0,6.0,7.0,8.0,12.0,6.0,5.0,4.0,9.0,3.0,6.0,4.0,5.0,6.0,5.0,2.0,4.0,5.0,4.0,6.0,4.0,4.0,8.0,5.0,5.0,4.0,3.0,3.0,4.0,5.0,3.0,6.0,3.0,5.0,5.0,6.0,4.0,2.0,3.0,4.0,4.92,4.197551020408163
2019-03-09,9304.0,13445.651504,3.0,6.0,4.0,3.0,6.0,5.0,4.0,2.0,5.0,5.0,3.0,1.0,2.0,2.0,1.0,7.0,2.0,1.0,7.0,3.0,1.0,5.0,7.0,3.0,0.0,3.0,3.0,3.0,4.0,4.0,6.0,0.0,6.0,3.0,4.0,4.0,2.0,2.0,3.0,5.0,5.0,7.0,6.0,7.0,2.0,3.0,6.0,5.0,4.0,4.0,3.78,3.6853061224489787
2019-03-16,8155.2,13608.608281,7.0,2.0,4.0,2.0,7.0,3.0,3.0,5.0,8.0,2.0,3.0,4.0,2.0,4.0,3.0,5.0,3.0,3.0,5.0,1.0,4.0,8.0,1.0,3.0,3.0,8.0,4.0,1.0,4.0,3.0,2.0,4.0,3.0,8.0,5.0,3.0,4.0,1.0,2.0,2.0,4.0,3.0,3.0,5.0,4.0,3.0,5.0,3.0,6.0,4.0,3.78,3.4404081632653063
2019-03-23,8410.9,12666.721524,4.0,4.0,2.0,1.0,3.0,7.0,5.0,4.0,4.0,5.0,5.0,7.0,2.0,5.0,3.0,10.0,2.0,3.0,4.0,2.0,5.0,7.0,6.0,3.0,5.0,3.0,3.0,7.0,4.0,3.0,4.0,5.0,5.0,8.0,2.0,2.0,6.0,2.0,7.0,2.0,5.0,1.0,2.0,2.0,6.0,3.0,3.0,3.0,1.0,4.0,4.02,3.9791836734693877
2019-03-30,9407.6,14614.180981,4.0,9.0,3.0,7.0,8.0,4.0,2.0,3.0,2.0,2.0,4.0,4.0,9.0,11.0,6.0,4.0,5.0,7.0,3.0,5.0,6.0,4.0,2.0,2.0,3.0,6.0,8.0,6.0,5.0,3.0,8.0,5.0,2.0,8.0,3.0,4.0,0.0,5.0,8.0,4.0,6.0,2.0,4.0,6.0,3.0,7.0,6.0,4.0,6.0,11.0,4.98,6.0200000000000005
2019-04-06,9775.0,15286.426951,6.0,5.0,6.0,6.0,3.0,5.0,8.0,1.0,3.0,5.0,6.0,5.0,7.0,3.0,6.0,3.0,3.0,3.0,4.0,1.0,4.0,5.0,6.0,6.0,4.0,4.0,3.0,4.0,5.0,3.0,8.0,0.0,6.0,3.0,3.0,3.0,4.0,7.0,8.0,5.0,7.0,5.0,3.0,6.0,5.0,11.0,7.0,7.0,5.0,6.0,4.84,4.137142857142857
2019-04-13,9662.5,13480.122741,2.0,4.0,4.0,1.0,8.0,7.0,4.0,4.0,5.0,8.0,10.0,3.0,8.0,3.0,1.0,4.0,4.0,3.0,5.0,2.0,2.0,3.0,0.0,3.0,2.0,2.0,4.0,7.0,4.0,7.0,5.0,3.0,1.0,5.0,4.0,3.0,6.0,4.0,6.0,3.0,4.0,5.0,7.0,5.0,5.0,6.0,8.0,8.0,2.0,2.0,4.32,4.997551020408163
2019-04-20,9856.0,13600.666238,6.0,7.0,1.0,3.0,12.0,6.0,4.0,2.0,8.0,4.0,8.0,5.0,4.0,3.0,9.0,0.0,5.0,8.0,5.0,4.0,5.0,7.0,3.0,2.0,3.0,4.0,4.0,11.0,8.0,6.0,3.0,7.0,5.0,5.0,2.0,9.0,9.0,7.0,6.0,6.0,2.0,4.0,3.0,5.0,6.0,6.0,4.0,5.0,5.0,4.0,5.2,6.122448979591836
2019-04-27,10740.6,14496.734086,6.0,3.0,5.0,7.0,8.0,7.0,10.0,4.0,4.0,6.0,5.0,4.0,9.0,5.0,1.0,6.0,5.0,2.0,5.0,6.0,0.0,8.0,6.0,5.0,6.0,6.0,5.0,5.0,3.0,7.0,4.0,4.0,4.0,4.0,4.0,4.0,7.0,2.0,5.0,5.0,4.0,10.0,5.0,6.0,3.0,8.0,3.0,4.0,5.0,10.0,5.2,4.612244897959184
2019-05-04,12522.4,15946.276106000001,7.0,2.0,5.0,1.0,7.0,3.0,6.0,4.0,3.0,6.0,6.0,10.0,10.0,6.0,5.0,6.0,5.0,9.0,7.0,8.0,5.0,10.0,2.0,4.0,5.0,6.0,4.0,7.0,7.0,16.0,6.0,7.0,9.0,7.0,3.0,7.0,8.0,6.0,4.0,4.0,9.0,6.0,2.0,4.0,8.0,9.0,5.0,6.0,13.0,4.0,6.18,7.864897959183673
2019-05-11,15010.8,17719.689527,6.0,6.0,9.0,7.0,3.0,6.0,8.0,12.0,9.0,6.0,12.0,10.0,8.0,7.0,9.0,7.0,3.0,6.0,7.0,6.0,4.0,3.0,6.0,6.0,9.0,7.0,3.0,10.0,4.0,6.0,5.0,9.0,3.0,10.0,8.0,5.0,8.0,7.0,11.0,6.0,8.0,2.0,6.0,8.0,4.0,5.0,9.0,5.0,6.0,10.0,6.8,5.918367346938775
2019-05-18,17260.8,20618.088156,13.0,5.0,11.0,11.0,9.0,5.0,11.0,11.0,7.0,7.0,3.0,10.0,11.0,14.0,10.0,9.0,5.0,12.0,8.0,8.0,8.0,5.0,7.0,8.0,10.0,10.0,15.0,8.0,6.0,10.0,12.0,5.0,6.0,9.0,8.0,10.0,15.0,2.0,12.0,8.0,5.0,10.0,6.0,8.0,12.0,9.0,6.0,7.0,4.0,15.0,8.72,9.675102040816327
2019-05-25,11282.6,19823.644153,5.0,8.0,10.0,5.0,10.0,6.0,6.0,5.0,6.0,8.0,6.0,6.0,6.0,7.0,4.0,6.0,7.0,4.0,2.0,5.0,3.0,2.0,5.0,5.0,8.0,4.0,2.0,7.0,4.0,6.0,7.0,4.0,8.0,5.0,5.0,11.0,2.0,5.0,4.0,5.0,4.0,7.0,7.0,6.0,6.0,6.0,3.0,4.0,9.0,8.0,5.68,4.303673469387755
