Site,Week,Date_median,Datetime,RainWeek_cm,TempWeek_C,RHWeek_pct,TempWeekSD,RHWeekSD
Arboleda,72,6-Mar-13,3/6/2013,4.86,25.16,74.8,0.49,2.18
Arboleda,73,13-Mar-13,3/13/2013,0,24.74,74.5,0.53,3.68
Arboleda,74,20-Mar-13,3/20/2013,0,25.81,74.42,0.39,2.48
Arboleda,75,27-Mar-13,3/27/2013,0,25.58,71.5,0.84,2.2
Arboleda,76,3-Apr-13,4/3/2013,5.8,26.14,73.97,0.48,2.67
Arboleda,77,10-Apr-13,4/10/2013,0,26.26,70.89,0.64,1.54
Arboleda,78,17-Apr-13,4/17/2013,1.8,25.47,70.55,0.62,2.98
Arboleda,79,24-Apr-13,4/24/2013,31.2,25.06,76.65,0.89,2.62
Arboleda,80,1-May-13,5/1/2013,1.4,26.96,77.72,0.46,2.26
Arboleda,81,8-May-13,5/8/2013,4.6,26.94,75.55,0.52,4.85
Arboleda,82,15-May-13,5/15/2013,0.4,27.07,71.82,0.31,2.72
Arboleda,83,22-May-13,5/22/2013,18.4,27.02,74.39,0.59,2.83
Arboleda,84,29-May-13,5/29/2013,0.6,27.55,73.71,0.52,3.09
Arboleda,85,5-Jun-13,6/5/2013,0,27.79,71.95,0.68,1.37
Arboleda,86,12-Jun-13,6/12/2013,4.8,28.35,72.71,0.35,4.18
Arboleda,87,19-Jun-13,6/19/2013,11.4,27.16,73.18,0.72,3.01
Arboleda,88,26-Jun-13,6/26/2013,12,26.8,77.39,0.67,3.64
Arboleda,89,3-Jul-13,7/3/2013,7,28.22,70.76,0.36,2.79
Arboleda,90,9-Jul-13,7/9/2013,13.6,27.46,75.71,0.69,2.92
Arboleda,91,17-Jul-13,7/17/2013,24.2,28.2,72.84,1.35,5.78
Arboleda,92,24-Jul-13,7/24/2013,1,27.85,74.02,0.45,1.14
Arboleda,93,31-Jul-13,7/31/2013,4.8,27.94,73.9,1.16,4.17
Arboleda,94,7-Aug-13,8/7/2013,7.2,28.51,70.41,0.57,2.05
Arboleda,95,14-Aug-13,8/14/2013,4.8,28.19,72.91,1.2,5.49
Arboleda,96,21-Aug-13,8/21/2013,5.8,27.72,74.58,0.77,3.26
Arboleda,97,28-Aug-13,8/28/2013,0.4,28.4,72.39,0.59,3.31
Arboleda,98,4-Sep-13,9/4/2013,159.62,26.25,82.86,1.53,5.75
Arboleda,99,11-Sep-13,9/11/2013,11.4,27.5,78.01,0.59,2.04
Arboleda,100,18-Sep-13,9/18/2013,1,27.96,78.87,0.19,1.56
Arboleda,101,25-Sep-13,9/25/2013,5.4,27.84,77.49,0.22,0.83
Arboleda,102,2-Oct-13,10/2/2013,31.8,27.09,79.3,1.19,5.19
Arboleda,103,9-Oct-13,10/9/2013,8.8,26.92,79.44,0.52,2.82
Arboleda,104,17-Oct-13,10/17/2013,16.4,26.92,77.56,0.52,2.78
Arboleda,105,23-Oct-13,10/23/2013,47.41,26.79,79.38,0.33,2.71
Arboleda,106,30-Oct-13,10/30/2013,52.2,25.43,82.91,1.19,5.73
Arboleda,107,5-Nov-13,11/5/2013,0.2,26.37,79.02,0.8,2.79
Arboleda,108,12-Nov-13,11/12/2013,0.2,26.64,73.85,0.46,2.54
Arboleda,109,19-Nov-13,11/19/2013,0.6,26.08,73.96,0.45,2.23
Arboleda,110,26-Nov-13,11/26/2013,12.2,25.56,77.16,0.93,5.91
Arboleda,111,3-Dec-13,12/3/2013,7.6,24.93,76.97,0.85,5.27
Arboleda,112,10-Dec-13,12/10/2013,4.4,25.37,75.81,0.32,2.72
Arboleda,113,17-Dec-13,12/17/2013,10,25.14,73.33,0.96,4.03
Arboleda,114,24-Dec-13,12/24/2013,0.6,24.77,76.14,0.91,3.41
Arboleda,115,31-Dec-13,12/31/2013,1.6,25.68,72.96,0.19,1.96
Arboleda,116,7-Jan-14,1/7/2014,8.4,24.27,74.42,1.05,4.57
Arboleda,117,14-Jan-14,1/14/2014,1,23.93,75.82,0.36,3.66
Arboleda,118,21-Jan-14,1/21/2014,1,24.73,75.11,0.55,1.76
Arboleda,119,28-Jan-14,1/28/2014,3.8,24.98,72.14,0.28,2.62
Arboleda,120,4-Feb-14,2/4/2014,5,24.76,74.97,0.36,2.42
Arboleda,121,11-Feb-14,2/11/2014,6.6,24.4,75.26,0.21,3.3
Arboleda,122,18-Feb-14,2/18/2014,0,25.02,70.47,0.41,1.7
Arboleda,123,25-Feb-14,2/25/2014,5.2,24.33,74.13,0.41,2.22
Arboleda,124,4-Mar-14,3/4/2014,15.2,24.36,75.54,0.42,3.45
Arboleda,125,11-Mar-14,3/11/2014,2,24.54,75.53,0.42,1.76
Arboleda,126,18-Mar-14,3/18/2014,0.2,25.03,73.75,0.12,1.52
Arboleda,127,25-Mar-14,3/25/2014,0,25.56,70.21,0.4,1.57
Arboleda,128,1-Apr-14,4/1/2014,2.4,25.33,74.64,0.83,3.12
Arboleda,129,8-Apr-14,4/8/2014,19.4,25.12,75.2,0.5,5.69
Arboleda,130,15-Apr-14,4/15/2014,10.8,25.61,76.36,0.38,3.23
Arboleda,131,22-Apr-14,4/22/2014,2.8,26.22,75.41,0.22,1.83
Arboleda,132,29-Apr-14,4/29/2014,0,26.5,73.75,0.12,1.78
Arboleda,133,6-May-14,5/6/2014,22,24.84,77.35,1.25,3.9
Arboleda,134,13-May-14,5/13/2014,0.6,26.46,74.71,0.44,1.41
Arboleda,135,20-May-14,5/20/2014,0,26.86,72.06,0.27,1.14
Arboleda,136,27-May-14,5/27/2014,0,27.01,72.43,0.34,2.04
Arboleda,137,3-Jun-14,6/3/2014,2,27.28,73.5,0.39,1.69
Arboleda,138,10-Jun-14,6/10/2014,0.4,27.85,70.87,0.53,1.36
Arboleda,139,17-Jun-14,6/17/2014,12.2,27.69,74.67,0.35,3.49
Arboleda,140,24-Jun-14,6/24/2014,0,28.32,70.87,0.42,2.75
Arboleda,141,1-Jul-14,7/1/2014,8.6,28.03,71.3,0.47,3.43
Arboleda,142,8-Jul-14,7/8/2014,0.8,27.85,71.83,0.49,3.2
Arboleda,143,15-Jul-14,7/15/2014,8,27.9,73.71,0.47,2.61
Arboleda,144,22-Jul-14,7/22/2014,0.2,28.87,69.33,0.68,2.3
Arboleda,145,29-Jul-14,7/29/2014,25.2,27.99,73.39,1.08,4.73
Arboleda,146,5-Aug-14,8/5/2014,23.2,27.74,75.98,0.78,3.61
Arboleda,147,12-Aug-14,8/12/2014,1.4,28.69,71.45,0.29,3.23
Arboleda,148,19-Aug-14,8/19/2014,72.8,27.23,80.65,1.59,7.62
Arboleda,149,26-Aug-14,8/26/2014,17.6,27.51,76.94,0.7,2.41
Arboleda,150,2-Sep-14,9/2/2014,18,27.25,77.67,0.86,3.07
Arboleda,151,9-Sep-14,9/9/2014,0,27.38,76.15,0.61,1.71
Arboleda,152,16-Sep-14,9/16/2014,10,27.3,77.89,0.52,2.44
Arboleda,153,23-Sep-14,9/23/2014,7.2,26.8,80.04,0.77,2.01
Arboleda,154,30-Sep-14,9/30/2014,0,27.64,73.9,0.49,3.43
Arboleda,155,7-Oct-14,10/7/2014,2.2,27.08,77.14,0.8,3.58
Arboleda,156,14-Oct-14,10/14/2014,16.4,26.97,79.44,0.86,2.23
Arboleda,157,21-Oct-14,10/21/2014,3.2,27.24,78.14,0.36,2.01
Arboleda,158,28-Oct-14,10/28/2014,0.6,27.45,76.88,0.78,1.9
Arboleda,159,4-Nov-14,11/4/2014,46.4,25.19,83.02,1.9,3.77
Arboleda,160,11-Nov-14,11/11/2014,0,26.92,75.14,0.65,2.54
Arboleda,161,18-Nov-14,11/18/2014,6.2,26.35,76.03,0.73,3.65
Arboleda,162,25-Nov-14,11/25/2014,0.2,25.88,74.39,0.61,1.6
Arboleda,163,2-Dec-14,12/2/2014,14.6,24.66,76.09,0.51,4.25
Arboleda,164,9-Dec-14,12/9/2014,4.6,24.89,77.88,0.37,2.32
Arboleda,165,16-Dec-14,12/16/2014,0,24.93,73.68,0.38,2.04
Arboleda,166,23-Dec-14,12/23/2014,0.2,25.09,71.89,0.33,2.19
Arboleda,167,30-Dec-14,12/30/2014,0,25.5,71.51,0.43,3.28
Arboleda,168,7-Jan-15,1/7/2015,1.4,24.99,73.53,0.45,1.7
Arboleda,169,13-Jan-15,1/13/2015,8,24.55,78.51,0.51,2.51
Arboleda,170,20-Jan-15,1/20/2015,0.8,24.32,78.24,0.48,2.22
Arboleda,171,27-Jan-15,1/27/2015,0,24.27,75.57,0.8,3.68
Arboleda,172,3-Feb-15,2/3/2015,3.8,25,75.15,0.67,2.41
Arboleda,173,10-Feb-15,2/10/2015,14.2,24.98,78.69,0.86,3.61
Arboleda,174,17-Feb-15,2/17/2015,3.2,24.86,75.15,0.39,2.27
Arboleda,175,24-Feb-15,2/24/2015,0.6,25.02,71.1,0.65,3.4
Arboleda,176,3-Mar-15,3/3/2015,1,25.31,67.54,0.55,1.31
Arboleda,177,10-Mar-15,3/10/2015,1.8,24.51,71.51,0.76,3.28
Arboleda,178,17-Mar-15,3/17/2015,0,24.42,74.46,0.35,2.16
Arboleda,179,24-Mar-15,3/24/2015,1.8,24.98,72.44,0.65,1
Arboleda,180,31-Mar-15,3/31/2015,0.4,25.1,71.79,0.45,2.12
Arboleda,181,7-Apr-15,4/7/2015,0.2,25.77,70.79,0.24,0.88
Arboleda,182,14-Apr-15,4/14/2015,0,25.83,72.39,0.22,2.96
Arboleda,183,21-Apr-15,4/21/2015,0.6,26.15,75.54,0.55,2.61
Arboleda,184,28-Apr-15,4/28/2015,0.6,26.75,73.56,0.36,2.3
Arboleda,185,5-May-15,5/5/2015,1.2,26.97,70.56,0.38,2.01
Arboleda,186,12-May-15,5/12/2015,0.8,26.54,71.87,0.61,2.78
Arboleda,187,19-May-15,5/19/2015,0.6,27.14,71.9,0.37,2.78
Arboleda,188,26-May-15,5/26/2015,15.4,26.67,76.82,1.13,1.83
Arboleda,189,2-Jun-15,6/2/2015,1,27.39,75.61,0.41,1.98
Arboleda,190,9-Jun-15,6/9/2015,2.4,27.68,72.09,0.5,2.14
Arboleda,191,16-Jun-15,6/16/2015,0.2,27.85,72.98,0.47,1.08
Arboleda,192,23-Jun-15,6/23/2015,4.2,28.14,71.06,0.59,3.37
Arboleda,193,30-Jun-15,6/30/2015,8.6,28.32,69.42,0.83,4.58
Arboleda,194,7-Jul-15,7/7/2015,13.6,27.28,74.2,1.35,5.69
Arboleda,195,14-Jul-15,7/14/2015,0.8,27.64,72.29,0.5,1.97
Arboleda,196,21-Jul-15,7/21/2015,0.6,28.23,72.23,0.47,3.54
Arboleda,197,28-Jul-15,7/28/2015,3.8,28.54,70.38,0.24,1.63
Arboleda,198,4-Aug-15,8/4/2015,0.2,27.77,72.22,0.29,2.62
Arboleda,199,11-Aug-15,8/11/2015,8,27.54,74.3,0.95,5.73
Arboleda,200,18-Aug-15,8/18/2015,9,27.79,75.31,0.87,4.55
Arboleda,201,25-Aug-15,8/25/2015,15.6,28.37,75.05,0.96,3.64
Arboleda,202,1-Sep-15,9/1/2015,0,27.97,75.36,0.35,2.08
Arboleda,203,8-Sep-15,9/8/2015,24,28.18,73.68,1.35,5.8
Arboleda,204,15-Sep-15,9/15/2015,10.6,26.98,79.16,0.78,2.3
Arboleda,205,22-Sep-15,9/22/2015,0,27.47,77.61,0.31,0.93
Arboleda,206,29-Sep-15,9/29/2015,7.4,28,79.33,0.31,2.39
Arboleda,207,6-Oct-15,10/6/2015,8.4,28.16,76.13,0.41,1.54
Arboleda,208,13-Oct-15,10/13/2015,0.2,27.33,77.64,0.48,2.3
Arboleda,209,20-Oct-15,10/20/2015,86,26.06,79.13,1.79,4.94
Arboleda,210,27-Oct-15,10/27/2015,5.4,27.14,77.39,0.45,2.4
Arboleda,211,3-Nov-15,11/3/2015,35.4,26.31,79.66,1.08,5.27
Arboleda,212,10-Nov-15,11/10/2015,5.8,26.09,78.21,0.45,1.7
Arboleda,213,17-Nov-15,11/17/2015,8.8,25.44,77.2,0.61,4.22
Arboleda,214,24-Nov-15,11/24/2015,31,25.39,81.24,0.98,3.21
Arboleda,215,1-Dec-15,12/1/2015,5.4,25.87,79.22,0.66,2.92
Arboleda,216,8-Dec-15,12/8/2015,0,25.12,77.97,0.23,1.61
Arboleda,217,15-Dec-15,12/15/2015,8.6,25.25,76.83,0.76,3.33
Arboleda,218,22-Dec-15,12/22/2015,3.2,25.8,73.95,0.6,2.81
Arboleda,219,29-Dec-15,12/29/2015,2,24.75,76.08,0.83,2.63
Arboleda,220,5-Jan-16,1/5/2016,14,24.57,79.95,0.48,3.46
Arboleda,221,12-Jan-16,1/12/2016,0.2,23.99,76.62,0.35,2.13
Arboleda,222,19-Jan-16,1/19/2016,7.4,24.92,76.56,0.51,3.45
Arboleda,223,26-Jan-16,1/26/2016,5,24.63,74.9,0.54,2.61
Arboleda,224,2-Feb-16,2/2/2016,1.6,24.25,76.91,0.25,4.63
Arboleda,225,9-Feb-16,2/9/2016,4.2,24.59,75.52,0.34,2.69
Arboleda,226,16-Feb-16,2/16/2016,11.4,24.84,77.33,0.45,4.63
Arboleda,227,23-Feb-16,2/23/2016,2.8,24.65,76.15,0.63,1.82
Arboleda,228,1-Mar-16,3/1/2016,15.8,24.61,78.94,0.69,4.23
Arboleda,229,8-Mar-16,3/8/2016,2.8,24.67,71.87,0.37,6.81
Arboleda,230,15-Mar-16,3/15/2016,0,24.78,75.23,0.41,2.01
Arboleda,231,22-Mar-16,3/22/2016,3.2,25.57,72.18,0.69,2.24
Arboleda,232,29-Mar-16,3/29/2016,#NULL!,#NULL!,#NULL!,#NULL!,#NULL!
Arboleda,233,5-Apr-16,4/5/2016,15.4,25.35,76.42,0.63,3.12
Arboleda,234,12-Apr-16,4/12/2016,2.4,25.51,74.8,0.3,2.2
Arboleda,235,19-Apr-16,4/19/2016,4.2,26.52,75.88,0.57,7.02
Arboleda,236,26-Apr-16,4/26/2016,50.4,25.14,82.19,1.03,3.14
Arboleda,237,3-May-16,5/3/2016,12,26.18,81.44,0.89,2.84
Arboleda,238,10-May-16,5/10/2016,4,26.53,77.07,0.52,1.99
Arboleda,239,17-May-16,5/17/2016,0.2,27.26,75.98,0.27,1.25
Arboleda,240,24-May-16,5/24/2016,49.4,26.42,79.15,0.48,4.87
Arboleda,241,31-May-16,5/31/2016,9.6,26.83,80.94,0.33,2.04
Arboleda,242,7-Jun-16,6/7/2016,1,27.22,78.83,0.55,2.33
Arboleda,243,14-Jun-16,6/14/2016,6,26.96,77.18,0.7,4.58
Arboleda,244,21-Jun-16,6/21/2016,6.2,27.11,75.76,0.66,3.27
Arboleda,245,28-Jun-16,6/28/2016,8.81,27.52,75.28,1.12,5.03
Arboleda,246,5-Jul-16,7/5/2016,1.21,28.33,73.14,0.95,3.63
Arboleda,247,12-Jul-16,7/12/2016,11.4,27.56,74.53,0.71,2.3
Arboleda,248,19-Jul-16,7/19/2016,5.8,28.03,74.53,0.32,3.61
Arboleda,249,26-Jul-16,7/26/2016,30.6,27.95,74.89,0.91,4.43
Arboleda,250,2-Aug-16,8/2/2016,0,27.8,77.49,0.61,3.85
Arboleda,251,9-Aug-16,8/9/2016,7.8,27.57,75.14,0.57,3.35
Arboleda,252,16-Aug-16,8/16/2016,7.6,28.17,73.36,0.52,2.36
Arboleda,253,23-Aug-16,8/23/2016,21.6,27.17,79.3,0.81,3.2
Arboleda,254,30-Aug-16,8/30/2016,2.8,28.6,70.96,0.87,3.56
Arboleda,255,6-Sep-16,9/6/2016,71.2,27.36,76.79,0.6,3.76
Arboleda,256,13-Sep-16,9/13/2016,11.8,26.54,79.39,0.42,1.43
Arboleda,257,20-Sep-16,9/20/2016,16,27.38,78.53,0.61,1.85
Arboleda,258,27-Sep-16,9/27/2016,60,27.63,76.15,1.33,7.08
Arboleda,259,4-Oct-16,10/4/2016,49,26.99,81.81,0.73,2.37
Arboleda,260,11-Oct-16,10/11/2016,57.4,26.21,82.44,0.88,3.51
Arboleda,261,18-Oct-16,10/18/2016,45.4,25.94,83.36,1.18,3.9
Arboleda,262,25-Oct-16,10/25/2016,13.6,25.96,83.16,0.84,3.45
Arboleda,263,1-Nov-16,11/1/2016,32.6,25.52,82.55,0.74,3.92
Arboleda,264,8-Nov-16,11/8/2016,4.2,26.14,81.99,0.32,0.59
Arboleda,265,15-Nov-16,11/15/2016,32.2,25.06,84.78,0.8,3.01
Arboleda,266,22-Nov-16,11/22/2016,25.4,25.13,80.07,1.22,3.54
Arboleda,267,29-Nov-16,11/29/2016,20,25.11,82.66,0.36,1.34
Arboleda,268,6-Dec-16,12/6/2016,3.4,25.78,76.26,0.29,2.24
Arboleda,269,13-Dec-16,12/13/2016,5,25.59,74.87,0.66,2.6
Arboleda,270,20-Dec-16,12/20/2016,5,25.05,74.74,0.79,3.66
Arboleda,271,27-Dec-16,12/27/2016,6,24.69,75.09,0.64,2.85
Arboleda,272,3-Jan-17,1/3/2017,9.4,23.73,77.71,0.72,3
Arboleda,273,10-Jan-17,1/10/2017,0.4,23.87,71.68,0.38,3.11
Arboleda,274,17-Jan-17,1/17/2017,0,23.12,73.48,0.81,2.89
Arboleda,275,24-Jan-17,1/24/2017,9.6,24.2,75.3,0.5,2.94
Arboleda,276,31-Jan-17,1/31/2017,1.6,24.9,74.84,0.4,1.93
Arboleda,277,7-Feb-17,2/7/2017,0,24.24,73.27,0.68,2.86
Arboleda,278,14-Feb-17,2/14/2017,0,23.72,72.96,0.39,2.11
Arboleda,279,21-Feb-17,2/21/2017,1,24.52,73.57,0.83,3.63
Arboleda,280,28-Feb-17,2/28/2017,7.4,24.74,71.32,1.03,3.59
Arboleda,281,7-Mar-17,3/7/2017,0,24.6,71.83,0.56,2.86
Arboleda,282,14-Mar-17,3/14/2017,0,24.9,72.75,0.37,2.89
Arboleda,283,21-Mar-17,3/21/2017,86.2,24.14,84.56,0.95,2.98
Arboleda,284,28-Mar-17,3/28/2017,1,25.12,76.55,0.19,2.08
Arboleda,285,4-Apr-17,4/4/2017,6.8,24.68,76.05,0.35,2.39
Arboleda,286,11-Apr-17,4/11/2017,9.4,25.17,76.18,0.38,2.13
Arboleda,287,18-Apr-17,4/18/2017,0,25.05,75.26,0.99,4.45
Arboleda,288,25-Apr-17,4/25/2017,33.6,25.07,80.5,0.6,3.07
Arboleda,289,2-May-17,5/2/2017,9.4,25.47,77.77,0.23,1.83
Arboleda,290,9-May-17,5/9/2017,14,25.61,80.61,1.1,1.91
Arboleda,291,16-May-17,5/16/2017,0,27.16,73.87,0.31,1.8
Arboleda,292,23-May-17,5/23/2017,4.8,27.05,74.84,0.33,2.07
Arboleda,293,30-May-17,5/30/2017,3.8,27.09,75.3,0.71,2.32
Arboleda,294,7-Jun-17,6/7/2017,4.6,27.25,73.75,0.3,1.25
Arboleda,295,14-Jun-17,6/14/2017,2,27.76,73.45,0.41,1.49
Arboleda,296,21-Jun-17,6/21/2017,11.4,27.54,72.87,0.26,2.73
Arboleda,297,28-Jun-17,6/28/2017,3.8,28.11,72.08,0.33,2.04
Arboleda,298,5-Jul-17,7/5/2017,4.6,27.74,75.25,0.6,2.91
Arboleda,299,12-Jul-17,7/12/2017,5.6,27.82,75.09,0.69,2.43
Arboleda,300,19-Jul-17,7/19/2017,1.2,28.83,71.12,0.61,2.94
Arboleda,301,26-Jul-17,7/26/2017,10,28.05,75.36,0.63,2.79
Arboleda,302,2-Aug-17,8/2/2017,1.2,28.67,71.9,0.46,2.38
Arboleda,303,9-Aug-17,8/9/2017,0,28.98,71.35,0.56,2.47
Arboleda,304,16-Aug-17,8/16/2017,82,27.34,78.62,1.3,5.81
Arboleda,305,23-Aug-17,8/23/2017,27,27.24,79.5,0.85,2.77
Arboleda,306,30-Aug-17,8/30/2017,41.8,27.18,79.23,0.53,2.26
Arboleda,307,5-Sep-17,9/5/2017,69.4,27,82.53,0.59,2.27
Arboleda,308,13-Sep-17,9/13/2017,50.11,27.06,80.87,0.72,3.88
Arboleda,309,18-Sep-17,9/18/2017,252.71,27.35,84.42,0.75,6.32
Arboleda,312,11-Oct-17,10/11/2017,187.94,27.22,81.15,1.28,6.3
Arboleda,313,18-Oct-17,10/18/2017,52.07,26.99,72.04,0.8,7.01
Arboleda,314,25-Oct-17,10/25/2017,71.35,26.63,80.2,0.85,5.79
Arboleda,315,1-Nov-17,11/1/2017,15.23,26.71,72.72,0.43,6.77
Arboleda,316,8-Nov-17,11/8/2017,27.67,26.37,77.51,0.54,3.46
Arboleda,317,15-Nov-17,11/15/2017,50.02,26.35,84.28,0.82,6.03
Arboleda,318,22-Nov-17,11/22/2017,8.13,26.66,72.58,0.47,4.08
Arboleda,319,29-Nov-17,11/29/2017,0.25,26.65,72.27,0.37,1.8
Arboleda,320,6-Dec-17,12/6/2017,0,26.14,69.31,0.31,2.57
Arboleda,321,13-Dec-17,12/13/2017,1.02,26.25,70.23,0.41,4.25
Arboleda,322,20-Dec-17,12/20/2017,0.25,26.34,66.67,0.16,1.54
Arboleda,323,27-Dec-17,12/27/2017,2.03,25.64,67.66,0.45,2.1
Arboleda,324,3-Jan-18,1/3/2018,14.73,25.76,72.5,0.54,3.66
Arboleda,325,10-Jan-18,1/10/2018,10,24.43,79.18,0.3,1.83
Arboleda,326,17-Jan-18,1/17/2018,0,24.26,77.16,0.15,1.74
Arboleda,327,24-Jan-18,1/24/2018,3.4,24.46,74.36,0.27,1.5
Arboleda,328,31-Jan-18,1/31/2018,0,24.17,69.93,0.72,1.91
Arboleda,329,7-Feb-18,2/7/2018,2,24.56,70.53,0.31,1.43
Arboleda,330,14-Feb-18,2/14/2018,0,24.1,70.34,0.31,1.75
Arboleda,331,21-Feb-18,2/21/2018,44.8,23.65,72.18,0.54,4.16
Arboleda,332,28-Feb-18,2/28/2018,19.4,23.07,75.55,0.54,5.63
Arboleda,333,7-Mar-18,3/7/2018,0,24.76,75.51,0.56,4.11
Arboleda,334,14-Mar-18,3/14/2018,1.6,24.19,77.26,0.37,1.34
Arboleda,335,21-Mar-18,3/21/2018,34.8,24.28,77.84,0.67,1.43
Arboleda,336,28-Mar-18,3/28/2018,0.2,24.11,71.16,0.54,3.85
Arboleda,337,4-Apr-18,4/4/2018,0,24.92,76.32,0.25,2.2
Arboleda,338,11-Apr-18,4/11/2018,7,25.08,74.54,0.59,3.17
Arboleda,339,18-Apr-18,4/18/2018,10.6,25.4,75.79,0.5,2
Arboleda,340,25-Apr-18,4/25/2018,2.4,25.18,75.81,0.37,2.93
Arboleda,341,2-May-18,5/2/2018,38.4,25.28,77.74,0.4,3.4
Arboleda,342,9-May-18,5/9/2018,12.6,25.28,76.62,0.52,2.52
Arboleda,343,16-May-18,5/16/2018,7.8,25.4,74.86,0.49,1.72
Arboleda,344,23-May-18,5/23/2018,7,25.97,77.06,0.12,1.85
Arboleda,345,30-May-18,5/30/2018,12.2,26.06,76.88,0.24,2.15
Arboleda,346,6-Jun-18,6/6/2018,10,26.58,76.06,0.27,2.31
Arboleda,347,13-Jun-18,6/13/2018,3.2,26.96,75.29,0.48,2.1
Arboleda,348,20-Jun-18,6/20/2018,59.8,26.04,78.62,1.27,5.06
Arboleda,349,27-Jun-18,6/27/2018,0,27.04,74.45,0.32,1.68
Arboleda,350,4-Jul-18,7/4/2018,50.2,27.19,74.12,1.16,5.78
Arboleda,351,11-Jul-18,7/11/2018,0,27.13,75.63,0.45,1.23
Arboleda,352,18-Jul-18,7/18/2018,6.6,27.17,75.3,0.82,2.45
Arboleda,353,25-Jul-18,7/25/2018,0.2,27.18,74.54,0.73,3.17
Arboleda,354,1-Aug-18,8/1/2018,0,27.51,73.33,0.34,1.77
Arboleda,355,8-Aug-18,8/8/2018,10.8,27.42,73.97,0.41,1.19
Arboleda,356,15-Aug-18,8/15/2018,8.8,27.03,76.5,0.52,2.98
Arboleda,357,22-Aug-18,8/22/2018,1,27.01,74.62,0.49,1.11
Arboleda,358,29-Aug-18,8/29/2018,56,26.88,76.97,0.73,2.81
Arboleda,359,5-Sep-18,9/5/2018,1,26.69,77.75,0.24,0.8
Arboleda,360,12-Sep-18,9/12/2018,39,26.96,78.75,1.2,5.91
Arboleda,361,19-Sep-18,9/19/2018,1.4,27.18,76.45,0.42,1.59
Arboleda,362,26-Sep-18,9/26/2018,13.2,26.45,78.44,0.74,2.58
Arboleda,363,3-Oct-18,10/3/2018,13.8,25.97,80.9,0.44,1.63
Arboleda,364,10-Oct-18,10/10/2018,102.8,25.31,81.96,1.24,4.47
Arboleda,365,17-Oct-18,10/17/2018,15.2,26.54,76.11,0.37,2.9
Arboleda,366,24-Oct-18,10/24/2018,2.2,25.81,77.97,0.51,0.86
Arboleda,367,31-Oct-18,10/31/2018,14.4,25.47,78.08,1,3.44
Arboleda,368,7-Nov-18,11/7/2018,10.8,26.1,78.64,0.29,1.23
Arboleda,369,14-Nov-18,11/14/2018,18.6,24.97,80.63,0.44,4.44
Arboleda,370,20-Nov-18,11/20/2018,0,25.06,77.74,0.63,1.62
Arboleda,371,28-Nov-18,11/28/2018,0,24.67,75.87,0.31,1.53
Arboleda,372,6-Dec-18,12/6/2018,0.8,24.84,75.46,0.37,1.87
Arboleda,373,12-Dec-18,12/12/2018,3.6,24.56,76,0.7,1.4
Arboleda,374,19-Dec-18,12/19/2018,1.6,23.78,77.08,0.51,2.76
Arboleda,375,26-Dec-18,12/26/2018,1.4,24.43,72.61,0.44,4.44
Arboleda,376,2-Jan-19,1/2/2019,6,23.84,75.38,0.7,3.77
Arboleda,377,9-Jan-19,1/9/2019,9.6,23.25,77.82,0.76,3.35
Arboleda,378,16-Jan-19,1/16/2019,7.6,22.99,77.88,0.53,1.69
Arboleda,379,23-Jan-19,1/23/2019,1.4,23.44,76.31,0.72,2.85
Arboleda,380,30-Jan-19,1/30/2019,0,23.59,74.14,0.34,2.07
Arboleda,381,6-Feb-19,2/6/2019,5.4,24.09,74.49,0.56,1.74
Arboleda,382,13-Feb-19,2/13/2019,8,24.14,77.58,0.29,4.39
Arboleda,383,20-Feb-19,2/20/2019,1,24.49,71.04,0.32,1.96
Arboleda,384,27-Feb-19,2/27/2019,1.4,24.4,74.22,0.27,2.36
Arboleda,385,6-Mar-19,3/6/2019,4,24.1,72.7,0.2,3.42
Arboleda,386,13-Mar-19,3/13/2019,0,24.01,72.4,0.37,1.71
Arboleda,387,20-Mar-19,3/20/2019,8.6,24.38,76.23,0.39,1.38
Arboleda,388,27-Mar-19,3/27/2019,1,24.56,77.09,0.23,1.45
Arboleda,389,3-Apr-19,4/3/2019,0,25.13,70.39,0.34,1.44
Arboleda,390,10-Apr-19,4/10/2019,30.4,24.42,77.78,0.63,4.2
Arboleda,391,17-Apr-19,4/17/2019,1,24.94,72.6,0.69,2.31
Arboleda,392,24-Apr-19,4/24/2019,35.2,24.95,76.68,0.77,2.6
Arboleda,393,1-May-19,5/1/2019,3,25.35,75.81,0.4,2.84
Arboleda,394,8-May-19,5/8/2019,0,25.89,76.5,0.79,0.98
Arboleda,395,15-May-19,5/15/2019,1.6,26.26,76.65,0.16,1.2
Arboleda,396,22-May-19,5/22/2019,48.8,25.73,79.27,0.77,4.02
Arboleda,397,29-May-19,5/29/2019,4.8,25.58,79.33,0.86,3.12
Arboleda,398,5-Jun-19,6/5/2019,0,26.77,77.87,0.3,1.33
La_Margarita,72,6-Mar-13,3/6/2013,2.03,26.37,68.43,0.64,6.77
La_Margarita,73,13-Mar-13,3/13/2013,0,26.81,69.93,0.74,3.59
La_Margarita,74,20-Mar-13,3/20/2013,0,27.86,67.38,0.48,6.91
La_Margarita,75,27-Mar-13,3/27/2013,0,27.65,68.96,0.44,5.24
La_Margarita,76,3-Apr-13,4/3/2013,4.55,26.36,75.33,0.7,2.21
La_Margarita,77,10-Apr-13,4/10/2013,0.76,27.05,71.48,1.09,3.8
La_Margarita,78,17-Apr-13,4/17/2013,2.53,26.16,69.93,0.6,3.59
La_Margarita,79,24-Apr-13,4/24/2013,43.42,25.8,77.15,0.85,3.28
La_Margarita,80,1-May-13,5/1/2013,2.02,27.75,78.64,0.55,2.59
La_Margarita,81,8-May-13,5/8/2013,6.6,27.63,76.03,0.38,4.99
La_Margarita,82,15-May-13,5/15/2013,0.25,27.67,71.98,0.23,3.41
La_Margarita,83,22-May-13,5/22/2013,20.31,27.58,74.97,0.64,3.59
La_Margarita,84,29-May-13,5/29/2013,2.28,28.17,73.84,0.55,3.97
La_Margarita,85,5-Jun-13,6/5/2013,0,28.38,71.89,0.65,1.82
La_Margarita,86,12-Jun-13,6/12/2013,8.62,28.96,73.1,0.36,5.07
La_Margarita,87,19-Jun-13,6/19/2013,22.35,27.85,73.12,0.7,3.2
La_Margarita,88,26-Jun-13,6/26/2013,13.2,27.54,77.62,0.64,4.45
La_Margarita,89,3-Jul-13,7/3/2013,9.14,28.87,70.62,0.31,3.24
La_Margarita,90,9-Jul-13,7/9/2013,18.55,28.17,76.05,0.75,3.67
La_Margarita,91,17-Jul-13,7/17/2013,30.47,28.81,72.74,1.23,6.54
La_Margarita,92,24-Jul-13,7/24/2013,0,28.65,73.46,0.35,1.03
La_Margarita,93,31-Jul-13,7/31/2013,6.86,28.65,73.47,1.02,4.24
La_Margarita,94,7-Aug-13,8/7/2013,6.87,29.22,69.61,0.51,2.28
La_Margarita,95,14-Aug-13,8/14/2013,7.86,28.98,72.13,1.15,6.16
La_Margarita,96,21-Aug-13,8/21/2013,7.35,28.4,74.71,0.75,4.05
La_Margarita,97,28-Aug-13,8/28/2013,0.25,29.12,71.86,0.55,3.68
La_Margarita,98,4-Sep-13,9/4/2013,183.12,27.05,84.52,1.56,7.21
La_Margarita,99,11-Sep-13,9/11/2013,5.85,28.24,78.18,0.85,1.99
La_Margarita,100,18-Sep-13,9/18/2013,3.3,28.86,78.81,0.18,2.61
La_Margarita,101,25-Sep-13,9/25/2013,7.11,28.74,77.22,0.22,1.48
La_Margarita,102,2-Oct-13,10/2/2013,59.45,27.98,79.78,1.21,6.75
La_Margarita,103,9-Oct-13,10/9/2013,13.7,27.96,78.6,0.58,3.77
La_Margarita,104,17-Oct-13,10/17/2013,30.23,27.83,77.73,0.44,3.21
La_Margarita,105,23-Oct-13,10/23/2013,56.6,27.69,79.62,0.36,3.41
La_Margarita,106,30-Oct-13,10/30/2013,62.71,26.2,84.67,1.07,6.7
La_Margarita,107,5-Nov-13,11/5/2013,2.03,27.28,79.29,0.75,3.65
La_Margarita,108,12-Nov-13,11/12/2013,0.76,27.4,73.31,0.52,3.05
La_Margarita,109,19-Nov-13,11/19/2013,0.25,27.08,72.96,0.41,2.48
La_Margarita,110,26-Nov-13,11/26/2013,9.12,26.43,77.09,0.86,6.84
La_Margarita,111,3-Dec-13,12/3/2013,20.83,25.66,78.02,0.97,6.67
La_Margarita,112,10-Dec-13,12/10/2013,6.84,26.25,75.5,0.32,3.5
La_Margarita,113,17-Dec-13,12/17/2013,13.97,25.93,72.9,0.98,4.9
La_Margarita,114,24-Dec-13,12/24/2013,0.25,25.76,75.76,0.89,4.03
La_Margarita,115,31-Dec-13,12/31/2013,3.55,26.45,72.67,0.11,2.14
La_Margarita,116,7-Jan-14,1/7/2014,10.4,25.16,74.08,0.87,4.95
La_Margarita,117,14-Jan-14,1/14/2014,1.01,25.05,74.98,0.39,4.25
La_Margarita,118,21-Jan-14,1/21/2014,1.26,25.69,74.63,0.36,2.31
La_Margarita,119,28-Jan-14,1/28/2014,4.82,25.8,71.61,0.27,3.09
La_Margarita,120,4-Feb-14,2/4/2014,8.39,25.61,75.39,0.17,2.52
La_Margarita,121,11-Feb-14,2/11/2014,4.31,25.57,74.32,0.32,4.35
La_Margarita,122,18-Feb-14,2/18/2014,0,25.85,69.46,0.27,1.85
La_Margarita,123,25-Feb-14,2/25/2014,10.16,25.26,74.15,0.38,2.6
La_Margarita,124,4-Mar-14,3/4/2014,8.64,25.25,76.23,0.42,4.82
La_Margarita,125,11-Mar-14,3/11/2014,5.59,25.45,76.04,0.56,3.11
La_Margarita,126,18-Mar-14,3/18/2014,1.77,26.07,73.55,0.11,1.7
La_Margarita,127,25-Mar-14,3/25/2014,0,26.47,69.43,0.32,1.94
La_Margarita,128,1-Apr-14,4/1/2014,3.8,26.23,74.29,0.81,3.83
La_Margarita,129,8-Apr-14,4/8/2014,18.03,26.02,74.43,0.42,6.99
La_Margarita,130,15-Apr-14,4/15/2014,16.5,26.59,76.01,0.51,3.26
La_Margarita,131,22-Apr-14,4/22/2014,2.28,27.16,75.31,0.19,2.18
La_Margarita,132,29-Apr-14,4/29/2014,0,27.45,73.23,0.2,1.9
La_Margarita,133,6-May-14,5/6/2014,26.87,25.67,78,1.28,4.79
La_Margarita,134,13-May-14,5/13/2014,1.02,27.3,74.58,0.38,1.31
La_Margarita,135,20-May-14,5/20/2014,0.25,27.63,71.58,0.27,1.38
La_Margarita,136,27-May-14,5/27/2014,0,27.79,72.48,0.31,2.63
La_Margarita,137,3-Jun-14,6/3/2014,2.27,28.01,73.8,0.37,1.93
La_Margarita,138,10-Jun-14,6/10/2014,0.76,28.54,70.84,0.47,1.75
La_Margarita,139,17-Jun-14,6/17/2014,3.3,28.48,74.95,0.34,3.99
La_Margarita,140,24-Jun-14,6/24/2014,0.5,28.98,70.92,0.41,3.34
La_Margarita,141,1-Jul-14,7/1/2014,9.9,28.76,71.05,0.4,3.77
La_Margarita,142,8-Jul-14,7/8/2014,3.04,28.6,71.59,0.39,3.77
La_Margarita,143,15-Jul-14,7/15/2014,6.59,28.66,73.78,0.44,2.94
La_Margarita,144,22-Jul-14,7/22/2014,0,29.56,68.9,0.66,2.71
La_Margarita,145,29-Jul-14,7/29/2014,36.82,28.81,73.45,1.02,5.41
La_Margarita,146,5-Aug-14,8/5/2014,36.28,28.53,76.24,0.77,4.29
La_Margarita,147,12-Aug-14,8/12/2014,2.29,29.45,71.16,0.3,3.54
La_Margarita,148,19-Aug-14,8/19/2014,83.33,28.16,81.55,1.48,8.71
La_Margarita,149,26-Aug-14,8/26/2014,22.61,28.53,76.24,0.7,2.77
La_Margarita,150,2-Sep-14,9/2/2014,25.9,28.34,77.03,0.88,3.87
La_Margarita,151,9-Sep-14,9/9/2014,0,28.47,75.09,0.46,1.42
La_Margarita,152,16-Sep-14,9/16/2014,14.47,28.32,77.69,0.47,2.88
La_Margarita,153,23-Sep-14,9/23/2014,5.57,27.91,79.76,0.87,2.69
La_Margarita,154,30-Sep-14,9/30/2014,0.25,28.68,72.73,0.44,3.48
La_Margarita,155,7-Oct-14,10/7/2014,21.59,27.87,78.66,0.76,4.48
La_Margarita,156,14-Oct-14,10/14/2014,18.54,28.01,80.25,0.76,2.88
La_Margarita,157,21-Oct-14,10/21/2014,4.3,28.32,77.94,0.25,2.64
La_Margarita,158,28-Oct-14,10/28/2014,2.78,28.26,77.86,0.84,2.96
La_Margarita,159,4-Nov-14,11/4/2014,94.47,26.2,84.27,1.93,5.19
La_Margarita,160,11-Nov-14,11/11/2014,0,27.83,74.8,0.55,2.51
La_Margarita,161,18-Nov-14,11/18/2014,7.84,27.29,75.88,0.76,4.48
La_Margarita,162,25-Nov-14,11/25/2014,0.76,26.75,74.3,0.59,2.04
La_Margarita,163,2-Dec-14,12/2/2014,47.25,25.5,77.09,0.51,5.89
La_Margarita,164,9-Dec-14,12/9/2014,5.58,25.86,78.56,0.42,3.29
La_Margarita,165,16-Dec-14,12/16/2014,0,25.82,73.12,0.4,2.42
La_Margarita,166,23-Dec-14,12/23/2014,1.77,25.84,72.18,0.63,3.09
La_Margarita,167,30-Dec-14,12/30/2014,0,26.45,70.71,0.45,4.11
La_Margarita,168,7-Jan-15,1/7/2015,1.27,26.04,72.9,0.39,2.05
La_Margarita,169,13-Jan-15,1/13/2015,4.3,25.58,79.36,0.59,2.67
La_Margarita,170,20-Jan-15,1/20/2015,1.01,25.49,78.27,0.64,3.35
La_Margarita,171,27-Jan-15,1/27/2015,0,25.33,75.39,0.74,4.19
La_Margarita,172,3-Feb-15,2/3/2015,8.63,26.16,74.64,0.62,2.7
La_Margarita,173,10-Feb-15,2/10/2015,19.55,26.07,79.35,0.89,4.48
La_Margarita,174,17-Feb-15,2/17/2015,4.83,26.04,74.26,0.17,2.67
La_Margarita,175,24-Feb-15,2/24/2015,1.25,26,70.03,0.57,3.6
La_Margarita,176,3-Mar-15,3/3/2015,0.75,26.26,66.17,0.54,1.52
La_Margarita,177,10-Mar-15,3/10/2015,2.02,25.58,70.6,0.66,3.85
La_Margarita,178,17-Mar-15,3/17/2015,0.5,25.69,73.79,0.33,2.51
La_Margarita,179,24-Mar-15,3/24/2015,2.79,26.2,71.21,0.49,1.63
La_Margarita,180,31-Mar-15,3/31/2015,0.5,26.19,70.72,0.5,2.84
La_Margarita,181,7-Apr-15,4/7/2015,0,26.83,69.68,0.19,1.06
La_Margarita,182,14-Apr-15,4/14/2015,0,27.03,71.47,0.27,3.42
La_Margarita,183,21-Apr-15,4/21/2015,0,27.57,74.54,0.58,2.8
La_Margarita,184,28-Apr-15,4/28/2015,0,28.04,72.62,0.15,1.98
La_Margarita,185,5-May-15,5/5/2015,1.52,27.95,69.75,0.4,2.47
La_Margarita,186,12-May-15,5/12/2015,0,27.62,70.99,0.49,2.69
La_Margarita,187,19-May-15,5/19/2015,0.25,28.17,71.31,0.32,3.02
La_Margarita,188,26-May-15,5/26/2015,11.68,27.8,76.81,1.02,1.73
La_Margarita,189,2-Jun-15,6/2/2015,2.28,28.46,75.51,0.4,2.12
La_Margarita,190,9-Jun-15,6/9/2015,1.27,28.65,71.64,0.47,2.33
La_Margarita,191,16-Jun-15,6/16/2015,0.75,28.8,72.85,0.41,1.16
La_Margarita,192,23-Jun-15,6/23/2015,4.57,29.07,70.56,0.57,3.82
La_Margarita,193,30-Jun-15,6/30/2015,11.43,29.22,68.51,0.82,5.48
La_Margarita,194,7-Jul-15,7/7/2015,8.63,28.18,74.31,1.3,6.62
La_Margarita,195,14-Jul-15,7/14/2015,0.76,28.61,71.63,0.45,2.1
La_Margarita,196,21-Jul-15,7/21/2015,0.5,29.23,71.59,0.37,4.06
La_Margarita,197,28-Jul-15,7/28/2015,3.3,29.41,70.07,0.3,1.81
La_Margarita,198,4-Aug-15,8/4/2015,0.75,28.81,71.58,0.27,3.16
La_Margarita,199,11-Aug-15,8/11/2015,23.62,28.49,74.45,0.95,7.09
La_Margarita,200,18-Aug-15,8/18/2015,8.87,28.89,75.11,0.79,5.29
La_Margarita,201,25-Aug-15,8/25/2015,14.47,29.37,75.16,0.91,4.35
La_Margarita,202,1-Sep-15,9/1/2015,0.25,29.1,75.33,0.26,2.55
La_Margarita,203,8-Sep-15,9/8/2015,35.05,29.15,73.58,1.32,6.94
La_Margarita,204,15-Sep-15,9/15/2015,11.43,28.12,79.83,0.77,3.07
La_Margarita,205,22-Sep-15,9/22/2015,0,28.76,77.72,0.36,1.08
La_Margarita,206,29-Sep-15,9/29/2015,11.68,29.28,79.47,0.35,2.78
La_Margarita,207,6-Oct-15,10/6/2015,10.65,29.21,76.16,0.42,2.2
La_Margarita,208,13-Oct-15,10/13/2015,2.03,28.48,78.09,0.43,2.8
La_Margarita,209,20-Oct-15,10/20/2015,99.05,27.24,80.07,1.93,6.43
La_Margarita,210,27-Oct-15,10/27/2015,7.87,28.31,76.99,0.5,3
La_Margarita,211,3-Nov-15,11/3/2015,37.33,27.36,80.54,1.11,6.76
La_Margarita,212,10-Nov-15,11/10/2015,2.03,27.29,77.74,0.47,2.18
La_Margarita,213,17-Nov-15,11/17/2015,8.63,26.61,77.01,0.68,4.49
La_Margarita,214,24-Nov-15,11/24/2015,37.08,26.7,81.28,1.06,4.45
La_Margarita,215,1-Dec-15,12/1/2015,4.05,27.04,79.32,0.6,3.26
La_Margarita,216,8-Dec-15,12/8/2015,0,26.49,77.07,0.2,2.15
La_Margarita,217,15-Dec-15,12/15/2015,12.19,26.39,76.66,0.61,3.62
La_Margarita,218,22-Dec-15,12/22/2015,5.82,26.72,74.04,0.6,3.61
La_Margarita,219,29-Dec-15,12/29/2015,1.77,25.94,75.72,0.64,2.85
La_Margarita,220,5-Jan-16,1/5/2016,12.44,25.79,80.29,0.45,4.29
La_Margarita,221,12-Jan-16,1/12/2016,0,25.26,75.81,0.22,3.14
La_Margarita,222,19-Jan-16,1/19/2016,9.12,26.1,76.23,0.4,4.04
La_Margarita,223,26-Jan-16,1/26/2016,5.59,25.87,74.18,0.41,2.79
La_Margarita,224,2-Feb-16,2/2/2016,3.81,25.47,77.14,0.4,5.01
La_Margarita,225,9-Feb-16,2/9/2016,4.31,25.8,75.1,0.28,3.25
La_Margarita,226,16-Feb-16,2/16/2016,12.69,26.01,77.83,0.41,5.64
La_Margarita,227,23-Feb-16,2/23/2016,1.26,25.95,75.37,0.43,1.75
La_Margarita,228,1-Mar-16,3/1/2016,21.32,25.67,80,0.77,5.68
La_Margarita,229,8-Mar-16,3/8/2016,3.8,25.71,70.81,0.35,8.58
La_Margarita,230,15-Mar-16,3/15/2016,0.25,26.09,74.41,0.43,2.62
La_Margarita,231,22-Mar-16,3/22/2016,5.83,26.64,71.54,0.63,2.67
La_Margarita,232,29-Mar-16,3/29/2016,6.6,24.78,83.99,#NULL!,#NULL!
La_Margarita,233,5-Apr-16,4/5/2016,5.57,26.75,75.68,0.59,3.63
La_Margarita,234,12-Apr-16,4/12/2016,1.01,26.99,73.52,0.17,2.6
La_Margarita,235,19-Apr-16,4/19/2016,0.08,27.73,75.36,0.57,8.1
La_Margarita,236,26-Apr-16,4/26/2016,61.16,26.38,83.02,1.03,3.74
La_Margarita,237,3-May-16,5/3/2016,33.75,27.33,82.37,0.9,3.34
La_Margarita,238,10-May-16,5/10/2016,3.05,27.71,76.8,0.47,2.37
La_Margarita,239,17-May-16,5/17/2016,0.75,28.43,75.91,0.3,1.64
La_Margarita,240,24-May-16,5/24/2016,36.79,27.57,79.75,0.51,5.94
La_Margarita,241,31-May-16,5/31/2016,13.45,28.06,81.34,0.39,2.95
La_Margarita,242,7-Jun-16,6/7/2016,0.25,28.53,78.45,0.39,3.11
La_Margarita,243,14-Jun-16,6/14/2016,7.34,28.27,76.74,0.79,5.92
La_Margarita,244,21-Jun-16,6/21/2016,4.56,28.36,74.97,0.66,4.03
La_Margarita,245,28-Jun-16,6/28/2016,13.45,28.54,75.39,1.01,5.79
La_Margarita,246,5-Jul-16,7/5/2016,2.28,29.32,73.15,0.82,3.97
La_Margarita,247,12-Jul-16,7/12/2016,11.93,28.64,74.47,0.78,3.37
La_Margarita,248,19-Jul-16,7/19/2016,4.81,29.12,74.36,0.3,3.91
La_Margarita,249,26-Jul-16,7/26/2016,39.6,29.02,75.01,0.98,5.66
La_Margarita,250,2-Aug-16,8/2/2016,8.36,28.98,77.39,0.66,4.89
La_Margarita,251,9-Aug-16,8/9/2016,13.17,28.82,74.58,0.56,4
La_Margarita,252,16-Aug-16,8/16/2016,7.8,29.31,73.08,0.46,3.58
La_Margarita,253,23-Aug-16,8/23/2016,26.6,28.49,79.82,0.81,4.18
La_Margarita,254,30-Aug-16,8/30/2016,2.4,29.81,70,0.87,4.41
La_Margarita,255,6-Sep-16,9/6/2016,48.9,28.67,76.93,0.61,4.77
La_Margarita,256,13-Sep-16,9/13/2016,9.7,28.01,79.56,0.54,2.71
La_Margarita,257,20-Sep-16,9/20/2016,20.6,28.89,78.35,0.55,2.36
La_Margarita,258,27-Sep-16,9/27/2016,49.6,28.91,75.88,1.35,8.73
La_Margarita,259,4-Oct-16,10/4/2016,49.3,28.47,82.17,0.64,2.67
La_Margarita,260,11-Oct-16,10/11/2016,56.8,27.72,82.91,0.91,4.5
La_Margarita,261,18-Oct-16,10/18/2016,37.7,27.48,84.03,1.34,5.83
La_Margarita,262,25-Oct-16,10/25/2016,12,27.37,84.6,0.83,4.24
La_Margarita,263,2-Nov-16,11/2/2016,42.7,26.82,83.73,0.75,4.54
La_Margarita,264,8-Nov-16,11/8/2016,1.2,27.59,82.41,0.35,1.11
La_Margarita,265,15-Nov-16,11/15/2016,26.1,26.35,86.73,0.94,4.51
La_Margarita,266,22-Nov-16,11/22/2016,28.6,26.47,80.82,1.27,4.47
La_Margarita,267,29-Nov-16,11/29/2016,18.6,26.52,83.45,0.4,1.49
La_Margarita,268,6-Dec-16,12/6/2016,1.8,26.97,76.26,0.26,2.59
La_Margarita,269,13-Dec-16,12/13/2016,2.8,26.72,74.94,0.61,3.12
La_Margarita,270,20-Dec-16,12/20/2016,4.4,26.15,74.82,0.71,4.37
La_Margarita,271,27-Dec-16,12/27/2016,0.8,25.91,74.83,0.5,2.74
La_Margarita,272,3-Jan-17,1/3/2017,7.6,25.1,77.96,0.8,4.57
La_Margarita,273,10-Jan-17,1/10/2017,1.7,24.96,71.21,0.45,4.15
La_Margarita,274,17-Jan-17,1/17/2017,0,24.39,73.2,0.94,2.75
La_Margarita,275,24-Jan-17,1/24/2017,4.5,25.53,74.95,0.53,3.42
La_Margarita,276,31-Jan-17,1/31/2017,2.3,26.16,74.64,0.25,2.51
La_Margarita,277,7-Feb-17,2/7/2017,0,25.58,72.58,0.66,3.43
La_Margarita,278,14-Feb-17,2/14/2017,0,25.08,72.61,0.36,2.5
La_Margarita,279,21-Feb-17,2/21/2017,0,25.84,72.99,0.74,3.8
La_Margarita,280,28-Feb-17,2/28/2017,8.8,25.84,70.82,1.03,4.32
La_Margarita,281,7-Mar-17,3/7/2017,0,25.83,71.07,0.54,3.23
La_Margarita,282,14-Mar-17,3/14/2017,3.8,26.17,72.42,0.26,3.84
La_Margarita,283,21-Mar-17,3/21/2017,80.6,25.46,86.77,1.13,4.64
La_Margarita,284,28-Mar-17,3/28/2017,0.3,26.43,76.52,0.21,2.72
La_Margarita,285,4-Apr-17,4/4/2017,7.9,26.12,75.46,0.36,3.52
La_Margarita,286,11-Apr-17,4/11/2017,4.5,26.52,76.02,0.29,2.56
La_Margarita,287,18-Apr-17,4/18/2017,0.3,26.31,75.1,0.96,5.72
La_Margarita,288,25-Apr-17,4/25/2017,29,26.32,81.42,0.67,4.05
La_Margarita,289,2-May-17,5/2/2017,11.5,26.95,77.41,0.26,2.68
La_Margarita,290,9-May-17,5/9/2017,21.6,26.93,81.53,1.13,2.81
La_Margarita,291,16-May-17,5/16/2017,0,28.32,73.87,0.28,1.62
La_Margarita,292,23-May-17,5/23/2017,5.9,28.2,75.14,0.21,2.67
La_Margarita,293,30-May-17,5/30/2017,0.8,28.19,75.61,0.69,2.62
La_Margarita,294,7-Jun-17,6/7/2017,3.7,28.48,73.41,0.38,1.76
La_Margarita,295,14-Jun-17,6/14/2017,1.5,28.84,73.6,0.31,1.87
La_Margarita,296,21-Jun-17,6/21/2017,10.8,28.54,73.25,0.32,3.6
La_Margarita,297,28-Jun-17,6/28/2017,1.9,29.09,72.4,0.31,2.38
La_Margarita,298,5-Jul-17,7/5/2017,2.1,28.8,76.13,0.45,3.31
La_Margarita,299,12-Jul-17,7/12/2017,10.7,28.94,75.44,0.66,3.02
La_Margarita,300,19-Jul-17,7/19/2017,1.8,29.8,71.16,0.56,3.45
La_Margarita,301,26-Jul-17,7/26/2017,10.3,29.17,76.09,0.62,3.68
La_Margarita,302,2-Aug-17,8/2/2017,1.6,29.7,71.91,0.44,2.73
La_Margarita,303,9-Aug-17,8/9/2017,0,30.03,71.42,0.5,2.78
La_Margarita,304,16-Aug-17,8/16/2017,85.2,28.38,80.23,1.3,7.33
La_Margarita,305,23-Aug-17,8/23/2017,16.5,28.51,80.14,0.82,3.25
La_Margarita,306,30-Aug-17,8/30/2017,46.7,28.41,80,0.62,3.52
La_Margarita,307,5-Sep-17,9/5/2017,79,28.21,84.29,0.63,3.18
La_Margarita,308,13-Sep-17,9/13/2017,58.21,28.2,81.71,0.74,4.66
La_Margarita,309,18-Sep-17,9/18/2017,252.71,27.35,84.42,0.75,6.32
La_Margarita,312,11-Oct-17,10/11/2017,187.94,27.22,81.15,1.28,6.3
La_Margarita,313,18-Oct-17,10/18/2017,52.07,26.99,72.04,0.8,7.01
La_Margarita,314,25-Oct-17,10/25/2017,71.35,26.63,80.2,0.85,5.79
La_Margarita,315,1-Nov-17,11/1/2017,15.23,26.71,72.72,0.43,6.77
La_Margarita,316,8-Nov-17,11/8/2017,27.67,26.37,77.51,0.54,3.46
La_Margarita,317,15-Nov-17,11/15/2017,50.02,26.35,84.28,0.82,6.03
La_Margarita,318,22-Nov-17,11/22/2017,8.13,26.66,72.58,0.47,4.08
La_Margarita,319,29-Nov-17,11/29/2017,0.25,26.65,72.27,0.37,1.8
La_Margarita,320,6-Dec-17,12/6/2017,0,26.14,69.31,0.31,2.57
La_Margarita,321,13-Dec-17,12/13/2017,1.02,26.25,70.23,0.41,4.25
La_Margarita,322,20-Dec-17,12/20/2017,0.25,26.34,66.67,0.16,1.54
La_Margarita,323,27-Dec-17,12/27/2017,2.03,25.64,67.66,0.45,2.1
La_Margarita,324,3-Jan-18,1/3/2018,14.73,25.76,72.5,0.54,3.66
La_Margarita,325,10-Jan-18,1/10/2018,12.4,25.94,78.07,0.33,2.63
La_Margarita,326,17-Jan-18,1/17/2018,0,25.83,75.52,0.16,1.98
La_Margarita,327,24-Jan-18,1/24/2018,2,25.77,72.88,0.28,1.58
La_Margarita,328,31-Jan-18,1/31/2018,0,25.61,67.07,0.63,2.75
La_Margarita,329,7-Feb-18,2/7/2018,2,25.87,68.2,0.33,1.61
La_Margarita,330,14-Feb-18,2/14/2018,0,25.4,68.27,0.31,2.22
La_Margarita,331,21-Feb-18,2/21/2018,43,25,70.13,0.49,4.84
La_Margarita,332,28-Feb-18,2/28/2018,17.2,24.44,74.75,0.58,7.21
La_Margarita,333,7-Mar-18,3/7/2018,0,26.11,74.13,0.6,4.49
La_Margarita,334,14-Mar-18,3/14/2018,2.4,25.78,75.74,0.37,1.53
La_Margarita,335,21-Mar-18,3/21/2018,27.2,25.81,76.64,0.68,2.13
La_Margarita,336,28-Mar-18,3/28/2018,0,25.42,69.12,0.5,4.48
La_Margarita,337,4-Apr-18,4/4/2018,0,26.5,74.33,0.25,2.6
La_Margarita,338,11-Apr-18,4/11/2018,12,26.51,72.79,0.39,3.25
La_Margarita,339,18-Apr-18,4/18/2018,11.8,26.74,74.67,0.48,2.66
La_Margarita,340,25-Apr-18,4/25/2018,1,26.71,74.1,0.29,3.28
La_Margarita,341,2-May-18,5/2/2018,57.2,26.58,77.35,0.44,4.43
La_Margarita,342,9-May-18,5/9/2018,18.2,26.65,75.44,0.56,3.41
La_Margarita,343,16-May-18,5/16/2018,4.6,26.82,73.11,0.43,2.01
La_Margarita,344,23-May-18,5/23/2018,5.4,27.43,75.84,0.2,2.35
La_Margarita,345,30-May-18,5/30/2018,11.6,27.66,75.13,0.29,2.96
La_Margarita,346,6-Jun-18,6/6/2018,9.2,28.05,74.56,0.36,3.05
La_Margarita,347,13-Jun-18,6/13/2018,4,28.36,74.05,0.37,2.77
La_Margarita,348,20-Jun-18,6/20/2018,64.6,27.44,77.9,1.26,6.32
La_Margarita,349,27-Jun-18,6/27/2018,0,28.37,72.94,0.23,1.63
La_Margarita,350,4-Jul-18,7/4/2018,41,28.45,73.05,1.07,6.81
La_Margarita,351,11-Jul-18,7/11/2018,0,28.53,74.19,0.36,1.73
La_Margarita,352,18-Jul-18,7/18/2018,4.8,28.61,73.74,0.75,2.71
La_Margarita,353,25-Jul-18,7/25/2018,0.2,28.63,72.82,0.59,3.33
La_Margarita,354,1-Aug-18,8/1/2018,0,28.85,71.8,0.26,2.27
La_Margarita,355,8-Aug-18,8/8/2018,10.4,28.83,72.31,0.33,1.17
La_Margarita,356,15-Aug-18,8/15/2018,8.6,28.51,75.05,0.46,3.63
La_Margarita,357,22-Aug-18,8/22/2018,0.6,28.55,72.57,0.38,1.1
La_Margarita,358,29-Aug-18,8/29/2018,55.2,28.29,75.77,0.77,3.67
La_Margarita,359,5-Sep-18,9/5/2018,1,28.25,76.26,0.23,1.39
La_Margarita,360,12-Sep-18,9/12/2018,45,28.38,78.02,1.2,7.16
La_Margarita,361,19-Sep-18,9/19/2018,1,28.66,74.89,0.32,1.83
La_Margarita,362,26-Sep-18,9/26/2018,16.6,27.96,77.32,0.74,3.42
La_Margarita,363,3-Oct-18,10/3/2018,15.6,27.44,80.86,0.48,2.04
La_Margarita,364,10-Oct-18,10/10/2018,103.2,26.84,82.13,1.27,6.19
La_Margarita,365,17-Oct-18,10/17/2018,18,28.01,74.61,0.32,3.24
La_Margarita,366,24-Oct-18,10/24/2018,3.2,27.36,76.74,0.47,1.44
La_Margarita,367,31-Oct-18,10/31/2018,9.4,27,76.66,1.08,4.54
La_Margarita,368,7-Nov-18,11/7/2018,8.4,27.6,77.67,0.29,1.77
La_Margarita,369,14-Nov-18,11/14/2018,17.6,26.57,79.74,0.43,5.72
La_Margarita,370,20-Nov-18,11/20/2018,0,26.7,76.13,0.53,2.18
La_Margarita,371,28-Nov-18,11/28/2018,0,26.29,74.12,0.29,2.01
La_Margarita,372,6-Dec-18,12/6/2018,0.8,26.48,73.27,0.35,2.15
La_Margarita,373,12-Dec-18,12/12/2018,4,26.11,74.62,0.56,1.47
La_Margarita,374,19-Dec-18,12/19/2018,0.2,25.53,75.03,0.49,3.15
La_Margarita,375,26-Dec-18,12/26/2018,1.8,25.92,70.44,0.4,5.34
La_Margarita,376,2-Jan-19,1/2/2019,8.6,25.49,73.33,0.56,4.19
La_Margarita,377,9-Jan-19,1/9/2019,18.2,24.81,76.78,0.62,4.02
La_Margarita,378,16-Jan-19,1/16/2019,7.6,24.57,76.51,0.57,2.75
La_Margarita,379,23-Jan-19,1/23/2019,3.6,25.01,74.79,0.54,3.13
La_Margarita,380,30-Jan-19,1/30/2019,0,25.06,72.69,0.36,2.48
La_Margarita,381,6-Feb-19,2/6/2019,3.4,25.6,72.74,0.47,1.97
La_Margarita,382,13-Feb-19,2/13/2019,9.4,25.77,76.15,0.3,4.94
La_Margarita,383,20-Feb-19,2/20/2019,0.6,25.96,68.57,0.26,2.45
La_Margarita,384,27-Feb-19,2/27/2019,4,25.83,73.02,0.2,2.98
La_Margarita,385,6-Mar-19,3/6/2019,6,25.57,71.05,0.23,4.11
La_Margarita,386,13-Mar-19,3/13/2019,2.4,25.59,70.29,0.23,1.74
La_Margarita,387,20-Mar-19,3/20/2019,6.2,25.96,74.99,0.34,1.68
La_Margarita,388,27-Mar-19,3/27/2019,1.4,26.25,75.74,0.32,1.43
La_Margarita,389,3-Apr-19,4/3/2019,1,26.64,68,0.3,1.56
La_Margarita,390,10-Apr-19,4/10/2019,37.6,25.97,76.87,0.57,4.93
La_Margarita,391,17-Apr-19,4/17/2019,2.2,26.4,70.91,0.63,2.65
La_Margarita,392,24-Apr-19,4/24/2019,29.6,26.46,75.65,0.7,3.45
La_Margarita,393,1-May-19,5/1/2019,6.2,26.81,74.49,0.35,3.31
La_Margarita,394,8-May-19,5/8/2019,0,27.41,75.49,0.64,1.6
La_Margarita,395,15-May-19,5/15/2019,2,27.75,76.09,0.13,1.76
La_Margarita,396,22-May-19,5/22/2019,46.6,27.23,78.67,0.74,4.75
La_Margarita,397,29-May-19,5/29/2019,4.4,27.14,78.46,0.88,3.95
La_Margarita,398,5-Jun-19,6/5/2019,0,28.39,76.71,0.22,1.68
Playa,72,6-Mar-13,3/6/2013,2.03,26.37,68.43,0.64,6.77
Playa,73,13-Mar-13,3/13/2013,0,26.81,69.93,0.74,3.59
Playa,74,20-Mar-13,3/20/2013,0,27.86,67.38,0.48,6.91
Playa,75,27-Mar-13,3/27/2013,0,27.65,68.96,0.44,5.24
Playa,76,3-Apr-13,4/3/2013,4.55,26.36,75.33,0.7,2.21
Playa,77,10-Apr-13,4/10/2013,0.76,27.05,71.48,1.09,3.8
Playa,78,17-Apr-13,4/17/2013,2.53,26.16,69.93,0.6,3.59
Playa,79,24-Apr-13,4/24/2013,43.42,25.8,77.15,0.85,3.28
Playa,80,1-May-13,5/1/2013,2.02,27.75,78.64,0.55,2.59
Playa,81,8-May-13,5/8/2013,6.6,27.63,76.03,0.38,4.99
Playa,82,15-May-13,5/15/2013,0.25,27.67,71.98,0.23,3.41
Playa,83,22-May-13,5/22/2013,20.31,27.58,74.97,0.64,3.59
Playa,84,29-May-13,5/29/2013,2.28,28.17,73.84,0.55,3.97
Playa,85,5-Jun-13,6/5/2013,0,28.38,71.89,0.65,1.82
Playa,86,12-Jun-13,6/12/2013,8.62,28.96,73.1,0.36,5.07
Playa,87,19-Jun-13,6/19/2013,22.35,27.85,73.12,0.7,3.2
Playa,88,26-Jun-13,6/26/2013,13.2,27.54,77.62,0.64,4.45
Playa,89,3-Jul-13,7/3/2013,9.14,28.87,70.62,0.31,3.24
Playa,90,9-Jul-13,7/9/2013,18.55,28.17,76.05,0.75,3.67
Playa,91,17-Jul-13,7/17/2013,30.47,28.81,72.74,1.23,6.54
Playa,92,24-Jul-13,7/24/2013,0,28.65,73.46,0.35,1.03
Playa,93,31-Jul-13,7/31/2013,6.86,28.65,73.47,1.02,4.24
Playa,94,7-Aug-13,8/7/2013,6.87,29.22,69.61,0.51,2.28
Playa,95,14-Aug-13,8/14/2013,7.86,28.98,72.13,1.15,6.16
Playa,96,21-Aug-13,8/21/2013,7.35,28.4,74.71,0.75,4.05
Playa,97,28-Aug-13,8/28/2013,0.25,29.12,71.86,0.55,3.68
Playa,98,4-Sep-13,9/4/2013,183.12,27.05,84.52,1.56,7.21
Playa,99,11-Sep-13,9/11/2013,5.85,28.24,78.18,0.85,1.99
Playa,100,18-Sep-13,9/18/2013,3.3,28.86,78.81,0.18,2.61
Playa,101,25-Sep-13,9/25/2013,7.11,28.74,77.22,0.22,1.48
Playa,102,2-Oct-13,10/2/2013,59.45,27.98,79.78,1.21,6.75
Playa,103,9-Oct-13,10/9/2013,13.7,27.96,78.6,0.58,3.77
Playa,104,17-Oct-13,10/17/2013,30.23,27.83,77.73,0.44,3.21
Playa,105,23-Oct-13,10/23/2013,56.6,27.69,79.62,0.36,3.41
Playa,106,30-Oct-13,10/30/2013,62.71,26.2,84.67,1.07,6.7
Playa,107,5-Nov-13,11/5/2013,2.03,27.28,79.29,0.75,3.65
Playa,108,12-Nov-13,11/12/2013,0.76,27.4,73.31,0.52,3.05
Playa,109,19-Nov-13,11/19/2013,0.25,27.08,72.96,0.41,2.48
Playa,110,26-Nov-13,11/26/2013,9.12,26.43,77.09,0.86,6.84
Playa,111,4-Dec-13,12/4/2013,20.83,25.66,78.02,0.97,6.67
Playa,112,10-Dec-13,12/10/2013,6.84,26.25,75.5,0.32,3.5
Playa,113,17-Dec-13,12/17/2013,13.97,25.93,72.9,0.98,4.9
Playa,114,24-Dec-13,12/24/2013,0.25,25.76,75.76,0.89,4.03
Playa,115,31-Dec-13,12/31/2013,3.55,26.45,72.67,0.11,2.14
Playa,116,7-Jan-14,1/7/2014,10.4,25.16,74.08,0.87,4.95
Playa,117,14-Jan-14,1/14/2014,1.01,25.05,74.98,0.39,4.25
Playa,118,21-Jan-14,1/21/2014,1.26,25.69,74.63,0.36,2.31
Playa,119,28-Jan-14,1/28/2014,4.82,25.8,71.61,0.27,3.09
Playa,120,4-Feb-14,2/4/2014,8.39,25.61,75.39,0.17,2.52
Playa,121,11-Feb-14,2/11/2014,4.31,25.57,74.32,0.32,4.35
Playa,122,18-Feb-14,2/18/2014,0,25.85,69.46,0.27,1.85
Playa,123,25-Feb-14,2/25/2014,10.16,25.26,74.15,0.38,2.6
Playa,124,4-Mar-14,3/4/2014,8.64,25.25,76.23,0.42,4.82
Playa,125,11-Mar-14,3/11/2014,5.59,25.45,76.04,0.56,3.11
Playa,126,18-Mar-14,3/18/2014,1.77,26.07,73.55,0.11,1.7
Playa,127,25-Mar-14,3/25/2014,0,26.47,69.43,0.32,1.94
Playa,128,1-Apr-14,4/1/2014,3.8,26.23,74.29,0.81,3.83
Playa,129,8-Apr-14,4/8/2014,18.03,26.02,74.43,0.42,6.99
Playa,130,15-Apr-14,4/15/2014,16.5,26.59,76.01,0.51,3.26
Playa,131,22-Apr-14,4/22/2014,2.28,27.16,75.31,0.19,2.18
Playa,132,29-Apr-14,4/29/2014,0,27.45,73.23,0.2,1.9
Playa,133,6-May-14,5/6/2014,26.87,25.67,78,1.28,4.79
Playa,134,13-May-14,5/13/2014,1.02,27.3,74.58,0.38,1.31
Playa,135,20-May-14,5/20/2014,0.25,27.63,71.58,0.27,1.38
Playa,136,27-May-14,5/27/2014,0,27.79,72.48,0.31,2.63
Playa,137,3-Jun-14,6/3/2014,2.27,28.01,73.8,0.37,1.93
Playa,138,11-Jun-14,6/11/2014,0.76,28.54,70.84,0.47,1.75
Playa,139,18-Jun-14,6/18/2014,3.3,28.48,74.95,0.34,3.99
Playa,140,25-Jun-14,6/25/2014,0.5,28.98,70.92,0.41,3.34
Playa,141,2-Jul-14,7/2/2014,9.9,28.76,71.05,0.4,3.77
Playa,142,9-Jul-14,7/9/2014,3.04,28.6,71.59,0.39,3.77
Playa,143,16-Jul-14,7/16/2014,6.59,28.66,73.78,0.44,2.94
Playa,144,23-Jul-14,7/23/2014,0,29.56,68.9,0.66,2.71
Playa,145,30-Jul-14,7/30/2014,36.82,28.81,73.45,1.02,5.41
Playa,146,6-Aug-14,8/6/2014,36.28,28.53,76.24,0.77,4.29
Playa,147,13-Aug-14,8/13/2014,2.29,29.45,71.16,0.3,3.54
Playa,148,20-Aug-14,8/20/2014,83.33,28.16,81.55,1.48,8.71
Playa,149,27-Aug-14,8/27/2014,22.61,28.53,76.24,0.7,2.77
Playa,150,3-Sep-14,9/3/2014,25.9,28.34,77.03,0.88,3.87
Playa,151,10-Sep-14,9/10/2014,0,28.47,75.09,0.46,1.42
Playa,152,17-Sep-14,9/17/2014,14.47,28.32,77.69,0.47,2.88
Playa,153,24-Sep-14,9/24/2014,5.57,27.91,79.76,0.87,2.69
Playa,154,1-Oct-14,10/1/2014,0.25,28.68,72.73,0.44,3.48
Playa,155,8-Oct-14,10/8/2014,21.59,27.87,78.66,0.76,4.48
Playa,156,15-Oct-14,10/15/2014,18.54,28.01,80.25,0.76,2.88
Playa,157,22-Oct-14,10/22/2014,4.3,28.32,77.94,0.25,2.64
Playa,158,29-Oct-14,10/29/2014,2.78,28.26,77.86,0.84,2.96
Playa,159,5-Nov-14,11/5/2014,94.47,26.2,84.27,1.93,5.19
Playa,160,12-Nov-14,11/12/2014,0,27.83,74.8,0.55,2.51
Playa,161,19-Nov-14,11/19/2014,7.84,27.29,75.88,0.76,4.48
Playa,162,26-Nov-14,11/26/2014,0.76,26.75,74.3,0.59,2.04
Playa,163,3-Dec-14,12/3/2014,47.25,25.5,77.09,0.51,5.89
Playa,164,10-Dec-14,12/10/2014,5.58,25.86,78.56,0.42,3.29
Playa,165,17-Dec-14,12/17/2014,0,25.82,73.12,0.4,2.42
Playa,166,24-Dec-14,12/24/2014,1.77,25.84,72.18,0.63,3.09
Playa,167,31-Dec-14,12/31/2014,0,26.45,70.71,0.45,4.11
Playa,168,7-Jan-15,1/7/2015,1.27,26.04,72.9,0.39,2.05
Playa,169,14-Jan-15,1/14/2015,4.3,25.58,79.36,0.59,2.67
Playa,170,21-Jan-15,1/21/2015,1.01,25.49,78.27,0.64,3.35
Playa,171,28-Jan-15,1/28/2015,0,25.33,75.39,0.74,4.19
Playa,172,4-Feb-15,2/4/2015,8.63,26.16,74.64,0.62,2.7
Playa,173,11-Feb-15,2/11/2015,19.55,26.07,79.35,0.89,4.48
Playa,174,18-Feb-15,2/18/2015,4.83,26.04,74.26,0.17,2.67
Playa,175,25-Feb-15,2/25/2015,1.25,26,70.03,0.57,3.6
Playa,176,4-Mar-15,3/4/2015,0.75,26.26,66.17,0.54,1.52
Playa,177,11-Mar-15,3/11/2015,2.02,25.58,70.6,0.66,3.85
Playa,178,18-Mar-15,3/18/2015,0.5,25.69,73.79,0.33,2.51
Playa,179,25-Mar-15,3/25/2015,2.79,26.2,71.21,0.49,1.63
Playa,180,1-Apr-15,4/1/2015,0.5,26.19,70.72,0.5,2.84
Playa,181,8-Apr-15,4/8/2015,0,26.83,69.68,0.19,1.06
Playa,182,15-Apr-15,4/15/2015,0,27.03,71.47,0.27,3.42
Playa,183,22-Apr-15,4/22/2015,0,27.57,74.54,0.58,2.8
Playa,184,29-Apr-15,4/29/2015,0,28.04,72.62,0.15,1.98
Playa,185,6-May-15,5/6/2015,1.52,27.95,69.75,0.4,2.47
Playa,186,13-May-15,5/13/2015,0,27.62,70.99,0.49,2.69
Playa,187,20-May-15,5/20/2015,0.25,28.17,71.31,0.32,3.02
Playa,188,27-May-15,5/27/2015,11.68,27.8,76.81,1.02,1.73
Playa,189,3-Jun-15,6/3/2015,2.28,28.46,75.51,0.4,2.12
Playa,190,10-Jun-15,6/10/2015,1.27,28.65,71.64,0.47,2.33
Playa,191,17-Jun-15,6/17/2015,0.75,28.8,72.85,0.41,1.16
Playa,192,24-Jun-15,6/24/2015,4.57,29.07,70.56,0.57,3.82
Playa,193,1-Jul-15,7/1/2015,11.43,29.22,68.51,0.82,5.48
Playa,194,8-Jul-15,7/8/2015,8.63,28.18,74.31,1.3,6.62
Playa,195,15-Jul-15,7/15/2015,0.76,28.61,71.63,0.45,2.1
Playa,196,22-Jul-15,7/22/2015,0.5,29.23,71.59,0.37,4.06
Playa,197,29-Jul-15,7/29/2015,3.3,29.41,70.07,0.3,1.81
Playa,198,5-Aug-15,8/5/2015,0.75,28.81,71.58,0.27,3.16
Playa,199,12-Aug-15,8/12/2015,23.62,28.49,74.45,0.95,7.09
Playa,200,19-Aug-15,8/19/2015,8.87,28.89,75.11,0.79,5.29
Playa,201,26-Aug-15,8/26/2015,14.47,29.37,75.16,0.91,4.35
Playa,202,2-Sep-15,9/2/2015,0.25,29.1,75.33,0.26,2.55
Playa,203,9-Sep-15,9/9/2015,35.05,29.15,73.58,1.32,6.94
Playa,204,16-Sep-15,9/16/2015,11.43,28.12,79.83,0.77,3.07
Playa,205,23-Sep-15,9/23/2015,0,28.76,77.72,0.36,1.08
Playa,206,30-Sep-15,9/30/2015,11.68,29.28,79.47,0.35,2.78
Playa,207,7-Oct-15,10/7/2015,10.65,29.21,76.16,0.42,2.2
Playa,208,14-Oct-15,10/14/2015,2.03,28.48,78.09,0.43,2.8
Playa,209,21-Oct-15,10/21/2015,99.05,27.24,80.07,1.93,6.43
Playa,210,28-Oct-15,10/28/2015,7.87,28.31,76.99,0.5,3
Playa,211,4-Nov-15,11/4/2015,37.33,27.36,80.54,1.11,6.76
Playa,212,11-Nov-15,11/11/2015,2.03,27.29,77.74,0.47,2.18
Playa,213,18-Nov-15,11/18/2015,8.63,26.61,77.01,0.68,4.49
Playa,214,25-Nov-15,11/25/2015,37.08,26.7,81.28,1.06,4.45
Playa,215,2-Dec-15,12/2/2015,4.05,27.04,79.32,0.6,3.26
Playa,216,9-Dec-15,12/9/2015,0,26.49,77.07,0.2,2.15
Playa,217,16-Dec-15,12/16/2015,12.19,26.39,76.66,0.61,3.62
Playa,218,23-Dec-15,12/23/2015,5.82,26.72,74.04,0.6,3.61
Playa,219,30-Dec-15,12/30/2015,1.77,25.94,75.72,0.64,2.85
Playa,220,6-Jan-16,1/6/2016,12.44,25.79,80.29,0.45,4.29
Playa,221,13-Jan-16,1/13/2016,0,25.26,75.81,0.22,3.14
Playa,222,20-Jan-16,1/20/2016,9.12,26.1,76.23,0.4,4.04
Playa,223,27-Jan-16,1/27/2016,5.59,25.87,74.18,0.41,2.79
Playa,224,3-Feb-16,2/3/2016,3.81,25.47,77.14,0.4,5.01
Playa,225,10-Feb-16,2/10/2016,4.31,25.8,75.1,0.28,3.25
Playa,226,17-Feb-16,2/17/2016,12.69,26.01,77.83,0.41,5.64
Playa,227,24-Feb-16,2/24/2016,1.26,25.95,75.37,0.43,1.75
Playa,228,2-Mar-16,3/2/2016,21.32,25.67,80,0.77,5.68
Playa,229,9-Mar-16,3/9/2016,3.8,25.71,70.81,0.35,8.58
Playa,230,16-Mar-16,3/16/2016,0.25,26.09,74.41,0.43,2.62
Playa,231,23-Mar-16,3/23/2016,5.83,26.64,71.54,0.63,2.67
Playa,232,30-Mar-16,3/30/2016,6.6,24.78,83.99,#NULL!,#NULL!
Playa,233,6-Apr-16,4/6/2016,5.57,26.75,75.68,0.59,3.63
Playa,234,13-Apr-16,4/13/2016,1.01,26.99,73.52,0.17,2.6
Playa,235,20-Apr-16,4/20/2016,0.08,27.73,75.36,0.57,8.1
Playa,236,27-Apr-16,4/27/2016,61.16,26.38,83.02,1.03,3.74
Playa,237,4-May-16,5/4/2016,33.75,27.33,82.37,0.9,3.34
Playa,238,11-May-16,5/11/2016,3.05,27.71,76.8,0.47,2.37
Playa,239,18-May-16,5/18/2016,0.75,28.43,75.91,0.3,1.64
Playa,240,25-May-16,5/25/2016,36.79,27.57,79.75,0.51,5.94
Playa,241,1-Jun-16,6/1/2016,13.45,28.06,81.34,0.39,2.95
Playa,242,8-Jun-16,6/8/2016,0.25,28.53,78.45,0.39,3.11
Playa,243,15-Jun-16,6/15/2016,7.34,28.27,76.74,0.79,5.92
Playa,244,22-Jun-16,6/22/2016,4.56,28.36,74.97,0.66,4.03
Playa,245,29-Jun-16,6/29/2016,13.45,28.54,75.39,1.01,5.79
Playa,246,6-Jul-16,7/6/2016,2.28,29.32,73.15,0.82,3.97
Playa,247,13-Jul-16,7/13/2016,11.93,28.64,74.47,0.78,3.37
Playa,248,20-Jul-16,7/20/2016,4.81,29.12,74.36,0.3,3.91
Playa,249,27-Jul-16,7/27/2016,39.6,29.02,75.01,0.98,5.66
Playa,250,3-Aug-16,8/3/2016,8.36,28.98,77.39,0.66,4.89
Playa,251,9-Aug-16,8/9/2016,13.17,28.82,74.58,0.56,4
Playa,252,16-Aug-16,8/16/2016,7.8,29.31,73.08,0.46,3.58
Playa,253,23-Aug-16,8/23/2016,26.6,28.49,79.82,0.81,4.18
Playa,254,30-Aug-16,8/30/2016,2.4,29.81,70,0.87,4.41
Playa,255,6-Sep-16,9/6/2016,48.9,28.67,76.93,0.61,4.77
Playa,256,13-Sep-16,9/13/2016,9.7,28.01,79.56,0.54,2.71
Playa,257,20-Sep-16,9/20/2016,20.6,28.89,78.35,0.55,2.36
Playa,258,27-Sep-16,9/27/2016,49.6,28.91,75.88,1.35,8.73
Playa,259,4-Oct-16,10/4/2016,49.3,28.47,82.17,0.64,2.67
Playa,260,11-Oct-16,10/11/2016,56.8,27.72,82.91,0.91,4.5
Playa,261,18-Oct-16,10/18/2016,37.7,27.48,84.03,1.34,5.83
Playa,262,25-Oct-16,10/25/2016,12,27.37,84.6,0.83,4.24
Playa,263,1-Nov-16,11/1/2016,42.7,26.82,83.73,0.75,4.54
Playa,264,8-Nov-16,11/8/2016,1.2,27.59,82.41,0.35,1.11
Playa,265,15-Nov-16,11/15/2016,26.1,26.35,86.73,0.94,4.51
Playa,266,22-Nov-16,11/22/2016,28.6,26.47,80.82,1.27,4.47
Playa,267,30-Nov-16,11/30/2016,18.6,26.52,83.45,0.4,1.49
Playa,268,7-Dec-16,12/7/2016,1.8,26.97,76.26,0.26,2.59
Playa,269,14-Dec-16,12/14/2016,2.8,26.72,74.94,0.61,3.12
Playa,270,21-Dec-16,12/21/2016,4.4,26.15,74.82,0.71,4.37
Playa,271,28-Dec-16,12/28/2016,0.8,25.91,74.83,0.5,2.74
Playa,272,4-Jan-17,1/4/2017,7.6,25.1,77.96,0.8,4.57
Playa,273,11-Jan-17,1/11/2017,1.7,24.96,71.21,0.45,4.15
Playa,274,18-Jan-17,1/18/2017,0,24.39,73.2,0.94,2.75
Playa,275,25-Jan-17,1/25/2017,4.5,25.53,74.95,0.53,3.42
Playa,276,1-Feb-17,2/1/2017,2.3,26.16,74.64,0.25,2.51
Playa,277,8-Feb-17,2/8/2017,0,25.58,72.58,0.66,3.43
Playa,278,15-Feb-17,2/15/2017,0,25.08,72.61,0.36,2.5
Playa,279,22-Feb-17,2/22/2017,0,25.84,72.99,0.74,3.8
Playa,280,1-Mar-17,3/1/2017,8.8,25.84,70.82,1.03,4.32
Playa,281,8-Mar-17,3/8/2017,0,25.83,71.07,0.54,3.23
Playa,282,15-Mar-17,3/15/2017,3.8,26.17,72.42,0.26,3.84
Playa,283,22-Mar-17,3/22/2017,80.6,25.46,86.77,1.13,4.64
Playa,284,29-Mar-17,3/29/2017,0.3,26.43,76.52,0.21,2.72
Playa,285,5-Apr-17,4/5/2017,7.9,26.12,75.46,0.36,3.52
Playa,286,12-Apr-17,4/12/2017,4.5,26.52,76.02,0.29,2.56
Playa,287,19-Apr-17,4/19/2017,0.3,26.31,75.1,0.96,5.72
Playa,288,26-Apr-17,4/26/2017,29,26.32,81.42,0.67,4.05
Playa,289,3-May-17,5/3/2017,11.5,26.95,77.41,0.26,2.68
Playa,290,10-May-17,5/10/2017,21.6,26.93,81.53,1.13,2.81
Playa,291,17-May-17,5/17/2017,0,28.32,73.87,0.28,1.62
Playa,292,24-May-17,5/24/2017,5.9,28.2,75.14,0.21,2.67
Playa,293,31-May-17,5/31/2017,0.8,28.19,75.61,0.69,2.62
Playa,294,7-Jun-17,6/7/2017,3.7,28.48,73.41,0.38,1.76
Playa,295,14-Jun-17,6/14/2017,1.5,28.84,73.6,0.31,1.87
Playa,296,21-Jun-17,6/21/2017,10.8,28.54,73.25,0.32,3.6
Playa,297,28-Jun-17,6/28/2017,1.9,29.09,72.4,0.31,2.38
Playa,298,5-Jul-17,7/5/2017,2.1,28.8,76.13,0.45,3.31
Playa,299,12-Jul-17,7/12/2017,10.7,28.94,75.44,0.66,3.02
Playa,300,19-Jul-17,7/19/2017,1.8,29.8,71.16,0.56,3.45
Playa,301,26-Jul-17,7/26/2017,10.3,29.17,76.09,0.62,3.68
Playa,302,2-Aug-17,8/2/2017,1.6,29.7,71.91,0.44,2.73
Playa,303,9-Aug-17,8/9/2017,0,30.03,71.42,0.5,2.78
Playa,304,16-Aug-17,8/16/2017,85.2,28.38,80.23,1.3,7.33
Playa,305,23-Aug-17,8/23/2017,16.5,28.51,80.14,0.82,3.25
Playa,306,30-Aug-17,8/30/2017,46.7,28.41,80,0.62,3.52
Playa,307,5-Sep-17,9/5/2017,79,28.21,84.29,0.63,3.18
Playa,308,13-Sep-17,9/13/2017,58.21,28.2,81.71,0.74,4.66
Playa,309,18-Sep-17,9/18/2017,252.71,27.35,84.42,0.75,6.32
Playa,312,11-Oct-17,10/11/2017,187.94,27.22,81.15,1.28,6.3
Playa,313,18-Oct-17,10/18/2017,52.07,26.99,72.04,0.8,7.01
Playa,314,25-Oct-17,10/25/2017,71.35,26.63,80.2,0.85,5.79
Playa,315,1-Nov-17,11/1/2017,15.23,26.71,72.72,0.43,6.77
Playa,316,8-Nov-17,11/8/2017,27.67,26.37,77.51,0.54,3.46
Playa,317,15-Nov-17,11/15/2017,50.02,26.35,84.28,0.82,6.03
Playa,318,22-Nov-17,11/22/2017,8.13,26.66,72.58,0.47,4.08
Playa,319,29-Nov-17,11/29/2017,0.25,26.65,72.27,0.37,1.8
Playa,320,6-Dec-17,12/6/2017,0,26.14,69.31,0.31,2.57
Playa,321,13-Dec-17,12/13/2017,1.02,26.25,70.23,0.41,4.25
Playa,322,20-Dec-17,12/20/2017,0.25,26.34,66.67,0.16,1.54
Playa,323,27-Dec-17,12/27/2017,2.03,25.64,67.66,0.45,2.1
Playa,324,3-Jan-18,1/3/2018,14.73,25.76,72.5,0.54,3.66
Playa,325,10-Jan-18,1/10/2018,12.4,25.94,78.07,0.33,2.63
Playa,326,17-Jan-18,1/17/2018,0,25.83,75.52,0.16,1.98
Playa,327,24-Jan-18,1/24/2018,2,25.77,72.88,0.28,1.58
Playa,328,31-Jan-18,1/31/2018,0,25.61,67.07,0.63,2.75
Playa,329,7-Feb-18,2/7/2018,2,25.87,68.2,0.33,1.61
Playa,330,14-Feb-18,2/14/2018,0,25.4,68.27,0.31,2.22
Playa,331,21-Feb-18,2/21/2018,43,25,70.13,0.49,4.84
Playa,332,28-Feb-18,2/28/2018,17.2,24.44,74.75,0.58,7.21
Playa,333,7-Mar-18,3/7/2018,0,26.11,74.13,0.6,4.49
Playa,334,14-Mar-18,3/14/2018,2.4,25.78,75.74,0.37,1.53
Playa,335,21-Mar-18,3/21/2018,27.2,25.81,76.64,0.68,2.13
Playa,336,28-Mar-18,3/28/2018,0,25.42,69.12,0.5,4.48
Playa,337,4-Apr-18,4/4/2018,0,26.5,74.33,0.25,2.6
Playa,338,11-Apr-18,4/11/2018,12,26.51,72.79,0.39,3.25
Playa,339,18-Apr-18,4/18/2018,11.8,26.74,74.67,0.48,2.66
Playa,340,25-Apr-18,4/25/2018,1,26.71,74.1,0.29,3.28
Playa,341,2-May-18,5/2/2018,57.2,26.58,77.35,0.44,4.43
Playa,342,9-May-18,5/9/2018,18.2,26.65,75.44,0.56,3.41
Playa,343,16-May-18,5/16/2018,4.6,26.82,73.11,0.43,2.01
Playa,344,23-May-18,5/23/2018,5.4,27.43,75.84,0.2,2.35
Playa,345,30-May-18,5/30/2018,11.6,27.66,75.13,0.29,2.96
Playa,346,6-Jun-18,6/6/2018,9.2,28.05,74.56,0.36,3.05
Playa,347,13-Jun-18,6/13/2018,4,28.36,74.05,0.37,2.77
Playa,348,20-Jun-18,6/20/2018,64.6,27.44,77.9,1.26,6.32
Playa,349,28-Jun-18,6/28/2018,0,28.37,72.94,0.23,1.63
Playa,350,5-Jul-18,7/5/2018,41,28.45,73.05,1.07,6.81
Playa,351,12-Jul-18,7/12/2018,0,28.53,74.19,0.36,1.73
Playa,352,19-Jul-18,7/19/2018,4.8,28.61,73.74,0.75,2.71
Playa,353,26-Jul-18,7/26/2018,0.2,28.63,72.82,0.59,3.33
Playa,354,2-Aug-18,8/2/2018,0,28.85,71.8,0.26,2.27
Playa,355,9-Aug-18,8/9/2018,10.4,28.83,72.31,0.33,1.17
Playa,356,16-Aug-18,8/16/2018,8.6,28.51,75.05,0.46,3.63
Playa,357,23-Aug-18,8/23/2018,0.6,28.55,72.57,0.38,1.1
Playa,358,30-Aug-18,8/30/2018,55.2,28.29,75.77,0.77,3.67
Playa,359,6-Sep-18,9/6/2018,1,28.25,76.26,0.23,1.39
Playa,360,13-Sep-18,9/13/2018,45,28.38,78.02,1.2,7.16
Playa,361,20-Sep-18,9/20/2018,1,28.66,74.89,0.32,1.83
Playa,362,27-Sep-18,9/27/2018,16.6,27.96,77.32,0.74,3.42
Playa,363,4-Oct-18,10/4/2018,15.6,27.44,80.86,0.48,2.04
Playa,364,11-Oct-18,10/11/2018,103.2,26.84,82.13,1.27,6.19
Playa,365,12-Oct-18,10/12/2018,18,28.01,74.61,0.32,3.24
Playa,366,25-Oct-18,10/25/2018,3.2,27.36,76.74,0.47,1.44
Playa,367,1-Nov-18,11/1/2018,9.4,27,76.66,1.08,4.54
Playa,368,8-Nov-18,11/8/2018,8.4,27.6,77.67,0.29,1.77
Playa,369,15-Nov-18,11/15/2018,17.6,26.57,79.74,0.43,5.72
Playa,370,21-Nov-18,11/21/2018,0,26.7,76.13,0.53,2.18
Playa,371,29-Nov-18,11/29/2018,0,26.29,74.12,0.29,2.01
Playa,372,7-Dec-18,12/7/2018,0.8,26.48,73.27,0.35,2.15
Playa,373,13-Dec-18,12/13/2018,4,26.11,74.62,0.56,1.47
Playa,374,20-Dec-18,12/20/2018,0.2,25.53,75.03,0.49,3.15
Playa,375,27-Dec-18,12/27/2018,1.8,25.92,70.44,0.4,5.34
Playa,376,3-Jan-19,1/3/2019,8.6,25.49,73.33,0.56,4.19
Playa,377,10-Jan-19,1/10/2019,18.2,24.81,76.78,0.62,4.02
Playa,378,17-Jan-19,1/17/2019,7.6,24.57,76.51,0.57,2.75
Playa,379,24-Jan-19,1/24/2019,3.6,25.01,74.79,0.54,3.13
Playa,380,31-Jan-19,1/31/2019,0,25.06,72.69,0.36,2.48
Playa,381,7-Feb-19,2/7/2019,3.4,25.6,72.74,0.47,1.97
Playa,382,14-Feb-19,2/14/2019,9.4,25.77,76.15,0.3,4.94
Playa,383,21-Feb-19,2/21/2019,0.6,25.96,68.57,0.26,2.45
Playa,384,28-Feb-19,2/28/2019,4,25.83,73.02,0.2,2.98
Playa,385,7-Mar-19,3/7/2019,6,25.57,71.05,0.23,4.11
Playa,386,14-Mar-19,3/14/2019,2.4,25.59,70.29,0.23,1.74
Playa,387,21-Mar-19,3/21/2019,6.2,25.96,74.99,0.34,1.68
Playa,388,28-Mar-19,3/28/2019,1.4,26.25,75.74,0.32,1.43
Playa,389,4-Apr-19,4/4/2019,1,26.64,68,0.3,1.56
Playa,390,11-Apr-19,4/11/2019,37.6,25.97,76.87,0.57,4.93
Playa,391,18-Apr-19,4/18/2019,2.2,26.4,70.91,0.63,2.65
Playa,392,25-Apr-19,4/25/2019,29.6,26.46,75.65,0.7,3.45
Playa,393,2-May-19,5/2/2019,6.2,26.81,74.49,0.35,3.31
Playa,394,9-May-19,5/9/2019,0,27.41,75.49,0.64,1.6
Playa,395,16-May-19,5/16/2019,2,27.75,76.09,0.13,1.76
Playa,396,23-May-19,5/23/2019,46.6,27.23,78.67,0.74,4.75
Playa,397,30-May-19,5/30/2019,4.4,27.14,78.46,0.88,3.95
Playa,398,6-Jun-19,6/6/2019,0,28.39,76.71,0.22,1.68
Villodas,72,6-Mar-13,3/6/2013,7.59,25.15,67.89,0.4,8.64
Villodas,73,13-Mar-13,3/13/2013,2.27,25.06,65.56,0.71,8.24
Villodas,74,20-Mar-13,3/20/2013,7.6,26.37,77.56,0.31,2.2
Villodas,75,27-Mar-13,3/27/2013,16.22,26.13,74.75,0.75,3.73
Villodas,76,3-Apr-13,4/3/2013,12.94,26.62,76.36,0.48,3
Villodas,77,10-Apr-13,4/10/2013,0.5,26.67,72.2,0.4,3.08
Villodas,78,17-Apr-13,4/17/2013,7.86,26.28,71.18,0.99,5.59
Villodas,79,24-Apr-13,4/24/2013,15.48,25.57,76.84,0.89,4.2
Villodas,80,1-May-13,5/1/2013,66.31,27.63,78.5,0.66,4.32
Villodas,81,8-May-13,5/8/2013,17.52,27.35,77.17,0.42,5.09
Villodas,82,15-May-13,5/15/2013,1.27,27.31,74.43,0.29,3.31
Villodas,83,22-May-13,5/22/2013,34.53,27.13,78.03,0.71,3.3
Villodas,84,29-May-13,5/29/2013,8.64,27.88,75.74,0.64,4.24
Villodas,85,5-Jun-13,6/5/2013,0.76,28.04,74.19,0.45,1.58
Villodas,86,12-Jun-13,6/12/2013,6.07,28.65,74.76,0.39,4.68
Villodas,87,19-Jun-13,6/19/2013,24.88,27.42,75.53,0.76,4.48
Villodas,88,26-Jun-13,6/26/2013,29.95,27.08,80.49,0.73,3.19
Villodas,89,3-Jul-13,7/3/2013,22.6,28.23,74.27,0.49,3.74
Villodas,90,9-Jul-13,7/9/2013,1.26,27.95,76.23,0.7,3.15
Villodas,91,17-Jul-13,7/17/2013,34.27,28.55,74.28,1.17,6.61
Villodas,92,24-Jul-13,7/24/2013,0.25,28.36,75.19,0.46,1.85
Villodas,93,31-Jul-13,7/31/2013,9.89,28.68,73.82,1.03,5.32
Villodas,94,7-Aug-13,8/7/2013,4.82,28.82,72.28,0.54,2.36
Villodas,95,14-Aug-13,8/14/2013,16.76,28.81,73.11,1.34,6.96
Villodas,96,21-Aug-13,8/21/2013,22.85,28.33,75.51,0.86,4.46
Villodas,97,28-Aug-13,8/28/2013,8.37,28.73,74.69,0.51,4.82
Villodas,98,4-Sep-13,9/4/2013,176.75,26.74,85.51,1.46,6.11
Villodas,99,11-Sep-13,9/11/2013,29.46,27.58,82.03,1.07,3.76
Villodas,100,18-Sep-13,9/18/2013,30.22,28.47,81.88,0.28,1.6
Villodas,101,25-Sep-13,9/25/2013,8.36,28.39,80.06,0.25,1.09
Villodas,102,2-Oct-13,10/2/2013,57.62,27.68,81.54,0.98,5.56
Villodas,103,9-Oct-13,10/9/2013,29.95,27.52,81.85,0.68,3.52
Villodas,104,17-Oct-13,10/17/2013,53.32,27.31,80.62,0.4,3.53
Villodas,105,23-Oct-13,10/23/2013,86.08,27.3,81.93,0.42,2.9
Villodas,106,30-Oct-13,10/30/2013,124.45,25.97,86.19,1.08,6.92
Villodas,107,5-Nov-13,11/5/2013,2.79,27.04,81.4,0.74,2.86
Villodas,108,12-Nov-13,11/12/2013,0,26.95,75.46,0.65,2.48
Villodas,109,19-Nov-13,11/19/2013,2.03,26.57,75.69,0.53,2.6
Villodas,110,26-Nov-13,11/26/2013,24.61,26.16,78.63,0.87,7.76
Villodas,111,3-Dec-13,12/3/2013,14.98,25.46,78.82,0.86,6.2
Villodas,112,10-Dec-13,12/10/2013,12.94,26.04,77.91,0.4,3.76
Villodas,113,17-Dec-13,12/17/2013,17.25,25.65,75.08,0.77,3.71
Villodas,114,24-Dec-13,12/24/2013,1,25.39,78.33,1.1,3.87
Villodas,115,31-Dec-13,12/31/2013,6.84,26.18,75.14,0.08,2.04
Villodas,116,7-Jan-14,1/7/2014,20.3,24.91,76.62,0.9,4.9
Villodas,117,14-Jan-14,1/14/2014,0.75,24.77,78.24,0.48,4.62
Villodas,118,21-Jan-14,1/21/2014,3.54,25.4,77.69,0.49,2.13
Villodas,119,28-Jan-14,1/28/2014,13.43,25.51,73.92,0.3,3.54
Villodas,120,4-Feb-14,2/4/2014,31.24,25.32,77.82,0.21,2.52
Villodas,121,11-Feb-14,2/11/2014,0.51,25.42,76.62,0.29,3.99
Villodas,122,18-Feb-14,2/18/2014,1.26,25.59,72.09,0.26,2.07
Villodas,123,25-Feb-14,2/25/2014,18.02,25.02,75.72,0.43,2.89
Villodas,124,4-Mar-14,3/4/2014,1.51,25.09,76.41,0.4,2.95
Villodas,125,11-Mar-14,3/11/2014,1.02,25.62,75.04,0.54,1.11
Villodas,126,18-Mar-14,3/18/2014,0.51,25.92,74.99,0.16,2.13
Villodas,127,25-Mar-14,3/25/2014,0,26.29,70.89,0.33,1.99
Villodas,128,1-Apr-14,4/1/2014,18.27,25.83,76.85,1.01,4.4
Villodas,129,8-Apr-14,4/8/2014,19.8,25.94,75.19,0.48,6.88
Villodas,130,15-Apr-14,4/15/2014,19.28,26.41,76.66,0.37,3.33
Villodas,131,22-Apr-14,4/22/2014,1.01,27,76.7,0.23,2.4
Villodas,132,29-Apr-14,4/29/2014,1.52,27.41,73.64,0.17,2.5
Villodas,133,6-May-14,5/6/2014,44.9,25.27,79.82,1.27,3.84
Villodas,134,13-May-14,5/13/2014,3.8,26.93,76.33,0.39,1.84
Villodas,135,20-May-14,5/20/2014,4.83,27.39,74.14,0.16,2.04
Villodas,136,27-May-14,5/27/2014,0,27.6,74.19,0.27,2.09
Villodas,137,3-Jun-14,6/3/2014,6.35,27.84,75.34,0.43,1.89
Villodas,138,11-Jun-14,6/11/2014,0,28.55,71.32,0.35,1.45
Villodas,139,18-Jun-14,6/18/2014,1.01,28.44,75.27,0.32,3.69
Villodas,140,25-Jun-14,6/25/2014,1.52,28.96,71.34,0.49,3.67
Villodas,141,2-Jul-14,7/2/2014,17.26,28.63,72.02,0.49,4.27
Villodas,142,9-Jul-14,7/9/2014,8.11,28.22,73.89,0.4,3.91
Villodas,143,16-Jul-14,7/16/2014,15.74,28.42,75.29,0.54,3.13
Villodas,144,23-Jul-14,7/23/2014,0,29.32,70.25,0.57,2.31
Villodas,145,30-Jul-14,7/30/2014,43.69,28.5,74.86,1.07,5.51
Villodas,146,6-Aug-14,8/6/2014,55.61,28.23,77.95,0.73,4.25
Villodas,147,13-Aug-14,8/13/2014,3.3,28.97,73.8,0.37,4.25
Villodas,148,20-Aug-14,8/20/2014,125.74,27.96,81.91,1.58,9.32
Villodas,149,27-Aug-14,8/27/2014,33.53,27.99,79.52,0.77,2.9
Villodas,150,3-Sep-14,9/3/2014,45.72,27.87,80.33,0.92,3.57
Villodas,151,10-Sep-14,9/10/2014,0,28.09,78.05,0.52,2.07
Villodas,152,17-Sep-14,9/17/2014,55.38,27.7,81.17,0.66,3.6
Villodas,153,24-Sep-14,9/24/2014,24.38,27.16,84.2,0.78,2.32
Villodas,154,1-Oct-14,10/1/2014,0,28.1,77.26,0.46,4.51
Villodas,155,8-Oct-14,10/8/2014,0,27.87,76.54,0.7,4.24
Villodas,156,15-Oct-14,10/15/2014,5.84,27.87,78.72,0.64,1.63
Villodas,157,22-Oct-14,10/22/2014,6.84,28.11,79.67,0.3,3.23
Villodas,158,29-Oct-14,10/29/2014,25.67,27.76,79.49,0.75,5.3
Villodas,159,5-Nov-14,11/5/2014,116.31,25.95,86.17,1.86,3.85
Villodas,160,12-Nov-14,11/12/2014,0.5,27.34,78.03,0.62,2.67
Villodas,161,19-Nov-14,11/19/2014,14.18,26.94,78.64,0.7,3.99
Villodas,162,26-Nov-14,11/26/2014,0.5,26.3,76.65,0.61,2.52
Villodas,163,3-Dec-14,12/3/2014,12.42,25.38,76.73,0.7,4.43
Villodas,164,10-Dec-14,12/10/2014,12.43,25.56,80.33,0.52,2.94
Villodas,165,17-Dec-14,12/17/2014,0,25.75,74.56,0.53,2.58
Villodas,166,24-Dec-14,12/24/2014,3.04,25.74,72.92,0.65,3.01
Villodas,167,31-Dec-14,12/31/2014,2.27,26.3,72.98,0.5,3.8
Villodas,168,7-Jan-15,1/7/2015,6.59,26.06,74.05,0.36,2.35
Villodas,169,14-Jan-15,1/14/2015,17.01,25.19,81.63,0.71,3.1
Villodas,170,21-Jan-15,1/21/2015,6.6,25.08,80.99,0.89,3.12
Villodas,171,28-Jan-15,1/28/2015,0.51,25.31,76.03,0.98,5.8
Villodas,172,4-Feb-15,2/4/2015,5.58,26.11,75.4,0.41,2.71
Villodas,173,11-Feb-15,2/11/2015,28.17,25.78,80.56,0.95,5.12
Villodas,174,18-Feb-15,2/18/2015,8.11,25.76,76.7,0.38,2.08
Villodas,175,25-Feb-15,2/25/2015,3.78,25.78,72.22,0.49,4.65
Villodas,176,4-Mar-15,3/4/2015,1.51,26.07,67.39,0.22,1.99
Villodas,177,11-Mar-15,3/11/2015,1.8,24.69,71.03,0.75,3.08
Villodas,178,18-Mar-15,3/18/2015,0.76,25.5,74.39,0.41,2.81
Villodas,179,25-Mar-15,3/25/2015,0.25,26.19,71.62,0.57,1.26
Villodas,180,1-Apr-15,4/1/2015,0,26.32,70.24,0.37,2.41
Villodas,181,8-Apr-15,4/8/2015,4.56,26.71,71.56,0.3,2
Villodas,182,15-Apr-15,4/15/2015,0,27.03,72.31,0.21,4.12
Villodas,183,22-Apr-15,4/22/2015,0.25,27.37,75.2,0.5,2.41
Villodas,184,29-Apr-15,4/29/2015,0,27.97,73.17,0.27,2.16
Villodas,185,6-May-15,5/6/2015,3.81,27.81,71.15,0.33,2.2
Villodas,186,13-May-15,5/13/2015,1.02,27.48,71.21,0.44,2.35
Villodas,187,20-May-15,5/20/2015,1.78,28.21,71.32,0.29,3.34
Villodas,188,27-May-15,5/27/2015,14.47,27.72,76.11,0.96,1.89
Villodas,189,3-Jun-15,6/3/2015,2.28,28.36,75.93,0.48,2.45
Villodas,190,10-Jun-15,6/10/2015,2.53,28.67,72.3,0.46,2.74
Villodas,191,17-Jun-15,6/17/2015,7.35,28.63,74.07,0.44,1.7
Villodas,192,24-Jun-15,6/24/2015,8.87,28.85,71.69,0.57,3.79
Villodas,193,1-Jul-15,7/1/2015,12.95,28.91,70.11,0.75,4.57
Villodas,194,8-Jul-15,7/8/2015,26.38,28.16,74.54,1.28,6.34
Villodas,195,15-Jul-15,7/15/2015,8.63,28.32,73.53,0.37,3.23
Villodas,196,22-Jul-15,7/22/2015,5.59,28.92,73.97,0.35,4.28
Villodas,197,29-Jul-15,7/29/2015,0.75,29.34,70.48,0.2,1.49
Villodas,198,5-Aug-15,8/5/2015,3.04,28.81,72.68,0.23,3.46
Villodas,199,12-Aug-15,8/12/2015,27.93,28.35,75.54,1.09,6.7
Villodas,200,19-Aug-15,8/19/2015,32,28.94,75.51,0.81,5.44
Villodas,201,26-Aug-15,8/26/2015,13.96,29.03,76.85,0.77,3.91
Villodas,202,2-Sep-15,9/2/2015,4.31,28.73,77.82,0.23,1.95
Villodas,203,9-Sep-15,9/9/2015,25.64,28.93,75.27,1.24,6.18
Villodas,204,16-Sep-15,9/16/2015,2.78,28.04,79.64,0.4,1.73
Villodas,205,23-Sep-15,9/23/2015,8.63,28.66,78.69,0.38,1.57
Villodas,206,30-Sep-15,9/30/2015,19.31,29.05,80.58,0.27,2.76
Villodas,207,7-Oct-15,10/7/2015,7.33,29.17,77.35,0.26,1.38
Villodas,208,14-Oct-15,10/14/2015,8.12,28.39,79.63,0.43,1.88
Villodas,209,21-Oct-15,10/21/2015,113.8,27.22,80.06,1.74,6.48
Villodas,210,28-Oct-15,10/28/2015,11.95,28.06,78.82,0.6,3.59
Villodas,211,4-Nov-15,11/4/2015,83.04,27.19,82.23,0.98,5.39
Villodas,212,11-Nov-15,11/11/2015,3.55,26.98,80.57,0.31,1.54
Villodas,213,18-Nov-15,11/18/2015,22.61,26.36,78.7,0.58,5.34
Villodas,214,25-Nov-15,11/25/2015,48.75,26.49,83.89,1.13,3.25
Villodas,215,2-Dec-15,12/2/2015,13.46,26.83,81.65,0.56,2.95
Villodas,216,9-Dec-15,12/9/2015,0.51,26.41,79.88,0.23,1.96
Villodas,217,16-Dec-15,12/16/2015,22.84,26.25,79.25,0.54,3.3
Villodas,218,23-Dec-15,12/23/2015,6.33,26.32,77.26,0.59,3.01
Villodas,219,30-Dec-15,12/30/2015,6.08,25.58,79.02,0.62,2.96
Villodas,220,6-Jan-16,1/6/2016,17.52,25.32,82.16,0.25,4.5
Villodas,221,13-Jan-16,1/13/2016,1.02,24.89,78.55,0.2,3.27
Villodas,222,20-Jan-16,1/20/2016,3.81,25.85,77.69,0.5,3.18
Villodas,223,27-Jan-16,1/27/2016,7.37,25.71,75.83,0.39,2.48
Villodas,224,3-Feb-16,2/3/2016,6.6,25.3,77.99,0.47,6.96
Villodas,225,10-Feb-16,2/10/2016,10.15,25.67,76.97,0.38,3.47
Villodas,226,17-Feb-16,2/17/2016,50.55,25.77,79.47,0.6,5.88
Villodas,227,24-Feb-16,2/24/2016,6.6,25.73,78.13,0.51,2.39
Villodas,228,2-Mar-16,3/2/2016,25.13,25.35,81.53,0.69,6.02
Villodas,229,9-Mar-16,3/9/2016,5.07,25.51,71.71,0.44,8.96
Villodas,230,16-Mar-16,3/16/2016,0.76,25.9,76.43,0.61,2.36
Villodas,231,23-Mar-16,3/23/2016,8.62,26.5,73.64,0.55,2.48
Villodas,232,30-Mar-16,3/30/2016,5.33,23.34,90.18,#NULL!,#NULL!
Villodas,233,6-Apr-16,4/6/2016,7.1,26.56,76.99,0.6,3.88
Villodas,234,13-Apr-16,4/13/2016,3.55,26.69,73.62,0.35,3.07
Villodas,235,20-Apr-16,4/20/2016,14.22,27.29,77.48,0.6,8.28
Villodas,236,27-Apr-16,4/27/2016,77.99,25.98,85.53,0.92,2.98
Villodas,237,4-May-16,5/4/2016,25.63,27.04,83.81,0.94,3.49
Villodas,238,11-May-16,5/11/2016,8.37,27.38,79.45,0.52,2.33
Villodas,239,18-May-16,5/18/2016,0.76,28.23,78.24,0.31,1.25
Villodas,240,25-May-16,5/25/2016,71.62,27.23,82.07,0.45,5.58
Villodas,241,1-Jun-16,6/1/2016,19.52,27.94,82.99,0.46,2.61
Villodas,242,8-Jun-16,6/8/2016,39.12,28.17,81.75,0.57,2.84
Villodas,243,15-Jun-16,6/15/2016,35.05,27.82,80.43,0.81,5.1
Villodas,244,22-Jun-16,6/22/2016,18.03,27.86,78.76,0.64,3.33
Villodas,245,29-Jun-16,6/29/2016,10.14,28.17,78.49,0.86,4.98
Villodas,246,6-Jul-16,7/6/2016,5.83,28.85,75.95,0.91,4.8
Villodas,247,13-Jul-16,7/13/2016,6.09,28.51,76.36,0.61,2.21
Villodas,248,20-Jul-16,7/20/2016,11.92,28.64,77.25,0.32,4.87
Villodas,249,27-Jul-16,7/27/2016,47.23,28.97,75.76,0.98,5.23
Villodas,250,3-Aug-16,8/3/2016,17.01,28.64,79.82,0.5,4.04
Villodas,251,9-Aug-16,8/9/2016,18.39,28.36,77.89,0.76,4.37
Villodas,252,16-Aug-16,8/16/2016,2.4,28.78,76.01,0.51,3.79
Villodas,253,23-Aug-16,8/23/2016,22.2,28.21,81.72,0.63,3.14
Villodas,254,30-Aug-16,8/30/2016,6,29.4,72.74,0.88,4.96
Villodas,255,6-Sep-16,9/6/2016,4.5,28.66,76.59,0.15,2.95
Villodas,256,13-Sep-16,9/13/2016,0,28.37,75.88,0.48,1.48
Villodas,257,20-Sep-16,9/20/2016,11.3,28.65,78.15,0.57,2.81
Villodas,258,27-Sep-16,9/27/2016,106.7,28.67,77.7,1.37,8.22
Villodas,259,4-Oct-16,10/4/2016,41.9,28.18,83.63,0.63,2.27
Villodas,260,11-Oct-16,10/11/2016,68,27.56,83.94,1.07,4.91
Villodas,261,18-Oct-16,10/18/2016,44.9,27.15,85.96,1.17,4.54
Villodas,262,25-Oct-16,10/25/2016,8.1,27.26,84.93,0.66,3.99
Villodas,263,2-Nov-16,11/2/2016,81.4,26.42,85.69,0.85,5.43
Villodas,264,8-Nov-16,11/8/2016,0.8,27.48,83.54,0.28,1.21
Villodas,265,15-Nov-16,11/15/2016,51.1,26,88.82,0.94,3.81
Villodas,266,22-Nov-16,11/22/2016,33.6,26.24,81.82,1.36,4.22
Villodas,267,30-Nov-16,11/30/2016,26.6,26.22,85.21,0.33,2.81
Villodas,268,7-Dec-16,12/7/2016,3.9,26.86,77.38,0.37,2.46
Villodas,269,14-Dec-16,12/14/2016,3.9,26.49,77.08,0.43,2.91
Villodas,270,21-Dec-16,12/21/2016,13.4,26.29,74.89,0.69,4.81
Villodas,271,28-Dec-16,12/28/2016,2.2,25.97,75.96,0.38,2.31
Villodas,272,4-Jan-17,1/4/2017,2.1,25.27,77.88,0.84,2.15
Villodas,273,11-Jan-17,1/11/2017,0.9,25.21,68.69,0.58,4.5
Villodas,274,18-Jan-17,1/18/2017,0,24.22,72.69,0.97,3.16
Villodas,275,25-Jan-17,1/25/2017,4.9,25.62,74.15,0.61,4.48
Villodas,276,1-Feb-17,2/1/2017,5.5,26.22,75.55,0.28,2.32
Villodas,277,8-Feb-17,2/8/2017,0.8,25.5,72.65,0.84,4.47
Villodas,278,15-Feb-17,2/15/2017,0,24.83,72.2,0.49,3.25
Villodas,279,22-Feb-17,2/22/2017,1.8,25.64,73.38,0.71,3.2
Villodas,280,1-Mar-17,3/1/2017,6.8,25.7,71.83,0.87,3.19
Villodas,281,8-Mar-17,3/8/2017,1.1,25.88,71.61,0.53,3.96
Villodas,282,15-Mar-17,3/15/2017,2.3,26.22,72.79,0.21,3.24
Villodas,283,22-Mar-17,3/22/2017,62,25.25,87.36,0.94,3.68
Villodas,284,29-Mar-17,3/29/2017,0,26.29,76.68,0.42,2.93
Villodas,285,5-Apr-17,4/5/2017,25.6,26.11,75.75,0.68,4.73
Villodas,286,12-Apr-17,4/12/2017,2.8,26.33,75.89,0.45,3.2
Villodas,287,19-Apr-17,4/19/2017,5,26.35,74.93,0.77,6.76
Villodas,288,26-Apr-17,4/26/2017,75.9,26.1,82.64,0.76,3.79
Villodas,289,3-May-17,5/3/2017,4.8,26.88,79.6,0.37,2.64
Villodas,290,10-May-17,5/10/2017,22.6,26.63,83.25,1.28,2.04
Villodas,291,17-May-17,5/17/2017,0,28.08,75.63,0.25,2.14
Villodas,292,24-May-17,5/24/2017,13.3,28.14,76.21,0.21,2.89
Villodas,293,31-May-17,5/31/2017,15.6,27.92,77.93,0.63,3.64
Villodas,294,7-Jun-17,6/7/2017,6.1,28.14,75.99,0.47,2.38
Villodas,295,14-Jun-17,6/14/2017,8.8,28.65,75.78,0.55,2.77
Villodas,296,21-Jun-17,6/21/2017,20.3,28.36,74.55,0.42,3.88
Villodas,297,28-Jun-17,6/28/2017,1.9,28.91,73.79,0.3,2.23
Villodas,298,5-Jul-17,7/5/2017,34,28.35,77.86,0.53,3.45
Villodas,299,12-Jul-17,7/12/2017,6.9,28.49,78.85,0.7,3.15
Villodas,300,19-Jul-17,7/19/2017,5.5,29.43,73.36,0.72,4.17
Villodas,301,26-Jul-17,7/26/2017,27.9,28.77,78.69,0.49,2.91
Villodas,302,2-Aug-17,8/2/2017,14,29.18,74.69,0.43,2.93
Villodas,303,9-Aug-17,8/9/2017,4.6,29.45,74.49,0.54,3.26
Villodas,304,16-Aug-17,8/16/2017,120.8,28.1,81.24,1.33,7.5
Villodas,305,23-Aug-17,8/23/2017,46.8,28.03,81.96,1.02,4.69
Villodas,306,30-Aug-17,8/30/2017,6.8,28.31,80.77,0.55,2.11
Villodas,307,5-Sep-17,9/5/2017,62.9,28.03,85.26,0.47,2.81
Villodas,308,13-Sep-17,9/13/2017,29.2,28.03,83.7,0.86,2.98
Villodas,309,18-Sep-17,9/18/2017,163.3,27.69,84.12,0.75,3.04
Villodas,312,11-Oct-17,10/11/2017,208.9,26.84,84.67,1.06,4.36
Villodas,313,18-Oct-17,10/18/2017,65.6,27,76.25,0.87,6.2
Villodas,314,25-Oct-17,10/25/2017,28.9,26.43,82.77,0.8,4.82
Villodas,315,1-Nov-17,11/1/2017,41.8,26.17,77.69,0.46,6.85
Villodas,316,8-Nov-17,11/8/2017,43,26.06,82.82,0.67,3.51
Villodas,317,15-Nov-17,11/15/2017,65.7,26.32,85.47,1,5.06
Villodas,318,22-Nov-17,11/22/2017,4.5,26.4,77.07,0.51,3.35
Villodas,319,29-Nov-17,11/29/2017,0,26.26,76.61,0.48,1.74
Villodas,320,6-Dec-17,12/6/2017,0.5,25.95,73.65,0.5,2.52
Villodas,321,13-Dec-17,12/13/2017,3.6,26.07,73.96,0.59,4.15
Villodas,322,20-Dec-17,12/20/2017,0.3,26.04,71.14,0.24,2.16
Villodas,323,27-Dec-17,12/27/2017,2.6,25.24,73.89,0.54,2.83
Villodas,324,3-Jan-18,1/3/2018,31.3,25.41,79.37,0.37,2.32
Villodas,325,10-Jan-18,1/10/2018,20.9,25.79,77.29,0.38,2.96
Villodas,326,17-Jan-18,1/17/2018,0.6,25.61,74.31,0.27,3
Villodas,327,24-Jan-18,1/24/2018,1.5,25.38,71.87,0.34,2.23
Villodas,328,31-Jan-18,1/31/2018,2.8,25.29,64.87,0.53,4.03
Villodas,329,7-Feb-18,2/7/2018,5.4,25.56,67.36,0.4,2.9
Villodas,330,14-Feb-18,2/14/2018,1.9,25.58,64.71,0.23,1.58
Villodas,331,21-Feb-18,2/21/2018,1.4,25.19,65.79,0.3,4.05
Villodas,332,28-Feb-18,2/28/2018,34.1,24.25,71.18,0.65,8.23
Villodas,333,7-Mar-18,3/7/2018,0,26.15,71.66,0.7,5.41
Villodas,334,14-Mar-18,3/14/2018,2.8,25.83,74.28,0.22,2.36
Villodas,335,21-Mar-18,3/21/2018,30,25.64,75.59,0.94,3.35
Villodas,336,28-Mar-18,3/28/2018,0,25.3,65.15,0.39,5.57
Villodas,337,4-Apr-18,4/4/2018,4.2,26.41,72.7,0.33,3.01
Villodas,338,11-Apr-18,4/11/2018,7,26.4,71.56,0.47,4.42
Villodas,339,18-Apr-18,4/18/2018,8.4,26.7,72.77,0.36,2.36
Villodas,340,25-Apr-18,4/25/2018,9,26.54,74.38,0.44,5.15
Villodas,341,2-May-18,5/2/2018,20.4,26.23,77.33,0.38,3.39
Villodas,342,9-May-18,5/9/2018,33.4,26.31,75.92,0.73,3.76
Villodas,343,16-May-18,5/16/2018,8.6,26.48,74,0.49,1.95
Villodas,344,23-May-18,5/23/2018,9,27.04,77.46,0.31,2.66
Villodas,345,30-May-18,5/30/2018,11.6,27.34,76.66,0.36,2.99
Villodas,346,6-Jun-18,6/6/2018,6.6,27.79,75.05,0.39,2.66
Villodas,347,13-Jun-18,6/13/2018,17,28.04,74.36,0.46,3.73
Villodas,348,20-Jun-18,6/20/2018,76.6,26.96,79.31,1.24,6.67
Villodas,349,28-Jun-18,6/28/2018,0,28.13,72.59,0.26,2.11
Villodas,350,5-Jul-18,7/5/2018,50.8,28.17,72.94,1.06,6.65
Villodas,351,12-Jul-18,7/12/2018,1.4,28.12,75.18,0.29,1.83
Villodas,352,19-Jul-18,7/19/2018,9.8,28.16,74.91,0.78,3.16
Villodas,353,26-Jul-18,7/26/2018,0.2,28.29,73.6,0.62,3.95
Villodas,354,2-Aug-18,8/2/2018,2.2,28.45,72.79,0.24,2.93
Villodas,355,9-Aug-18,8/9/2018,13,28.41,72.93,0.46,1.93
Villodas,356,16-Aug-18,8/16/2018,23,27.95,77.24,0.64,4.19
Villodas,357,23-Aug-18,8/23/2018,6,28.05,75.19,0.55,1.89
Villodas,358,30-Aug-18,8/30/2018,55.6,28,75.93,0.79,3.94
Villodas,359,6-Sep-18,9/6/2018,2.8,27.73,77.61,0.46,1.72
Villodas,360,13-Sep-18,9/13/2018,28.8,28.04,78.47,1.16,7.44
Villodas,361,20-Sep-18,9/20/2018,8,28.33,76.06,0.3,2.26
Villodas,362,27-Sep-18,9/27/2018,20.4,27.53,78.21,0.78,4.03
Villodas,363,4-Oct-18,10/4/2018,28,27.23,81.18,0.5,2.63
Villodas,364,11-Oct-18,10/11/2018,62.6,26.58,82.39,1.14,5.95
Villodas,365,12-Oct-18,10/12/2018,2.4,27.71,73.81,0.42,4.17
Villodas,366,25-Oct-18,10/25/2018,2,26.86,76.78,0.82,2.36
Villodas,367,1-Nov-18,11/1/2018,19,26.42,77.91,1.09,4.86
Villodas,368,8-Nov-18,11/8/2018,14.4,27.22,78.26,0.42,1.67
Villodas,369,15-Nov-18,11/15/2018,24.4,26.46,80.05,0.47,5.83
Villodas,370,21-Nov-18,11/21/2018,1.4,26.31,77.65,0.47,2.22
Villodas,371,29-Nov-18,11/29/2018,1.2,25.96,73.9,0.55,3.49
Villodas,372,7-Dec-18,12/7/2018,1.6,26.13,74.6,0.44,3.34
Villodas,373,13-Dec-18,12/13/2018,7.2,25.79,75.68,0.52,1.53
Villodas,374,20-Dec-18,12/20/2018,4.2,25.29,76.64,0.58,3.23
Villodas,375,27-Dec-18,12/27/2018,4,25.55,71.49,0.44,6.51
Villodas,376,3-Jan-19,1/3/2019,4.2,25.6,72.57,0.32,4.1
Villodas,377,10-Jan-19,1/10/2019,13.2,24.43,76.99,0.59,5.5
Villodas,378,17-Jan-19,1/17/2019,13.6,24.37,77.3,0.66,3.82
Villodas,379,24-Jan-19,1/24/2019,4,24.97,74.72,0.69,4.28
Villodas,380,31-Jan-19,1/31/2019,0,25.12,71.89,0.33,2.92
Villodas,381,7-Feb-19,2/7/2019,1.6,25.24,72.69,0.35,1.63
Villodas,382,14-Feb-19,2/14/2019,4.4,25.6,76.45,0.31,5.37
Villodas,383,21-Feb-19,2/21/2019,1.2,25.7,68.31,0.27,2.58
Villodas,384,28-Feb-19,2/28/2019,2.6,25.82,72.71,0.26,2.86
Villodas,385,7-Mar-19,3/7/2019,4.6,25.77,69.08,0.25,4.5
Villodas,386,14-Mar-19,3/14/2019,0,25.52,68.76,0.42,2.62
Villodas,387,21-Mar-19,3/21/2019,3.6,26.08,73.9,0.26,1.56
Villodas,388,28-Mar-19,3/28/2019,16,25.97,76.24,0.26,2.14
Villodas,389,4-Apr-19,4/4/2019,3.2,26.34,68.73,0.27,2.03
Villodas,390,11-Apr-19,4/11/2019,20.8,25.91,76.27,0.47,4.83
Villodas,391,18-Apr-19,4/18/2019,1.6,26.22,70.62,0.66,2.46
Villodas,392,25-Apr-19,4/25/2019,71.6,26.33,74.95,0.85,3.94
Villodas,393,2-May-19,5/2/2019,7,26.35,76.19,0.38,3.47
Villodas,394,9-May-19,5/9/2019,0,27.15,76.74,0.64,1.6
Villodas,395,16-May-19,5/16/2019,1,27.56,76.88,0.19,1.61
Villodas,396,23-May-19,5/23/2019,58,26.7,80.79,0.97,5.9
Villodas,397,30-May-19,5/30/2019,12.8,26.61,80.85,0.97,4.72
Villodas,398,6-Jun-19,6/6/2019,0,28.11,78.57,0.24,2.34
