Location,Year,Month,Day,Ref,Neural Network
Arboleda,2013,6,1,0.0,3127.073504757881
Arboleda,2013,6,2,0.0,3139.7046373218295
Arboleda,2013,6,3,0.0,3208.4652465760705
Arboleda,2013,6,4,0.0,3234.7662434011695
Arboleda,2013,6,5,0.0,3218.16511054039
Arboleda,2013,6,6,0.0,3159.67935192585
Arboleda,2013,6,7,0.0,3110.7442505806684
Arboleda,2013,6,8,0.0,3091.1777622282502
Arboleda,2013,6,9,0.0,3051.4083607971666
Arboleda,2013,6,10,0.0,3042.2293935298917
Arboleda,2013,6,11,0.0,3096.876396587491
Arboleda,2013,6,12,0.0,3019.351373824477
Arboleda,2013,6,13,0.0,2973.1344469755886
Arboleda,2013,6,14,0.0,2977.1358806937933
Arboleda,2013,6,15,0.0,3061.1784396767616
Arboleda,2013,6,16,0.0,3015.8098069787025
Arboleda,2013,6,17,0.0,3034.960108667612
Arboleda,2013,6,18,0.0,3019.6697903007266
Arboleda,2013,6,19,0.0,2911.519430029392
Arboleda,2013,6,20,0.0,2923.2265424728394
Arboleda,2013,6,21,0.0,2832.7742190003396
Arboleda,2013,6,22,0.0,2786.7754890829324
Arboleda,2013,6,23,0.0,2901.387866804004
Arboleda,2013,6,24,0.0,2864.141915947199
Arboleda,2013,6,25,0.0,2821.5141143023966
Arboleda,2013,6,26,0.0,2830.1432008087636
Arboleda,2013,6,27,0.0,2829.1475369811055
Arboleda,2013,6,28,0.0,2873.2931238293645
Arboleda,2013,6,29,0.0,2950.131918263435
Arboleda,2013,6,30,0.0,3021.26942486763
Arboleda,2013,7,1,0.0,2992.52335690856
Arboleda,2013,7,2,0.0,2902.923818075657
Arboleda,2013,7,3,0.0,2888.863485404849
Arboleda,2013,7,4,0.0,2850.662693345547
Arboleda,2013,7,5,0.0,2898.9076882123945
Arboleda,2013,7,6,0.0,2886.2114435613153
Arboleda,2013,7,7,0.0,2822.7771663248536
Arboleda,2013,7,8,0.0,2925.3378886461255
Arboleda,2013,7,9,0.0,2870.8627488404513
Arboleda,2013,7,10,0.0,2849.678255739808
Arboleda,2013,7,11,0.0,2916.233626782894
Arboleda,2013,7,12,0.0,2896.2954484283923
Arboleda,2013,7,13,0.0,2867.3128133565187
Arboleda,2013,7,14,0.0,2873.887909477949
Arboleda,2013,7,15,0.0,3089.186434572935
Arboleda,2013,7,16,0.0,3045.5958313137294
Arboleda,2013,7,17,0.0,3023.3599515020846
Arboleda,2013,7,18,0.0,2980.7425596266985
Arboleda,2013,7,19,0.0,2808.65539560318
Arboleda,2013,7,20,0.0,2627.5135692059994
Arboleda,2013,7,21,0.0,2610.816299062967
Arboleda,2013,7,22,0.0,2556.2593098938464
Arboleda,2013,7,23,0.0,2493.639852255583
Arboleda,2013,7,24,0.0,2462.5673028886317
Arboleda,2013,7,25,0.0,2423.8494922816753
Arboleda,2013,7,26,0.0,2420.365281224251
Arboleda,2013,7,27,0.0,2353.5945708334443
Arboleda,2013,7,28,0.0,2319.842220237851
Arboleda,2013,7,29,0.0,2320.160432600975
Arboleda,2013,7,30,0.0,2259.6090491533278
Arboleda,2013,7,31,0.0,2219.850261604786
Arboleda,2013,8,1,0.0,2202.484725087881
Arboleda,2013,8,2,0.0,2277.1878838866946
Arboleda,2013,8,3,0.0,2305.1648535877466
Arboleda,2013,8,4,0.0,2323.6046374857424
Arboleda,2013,8,5,0.0,2361.890544718504
Arboleda,2013,8,6,0.0,2317.530230861902
Arboleda,2013,8,7,0.0,2268.6957572877404
Arboleda,2013,8,8,0.0,2239.937850767374
Arboleda,2013,8,9,0.0,2214.1463203042745
Arboleda,2013,8,10,0.0,2151.4960415840146
Arboleda,2013,8,11,0.0,2103.703361403942
Arboleda,2013,8,12,0.0,2059.003607419133
Arboleda,2013,8,13,0.0,1994.3885357499123
Arboleda,2013,8,14,0.0,1993.9823506295681
Arboleda,2013,8,15,0.0,1959.1853490561246
Arboleda,2013,8,16,0.0,1877.1022760808467
Arboleda,2013,8,17,0.0,1866.8202814817428
Arboleda,2013,8,18,0.0,1870.48860257864
Arboleda,2013,8,19,0.0,1879.5667379617691
Arboleda,2013,8,20,0.0,1829.2112133741377
Arboleda,2013,8,21,0.0,1834.72553358078
Arboleda,2013,8,22,0.0,1796.3224654138087
Arboleda,2013,8,23,0.0,1815.1280200332403
Arboleda,2013,8,24,0.0,1914.2531102210282
Arboleda,2013,8,25,0.0,1986.308921778202
Arboleda,2013,8,26,0.0,2046.4141139328478
Arboleda,2013,8,27,0.0,2058.4980192065236
Arboleda,2013,8,28,0.0,2109.0860286444426
Arboleda,2013,8,29,0.0,2102.2884492158887
Arboleda,2013,8,30,0.0,2058.3539153397082
Arboleda,2013,8,31,0.0,2062.4369943082334
Arboleda,2013,9,1,0.0,1980.965852484107
Arboleda,2013,9,2,0.0,2149.558599793911
Arboleda,2013,9,3,0.0,2211.652262020111
Arboleda,2013,9,4,0.0,1954.6307687669992
Arboleda,2013,9,5,0.0,1995.9691877961159
Arboleda,2013,9,6,0.0,2093.973288697004
Arboleda,2013,9,7,0.0,2166.674710071087
Arboleda,2013,9,8,0.0,2054.9672703564165
Arboleda,2013,9,9,0.0,1988.8531918913125
Arboleda,2013,9,10,0.0,2051.447951841354
Arboleda,2013,9,11,0.0,2097.2309341847895
Arboleda,2013,9,12,0.0,2207.8745362877844
Arboleda,2013,9,13,0.0,2285.3346510767938
Arboleda,2013,9,14,0.0,2259.426572018862
Arboleda,2013,9,15,0.0,2311.1900689482686
Arboleda,2013,9,16,0.0,2414.523155337572
Arboleda,2013,9,17,0.0,2507.9426713198422
Arboleda,2013,9,18,0.0,2519.9545246601106
Arboleda,2013,9,19,0.0,2564.3472925037145
Arboleda,2013,9,20,0.0,2619.34251255393
Arboleda,2013,9,21,0.0,2667.863672479987
Arboleda,2013,9,22,0.0,2738.93708756268
Arboleda,2013,9,23,0.0,2773.818591970205
Arboleda,2013,9,24,0.0,2801.7606583267448
Arboleda,2013,9,25,0.0,2835.434425368905
Arboleda,2013,9,26,0.0,2894.3504544526336
Arboleda,2013,9,27,0.0,2942.4529783576727
Arboleda,2013,9,28,0.0,3008.898332425952
Arboleda,2013,9,29,0.0,3050.008552980423
Arboleda,2013,9,30,0.0,3107.6688781142234
Arboleda,2013,10,1,0.0,3084.33384912014
Arboleda,2013,10,2,0.0,3178.9868207216264
Arboleda,2013,10,3,0.0,3240.521212983131
Arboleda,2013,10,4,0.0,3301.356313675642
Arboleda,2013,10,5,0.0,3396.835126984119
Arboleda,2013,10,6,0.0,3443.811354660988
Arboleda,2013,10,7,0.0,3322.251782590151
Arboleda,2013,10,8,0.0,3351.3019791066645
Arboleda,2013,10,9,0.0,3502.682887083292
Arboleda,2013,10,10,0.0,3591.037335848808
Arboleda,2013,10,11,0.0,3511.2805401682854
Arboleda,2013,10,12,0.0,3606.627496397495
Arboleda,2013,10,13,0.0,3567.7468035161496
Arboleda,2013,10,14,0.0,3583.56720367074
Arboleda,2013,10,15,0.0,3573.9028553903104
Arboleda,2013,10,16,0.0,3624.4657589137555
Arboleda,2013,10,17,0.0,3654.368740069866
Arboleda,2013,10,18,0.0,3710.0083452582357
Arboleda,2013,10,19,0.0,3771.8019611895083
Arboleda,2013,10,20,0.0,3874.175307661295
Arboleda,2013,10,21,0.0,3851.6669368267058
Arboleda,2013,10,22,0.0,3767.2200297415257
Arboleda,2013,10,23,0.0,3783.2049450755117
Arboleda,2013,10,24,0.0,3893.316628372669
Arboleda,2013,10,25,0.0,3896.9090193867683
Arboleda,2013,10,26,0.0,3919.0589675724505
Arboleda,2013,10,27,0.0,3907.9327610850332
Arboleda,2013,10,28,0.0,3941.5477435469625
Arboleda,2013,10,29,0.0,3855.22993555069
Arboleda,2013,10,30,0.0,3959.389680099487
Arboleda,2013,10,31,0.0,4142.591416162252
Arboleda,2013,11,1,0.0,4024.068230950832
Arboleda,2013,11,2,0.0,4097.846144950389
Arboleda,2013,11,3,0.0,4113.75308907032
Arboleda,2013,11,4,0.0,4039.6428789019583
Arboleda,2013,11,5,0.0,3984.1943235993385
Arboleda,2013,11,6,0.0,4162.748812013864
Arboleda,2013,11,7,0.0,4189.870955944061
Arboleda,2013,11,8,0.0,4076.5526554405687
Arboleda,2013,11,9,0.0,4021.8670750021934
Arboleda,2013,11,10,0.0,4085.142552226782
Arboleda,2013,11,11,0.0,4074.1261586010455
Arboleda,2013,11,12,0.0,4091.730099248886
Arboleda,2013,11,13,0.0,4153.563313126564
Arboleda,2013,11,14,0.0,4147.602393400669
Arboleda,2013,11,15,0.0,4053.633608996868
Arboleda,2013,11,16,0.0,3931.055104202032
Arboleda,2013,11,17,0.0,3932.3622446596623
Arboleda,2013,11,18,0.0,3885.94814453125
Arboleda,2013,11,19,0.0,3911.3986019611357
Arboleda,2013,11,20,0.0,3904.0619597673417
Arboleda,2013,11,21,0.0,3894.877277332544
Arboleda,2013,11,22,0.0,3918.182097584009
Arboleda,2013,11,23,0.0,3835.301962852478
Arboleda,2013,11,24,0.0,3821.5112636208532
Arboleda,2013,11,25,0.0,3858.414508539438
Arboleda,2013,11,26,0.0,3838.8674109339713
Arboleda,2013,11,27,0.0,3694.2144798099994
Arboleda,2013,11,28,0.0,3727.8217059731483
Arboleda,2013,11,29,0.0,3649.369601392746
Arboleda,2013,11,30,0.0,3804.9380942583084
Arboleda,2013,12,1,0.0,3909.3117493629456
Arboleda,2013,12,2,0.0,3737.0414958655833
Arboleda,2013,12,3,0.0,3692.1280354380606
Arboleda,2013,12,4,0.0,3795.4811249136924
Arboleda,2013,12,5,0.0,3840.250889700651
Arboleda,2013,12,6,0.0,3636.134498089552
Arboleda,2013,12,7,0.0,3589.347687393427
Arboleda,2013,12,8,0.0,3593.5850758850574
Arboleda,2013,12,9,0.0,3555.9090586721895
Arboleda,2013,12,10,0.0,3477.9211073398587
Arboleda,2013,12,11,0.0,3456.4724918544293
Arboleda,2013,12,12,0.0,3389.7462781250474
Arboleda,2013,12,13,0.0,3338.844955039024
Arboleda,2013,12,14,0.0,3357.4980371534825
Arboleda,2013,12,15,0.0,3358.3595986574887
Arboleda,2013,12,16,0.0,3041.409266990423
Arboleda,2013,12,17,0.0,3115.940358424187
Arboleda,2013,12,18,0.0,3207.60388918519
Arboleda,2013,12,19,0.0,3202.0820167928932
Arboleda,2013,12,20,0.0,3150.327909067273
Arboleda,2013,12,21,0.0,3146.6940830886365
Arboleda,2013,12,22,0.0,3020.077812439203
Arboleda,2013,12,23,0.0,3052.8440925240516
Arboleda,2013,12,24,0.0,2966.0200839757917
Arboleda,2013,12,25,0.0,3017.4088292062283
Arboleda,2013,12,26,0.0,2935.982388156652
Arboleda,2013,12,27,0.0,2899.721691358089
Arboleda,2013,12,28,0.0,2953.9378116071225
Arboleda,2013,12,29,0.0,3043.869034269452
Arboleda,2013,12,30,0.0,3008.039628505707
Arboleda,2013,12,31,0.0,2960.3747231423854
Arboleda,2014,1,1,0.0,2962.4958667457104
Arboleda,2014,1,2,0.0,2917.300730204582
Arboleda,2014,1,3,0.0,2888.3485079884526
Arboleda,2014,1,4,0.0,2885.447448131442
Arboleda,2014,1,5,0.0,2877.7456475555896
Arboleda,2014,1,6,0.0,2854.25100209713
Arboleda,2014,1,7,0.0,2774.210489171743
Arboleda,2014,1,8,0.0,2835.450958532095
Arboleda,2014,1,9,0.0,2892.8157278597355
Arboleda,2014,1,10,0.0,2667.4609572827817
Arboleda,2014,1,11,0.0,2784.37471049726
Arboleda,2014,1,12,0.0,2837.094477421045
Arboleda,2014,1,13,0.0,2830.6875705152747
Arboleda,2014,1,14,0.0,2766.251301944256
Arboleda,2014,1,15,0.0,2770.5207361966372
Arboleda,2014,1,16,0.0,2756.4599952995777
Arboleda,2014,1,17,0.0,2676.5935908704996
Arboleda,2014,1,18,0.0,2674.8392385542393
Arboleda,2014,1,19,0.0,2627.834435039759
Arboleda,2014,1,20,0.0,2617.0566496580836
Arboleda,2014,1,21,0.0,2617.968831217289
Arboleda,2014,1,22,0.0,2644.466797208786
Arboleda,2014,1,23,0.0,2605.8979891836643
Arboleda,2014,1,24,0.0,2608.203651052713
Arboleda,2014,1,25,0.0,2596.3128367960453
Arboleda,2014,1,26,0.0,2604.430007582903
Arboleda,2014,1,27,0.0,2615.8525863289833
Arboleda,2014,1,28,0.0,2638.3866754174232
Arboleda,2014,1,29,0.0,2618.7991634130476
Arboleda,2014,1,30,0.0,2634.843679779768
Arboleda,2014,1,31,0.0,2595.754995623231
Arboleda,2014,2,1,0.0,2589.883681559563
Arboleda,2014,2,2,0.0,2597.359937131405
Arboleda,2014,2,3,0.0,2557.6248267054557
Arboleda,2014,2,4,0.0,2619.0963521242143
Arboleda,2014,2,5,0.0,2645.0570923686028
Arboleda,2014,2,6,0.0,2661.517183059454
Arboleda,2014,2,7,0.0,2641.4614355444905
Arboleda,2014,2,8,0.0,2642.1684834122657
Arboleda,2014,2,9,0.0,2569.1784460783006
Arboleda,2014,2,10,0.0,2539.7804407954213
Arboleda,2014,2,11,0.0,2540.8504018008707
Arboleda,2014,2,12,0.0,2523.960652980208
Arboleda,2014,2,13,0.0,2497.6184253036977
Arboleda,2014,2,14,0.0,2518.7106592714786
Arboleda,2014,2,15,0.0,2516.0510652422904
Arboleda,2014,2,16,0.0,2502.1344282120467
Arboleda,2014,2,17,0.0,2492.9287221252916
Arboleda,2014,2,18,0.0,2502.4477418601514
Arboleda,2014,2,19,0.0,2442.049035030603
Arboleda,2014,2,20,0.0,2399.352651375532
Arboleda,2014,2,21,0.0,2323.709959858656
Arboleda,2014,2,22,0.0,2295.4709089040757
Arboleda,2014,2,23,0.0,2243.9092798560855
Arboleda,2014,2,24,0.0,2181.5717024445535
Arboleda,2014,2,25,0.0,2119.242289558053
Arboleda,2014,2,26,0.0,2130.1670363903045
Arboleda,2014,2,27,0.0,2181.04978518188
Arboleda,2014,2,28,0.0,2180.3080380827187
Arboleda,2014,3,1,0.0,2265.679373514652
Arboleda,2014,3,2,0.0,2268.7512760579584
Arboleda,2014,3,3,0.0,2298.657523024082
Arboleda,2014,3,4,0.0,2287.0045005589723
Arboleda,2014,3,5,0.0,2333.664557003975
Arboleda,2014,3,6,0.0,2310.815317249298
Arboleda,2014,3,7,0.0,2183.4332141518594
Arboleda,2014,3,8,0.0,2284.3012263208625
Arboleda,2014,3,9,0.0,2306.0288644492625
Arboleda,2014,3,10,0.0,2250.51723819077
Arboleda,2014,3,11,0.0,2284.5406510174275
Arboleda,2014,3,12,0.0,2282.2078421026467
Arboleda,2014,3,13,0.0,2202.507177531719
Arboleda,2014,3,14,0.0,2239.0981293678283
Arboleda,2014,3,15,0.0,2220.717946502566
Arboleda,2014,3,16,0.0,2203.2013662725685
Arboleda,2014,3,17,0.0,2210.105900979042
Arboleda,2014,3,18,0.0,2202.8874402850865
Arboleda,2014,3,19,0.0,2169.592711317539
Arboleda,2014,3,20,0.0,2208.4323774605987
Arboleda,2014,3,21,0.0,2243.0452689945696
Arboleda,2014,3,22,0.0,2243.58290296793
Arboleda,2014,3,23,0.0,2263.9836016654967
Arboleda,2014,3,24,0.0,2274.7985356360673
Arboleda,2014,3,25,0.0,2240.902081173658
Arboleda,2014,3,26,0.0,2238.0524578243494
Arboleda,2014,3,27,0.0,2170.4434548258782
Arboleda,2014,3,28,0.0,2159.092315673828
Arboleda,2014,3,29,0.0,2125.278322914243
Arboleda,2014,3,30,0.0,2076.949641665816
Arboleda,2014,3,31,0.0,2062.6849917560817
Arboleda,2014,4,1,0.0,2020.8242472380398
Arboleda,2014,4,2,0.0,2018.089539578557
Arboleda,2014,4,3,0.0,2059.5381796956062
Arboleda,2014,4,4,0.0,2117.6546976655723
Arboleda,2014,4,5,0.0,2167.396045857668
Arboleda,2014,4,6,0.0,2238.0542948424813
Arboleda,2014,4,7,0.0,2134.879192012548
Arboleda,2014,4,8,0.0,2122.9208163112403
Arboleda,2014,4,9,0.0,2219.969463670254
Arboleda,2014,4,10,0.0,2251.0399719059465
Arboleda,2014,4,11,0.0,2177.572105744481
Arboleda,2014,4,12,0.0,2169.413091766834
Arboleda,2014,4,13,0.0,2245.901832190156
Arboleda,2014,4,14,0.0,2268.2013952970506
Arboleda,2014,4,15,0.0,2269.578750669956
Arboleda,2014,4,16,0.0,2302.5215886086226
Arboleda,2014,4,17,0.0,2351.8961455136537
Arboleda,2014,4,18,0.0,2352.0192257285116
Arboleda,2014,4,19,0.0,2421.6450705230236
Arboleda,2014,4,20,0.0,2450.4242048084734
Arboleda,2014,4,21,0.0,2513.808474329114
Arboleda,2014,4,22,0.0,2560.831035685539
Arboleda,2014,4,23,0.0,2566.7090854823587
Arboleda,2014,4,24,0.0,2591.3820760160684
Arboleda,2014,4,25,0.0,2576.43752528429
Arboleda,2014,4,26,0.0,2588.5683765769004
Arboleda,2014,4,27,0.0,2602.930592560768
Arboleda,2014,4,28,0.0,2622.78222694993
Arboleda,2014,4,29,0.0,2624.0514023661613
Arboleda,2014,4,30,0.0,2664.902399250865
Arboleda,2014,5,1,0.0,2689.1267491340636
Arboleda,2014,5,2,0.0,2688.1090410888196
Arboleda,2014,5,3,0.0,2664.9656743198634
Arboleda,2014,5,4,0.0,2667.025379872322
Arboleda,2014,5,5,0.0,2757.7789743185044
Arboleda,2014,5,6,0.0,2698.820081478357
Arboleda,2014,5,7,0.0,2617.801458454132
Arboleda,2014,5,8,0.0,2627.0377815097568
Arboleda,2014,5,9,0.0,2545.6244037002325
Arboleda,2014,5,10,0.0,2549.185361292958
Arboleda,2014,5,11,0.0,2607.404548165202
Arboleda,2014,5,12,0.0,2678.5034773886205
Arboleda,2014,5,13,0.0,2700.0812964826823
Arboleda,2014,5,14,0.0,2717.2543543219567
Arboleda,2014,5,15,0.0,2733.501759135723
Arboleda,2014,5,16,0.0,2728.171753081679
Arboleda,2014,5,17,0.0,2705.2055565059186
Arboleda,2014,5,18,0.0,2778.778949153423
Arboleda,2014,5,19,0.0,2775.133080500364
Arboleda,2014,5,20,0.0,2743.862745514512
Arboleda,2014,5,21,0.0,2766.5827816605565
Arboleda,2014,5,22,0.0,2733.7487360179425
Arboleda,2014,5,23,0.0,2718.5506767839192
Arboleda,2014,5,24,0.0,2685.180017733574
Arboleda,2014,5,25,0.0,2674.381616926193
Arboleda,2014,5,26,0.0,2646.8794143557548
Arboleda,2014,5,27,0.0,2645.351423496008
Arboleda,2014,5,28,0.0,2651.4984943926333
Arboleda,2014,5,29,0.0,2645.8808929443358
Arboleda,2014,5,30,0.0,2669.0358941614627
Arboleda,2014,5,31,0.0,2667.880205643177
Arboleda,2014,6,1,0.0,2674.1711762934924
Arboleda,2014,6,2,0.0,2653.815994822979
Arboleda,2014,6,3,0.0,2719.938237813115
Arboleda,2014,6,4,0.0,2708.4725911974906
Arboleda,2014,6,5,0.0,2707.452229681611
Arboleda,2014,6,6,0.0,2712.594451659918
Arboleda,2014,6,7,0.0,2734.881767979264
Arboleda,2014,6,8,0.0,2731.3761250436305
Arboleda,2014,6,9,0.0,2767.3804557561875
Arboleda,2014,6,10,0.0,2738.6335713446138
Arboleda,2014,6,11,0.0,2651.2427406460047
Arboleda,2014,6,12,0.0,2661.6984355151653
Arboleda,2014,6,13,0.0,2673.0608008891345
Arboleda,2014,6,14,0.0,2607.3129013717175
Arboleda,2014,6,15,0.0,2575.2326455026864
Arboleda,2014,6,16,0.0,2538.1405959427357
Arboleda,2014,6,17,0.0,2575.7161894977094
Arboleda,2014,6,18,0.0,2586.3196622699497
Arboleda,2014,6,19,0.0,2612.8313038408755
Arboleda,2014,6,20,0.0,2591.224704796076
Arboleda,2014,6,21,0.0,2654.4411933273077
Arboleda,2014,6,22,0.0,2692.9506044328214
Arboleda,2014,6,23,0.0,2705.888519024849
Arboleda,2014,6,24,0.0,2656.1414556652308
Arboleda,2014,6,25,0.0,2722.4510745048524
Arboleda,2014,6,26,0.0,2744.4871275663377
Arboleda,2014,6,27,0.0,2731.461852556467
Arboleda,2014,6,28,0.0,2689.6358072698117
Arboleda,2014,6,29,0.0,2671.0286506086586
Arboleda,2014,6,30,0.0,2612.4155254036186
Arboleda,2014,7,1,0.0,2561.460112339258
Arboleda,2014,7,2,0.0,2515.746936684847
Arboleda,2014,7,3,0.0,2432.7990363955496
Arboleda,2014,7,4,0.0,2412.73532846868
Arboleda,2014,7,5,0.0,2379.7737121224404
Arboleda,2014,7,6,0.0,2288.0991592526434
Arboleda,2014,7,7,0.0,2277.2252365887166
Arboleda,2014,7,8,0.0,2328.045322650671
Arboleda,2014,7,9,0.0,2345.1451038777827
Arboleda,2014,7,10,0.0,2343.6522204756734
Arboleda,2014,7,11,0.0,2314.829405981302
Arboleda,2014,7,12,0.0,2303.2325146257876
Arboleda,2014,7,13,0.0,2209.6272556990384
Arboleda,2014,7,14,0.0,2211.668795183301
Arboleda,2014,7,15,0.0,2162.7120578467843
Arboleda,2014,7,16,0.0,2215.3826335072517
Arboleda,2014,7,17,0.0,2185.436584481597
Arboleda,2014,7,18,0.0,2215.7539152830836
Arboleda,2014,7,19,0.0,2250.7262500315906
Arboleda,2014,7,20,0.0,2320.198397642374
Arboleda,2014,7,21,0.0,2263.240629887581
Arboleda,2014,7,22,0.0,2255.2002056360243
Arboleda,2014,7,23,0.0,2173.2989974558354
Arboleda,2014,7,24,0.0,2233.4025567054746
Arboleda,2014,7,25,0.0,2193.4572097599507
Arboleda,2014,7,26,0.0,2155.0745529055594
Arboleda,2014,7,27,0.0,2117.602444705367
Arboleda,2014,7,28,0.0,2040.9585783064365
Arboleda,2014,7,29,0.0,2017.372081941366
Arboleda,2014,7,30,0.0,1988.5513085782527
Arboleda,2014,7,31,0.0,2015.5916031450033
Arboleda,2014,8,1,0.0,2029.2957584112883
Arboleda,2014,8,2,0.0,2038.4647241353987
Arboleda,2014,8,3,0.0,2138.681411319971
Arboleda,2014,8,4,0.0,2174.858829963207
Arboleda,2014,8,5,0.0,2149.447562253475
Arboleda,2014,8,6,0.0,2119.619898840785
Arboleda,2014,8,7,0.0,2178.364268785715
Arboleda,2014,8,8,0.0,2099.3892263770103
Arboleda,2014,8,9,0.0,2163.5750481426717
Arboleda,2014,8,10,0.0,2211.7602378636598
Arboleda,2014,8,11,0.0,2258.3774305522443
Arboleda,2014,8,12,0.0,2314.6320285886527
Arboleda,2014,8,13,0.0,2361.8589071840047
Arboleda,2014,8,14,0.0,2457.813916414976
Arboleda,2014,8,15,0.0,2407.552283865213
Arboleda,2014,8,16,0.0,2442.849974936247
Arboleda,2014,8,17,0.0,2387.239149698615
Arboleda,2014,8,18,0.0,2400.8228782206775
Arboleda,2014,8,19,0.0,2359.9351409733295
Arboleda,2014,8,20,0.0,2316.3773999273776
Arboleda,2014,8,21,0.0,2351.4507706731556
Arboleda,2014,8,22,0.0,2321.5675884902475
Arboleda,2014,8,23,0.0,2484.2086011648175
Arboleda,2014,8,24,0.0,2296.8396915256976
Arboleda,2014,8,25,0.0,2171.504843080044
Arboleda,2014,8,26,0.0,2256.1350437521933
Arboleda,2014,8,27,0.0,2318.3405599713324
Arboleda,2014,8,28,0.0,2298.6844659566877
Arboleda,2014,8,29,0.0,2300.0503909945487
Arboleda,2014,8,30,0.0,2346.4465291678903
Arboleda,2014,8,31,0.0,2360.7230176389216
Arboleda,2014,9,1,0.0,2396.053775036335
Arboleda,2014,9,2,0.0,2487.224168485403
Arboleda,2014,9,3,0.0,2438.351321643591
Arboleda,2014,9,4,0.0,2391.286100643873
Arboleda,2014,9,5,0.0,2414.189634490013
Arboleda,2014,9,6,0.0,2501.052016305923
Arboleda,2014,9,7,0.0,2570.630506855249
Arboleda,2014,9,8,0.0,2579.405534246564
Arboleda,2014,9,9,0.0,2667.4474858164785
Arboleda,2014,9,10,0.0,2713.6074651032686
Arboleda,2014,9,11,0.0,2726.9142121136188
Arboleda,2014,9,12,0.0,2864.6305627703664
Arboleda,2014,9,13,0.0,2842.0711636543274
Arboleda,2014,9,14,0.0,2794.1972464501855
Arboleda,2014,9,15,0.0,2878.7329427450895
Arboleda,2014,9,16,0.0,2922.6689054131507
Arboleda,2014,9,17,0.0,2993.9456171691418
Arboleda,2014,9,18,0.0,3038.0965109586714
Arboleda,2014,9,19,0.0,3135.8054642796515
Arboleda,2014,9,20,0.0,3213.9458881169558
Arboleda,2014,9,21,0.0,3191.919224259257
Arboleda,2014,9,22,0.0,3199.291178023815
Arboleda,2014,9,23,0.0,3297.3536552786827
Arboleda,2014,9,24,0.0,3341.8599100202323
Arboleda,2014,9,25,0.0,3410.299245214462
Arboleda,2014,9,26,0.0,3432.7316859662533
Arboleda,2014,9,27,0.0,3398.526408344507
Arboleda,2014,9,28,0.0,3403.023428732157
Arboleda,2014,9,29,0.0,3349.7156118929383
Arboleda,2014,9,30,0.0,3389.926305902004
Arboleda,2014,10,1,0.0,3369.4423290491104
Arboleda,2014,10,2,0.0,3397.6501506954432
Arboleda,2014,10,3,0.0,3416.7365649759768
Arboleda,2014,10,4,0.0,3472.105924385786
Arboleda,2014,10,5,0.0,3483.191308248043
Arboleda,2014,10,6,0.0,3501.5667965114117
Arboleda,2014,10,7,0.0,3469.0874994814394
Arboleda,2014,10,8,0.0,3476.1440984666347
Arboleda,2014,10,9,0.0,3443.5292703211308
Arboleda,2014,10,10,0.0,3468.270230525732
Arboleda,2014,10,11,0.0,3541.4109033465384
Arboleda,2014,10,12,0.0,3671.078665226698
Arboleda,2014,10,13,0.0,3712.5062816917894
Arboleda,2014,10,14,0.0,3711.2330240130423
Arboleda,2014,10,15,0.0,3724.6926517546176
Arboleda,2014,10,16,0.0,3737.91714117527
Arboleda,2014,10,17,0.0,3698.1910117268562
Arboleda,2014,10,18,0.0,3726.3100441634656
Arboleda,2014,10,19,0.0,3909.3219550192357
Arboleda,2014,10,20,0.0,3890.815017902851
Arboleda,2014,10,21,0.0,3789.510407757759
Arboleda,2014,10,22,0.0,3832.2884366631506
Arboleda,2014,10,23,0.0,3882.2708424568177
Arboleda,2014,10,24,0.0,3833.395546257496
Arboleda,2014,10,25,0.0,3926.587067878246
Arboleda,2014,10,26,0.0,3926.940591812134
Arboleda,2014,10,27,0.0,3927.3667800188064
Arboleda,2014,10,28,0.0,4041.3406918823716
Arboleda,2014,10,29,0.0,4073.4436043083665
Arboleda,2014,10,30,0.0,4040.8455134391784
Arboleda,2014,10,31,0.0,3979.5409525573255
Arboleda,2014,11,1,0.0,4059.7823127985
Arboleda,2014,11,2,0.0,4028.17498704195
Arboleda,2014,11,3,0.0,3909.0994717121125
Arboleda,2014,11,4,0.0,3938.8314060688017
Arboleda,2014,11,5,0.0,3950.5193318784236
Arboleda,2014,11,6,0.0,3771.3296434164045
Arboleda,2014,11,7,0.0,3944.6029088139535
Arboleda,2014,11,8,0.0,4042.486582970619
Arboleda,2014,11,9,0.0,4000.5805253386497
Arboleda,2014,11,10,0.0,3767.756439036131
Arboleda,2014,11,11,0.0,3819.264386332035
Arboleda,2014,11,12,0.0,3913.665890562534
Arboleda,2014,11,13,0.0,3876.9357335746286
Arboleda,2014,11,14,0.0,3993.230003452301
Arboleda,2014,11,15,0.0,3986.8212595283985
Arboleda,2014,11,16,0.0,4061.158035266399
Arboleda,2014,11,17,0.0,4142.969841897488
Arboleda,2014,11,18,0.0,3965.314675915241
Arboleda,2014,11,19,0.0,4016.776901870966
Arboleda,2014,11,20,0.0,4136.801135009527
Arboleda,2014,11,21,0.0,4103.239630186557
Arboleda,2014,11,22,0.0,3955.217199581861
Arboleda,2014,11,23,0.0,3940.8390627741815
Arboleda,2014,11,24,0.0,3875.929455864429
Arboleda,2014,11,25,0.0,3822.2183114886284
Arboleda,2014,11,26,0.0,3700.096611869335
Arboleda,2014,11,27,0.0,3650.3232179164884
Arboleda,2014,11,28,0.0,3575.0834457099436
Arboleda,2014,11,29,0.0,3568.541211801767
Arboleda,2014,11,30,0.0,3533.8705562531945
Arboleda,2014,12,1,0.0,3477.0646486639976
Arboleda,2014,12,2,0.0,3394.002649137378
Arboleda,2014,12,3,0.0,3419.181636109948
Arboleda,2014,12,4,0.0,3280.925814461708
Arboleda,2014,12,5,0.0,3272.8168081998824
Arboleda,2014,12,6,0.0,3372.964505147934
Arboleda,2014,12,7,0.0,3227.6204469799995
Arboleda,2014,12,8,0.0,3330.465907111764
Arboleda,2014,12,9,0.0,3376.430754250288
Arboleda,2014,12,10,0.0,3332.7113556087015
Arboleda,2014,12,11,0.0,3279.785638540983
Arboleda,2014,12,12,0.0,3313.4994117558003
Arboleda,2014,12,13,0.0,3258.366415345669
Arboleda,2014,12,14,0.0,3238.9179043799636
Arboleda,2014,12,15,0.0,3196.7169032812117
Arboleda,2014,12,16,0.0,3172.5339883625506
Arboleda,2014,12,17,0.0,3107.9664750516413
Arboleda,2014,12,18,0.0,3055.9535518825055
Arboleda,2014,12,19,0.0,2969.760252892971
Arboleda,2014,12,20,0.0,2957.212602597475
Arboleda,2014,12,21,0.0,2899.9413170814514
Arboleda,2014,12,22,0.0,2869.422118398547
Arboleda,2014,12,23,0.0,2838.3861052811144
Arboleda,2014,12,24,0.0,2787.9554670631883
Arboleda,2014,12,25,0.0,2723.71943346858
Arboleda,2014,12,26,0.0,2629.770448037982
Arboleda,2014,12,27,0.0,2582.1253416478635
Arboleda,2014,12,28,0.0,2545.7842242777347
Arboleda,2014,12,29,0.0,2532.9583677917717
Arboleda,2014,12,30,0.0,2528.8158919036387
Arboleda,2014,12,31,0.0,2458.387270185351
Arboleda,2015,1,1,0.0,2384.7708096683023
Arboleda,2015,1,2,0.0,2373.0602273017166
Arboleda,2015,1,3,0.0,2335.893064111471
Arboleda,2015,1,4,0.0,2279.2657555073497
Arboleda,2015,1,5,0.0,2317.6057527184485
Arboleda,2015,1,6,0.0,2288.368180352449
Arboleda,2015,1,7,0.0,2235.3342833280562
Arboleda,2015,1,8,0.0,2219.5604209661483
Arboleda,2015,1,9,0.0,2224.5895642727614
Arboleda,2015,1,10,0.0,2214.631088978052
Arboleda,2015,1,11,0.0,2154.038882905245
Arboleda,2015,1,12,0.0,2168.398445418477
Arboleda,2015,1,13,0.0,2173.9082751363517
Arboleda,2015,1,14,0.0,2187.344225755334
Arboleda,2015,1,15,0.0,2203.781659889221
Arboleda,2015,1,16,0.0,2297.6410396575925
Arboleda,2015,1,17,0.0,2306.401983243227
Arboleda,2015,1,18,0.0,2279.5651894629
Arboleda,2015,1,19,0.0,2296.2106148719786
Arboleda,2015,1,20,0.0,2332.8697404921054
Arboleda,2015,1,21,0.0,2373.5202982872725
Arboleda,2015,1,22,0.0,2371.5691809177397
Arboleda,2015,1,23,0.0,2361.848293301463
Arboleda,2015,1,24,0.0,2287.8803499817845
Arboleda,2015,1,25,0.0,2342.033603388071
Arboleda,2015,1,26,0.0,2365.016129013896
Arboleda,2015,1,27,0.0,2338.6194031327964
Arboleda,2015,1,28,0.0,2334.0148151278495
Arboleda,2015,1,29,0.0,2333.070996034145
Arboleda,2015,1,30,0.0,2288.8341706186534
Arboleda,2015,1,31,0.0,2306.8342948436734
Arboleda,2015,2,1,0.0,2358.8888570904733
Arboleda,2015,2,2,0.0,2388.166843855381
Arboleda,2015,2,3,0.0,2404.5114065170287
Arboleda,2015,2,4,0.0,2515.9792174220083
Arboleda,2015,2,5,0.0,2578.263317194581
Arboleda,2015,2,6,0.0,2492.2818876296283
Arboleda,2015,2,7,0.0,2515.170112991333
Arboleda,2015,2,8,0.0,2483.5438047140838
Arboleda,2015,2,9,0.0,2506.732076370716
Arboleda,2015,2,10,0.0,2562.8950276136397
Arboleda,2015,2,11,0.0,2549.190872347355
Arboleda,2015,2,12,0.0,2656.0996124744415
Arboleda,2015,2,13,0.0,2599.112656542659
Arboleda,2015,2,14,0.0,2508.8146425932646
Arboleda,2015,2,15,0.0,2618.0037345618007
Arboleda,2015,2,16,0.0,2678.584918525815
Arboleda,2015,2,17,0.0,2656.956275263429
Arboleda,2015,2,18,0.0,2623.4200804680586
Arboleda,2015,2,19,0.0,2633.7490210860965
Arboleda,2015,2,20,0.0,2650.166043907404
Arboleda,2015,2,21,0.0,2555.7925031751392
Arboleda,2015,2,22,0.0,2563.5096122354266
Arboleda,2015,2,23,0.0,2545.2921075314284
Arboleda,2015,2,24,0.0,2461.7671794354915
Arboleda,2015,2,25,0.0,2452.031799787283
Arboleda,2015,2,26,0.0,2365.2782102674246
Arboleda,2015,2,27,0.0,2344.642985588312
Arboleda,2015,2,28,0.0,2331.9173486471177
Arboleda,2015,3,1,0.0,2314.8281813025474
Arboleda,2015,3,2,0.0,2203.5975498497487
Arboleda,2015,3,3,0.0,2170.937000364065
Arboleda,2015,3,4,0.0,2107.5202768564222
Arboleda,2015,3,5,0.0,2095.3083926528693
Arboleda,2015,3,6,0.0,1948.391846963763
Arboleda,2015,3,7,0.0,1873.48886141479
Arboleda,2015,3,8,0.0,1769.206444877386
Arboleda,2015,3,9,0.0,1730.527211651206
Arboleda,2015,3,10,0.0,1662.0356234967708
Arboleda,2015,3,11,0.0,1579.4690065264701
Arboleda,2015,3,12,0.0,1637.0346231698989
Arboleda,2015,3,13,0.0,1606.1553689330815
Arboleda,2015,3,14,0.0,1581.309086355567
Arboleda,2015,3,15,0.0,1507.3597173303365
Arboleda,2015,3,16,0.0,1583.972762647271
Arboleda,2015,3,17,0.0,1560.1184698611498
Arboleda,2015,3,18,0.0,1571.0846516579388
Arboleda,2015,3,19,0.0,1594.2194456756115
Arboleda,2015,3,20,0.0,1554.4114668637515
Arboleda,2015,3,21,0.0,1589.9659322470427
Arboleda,2015,3,22,0.0,1611.1034793287515
Arboleda,2015,3,23,0.0,1640.294718015194
Arboleda,2015,3,24,0.0,1695.7161262720822
Arboleda,2015,3,25,0.0,1714.4959626376628
Arboleda,2015,3,26,0.0,1616.5310514569283
Arboleda,2015,3,27,0.0,1608.2640616357326
Arboleda,2015,3,28,0.0,1614.4846132576465
Arboleda,2015,3,29,0.0,1622.5668806999922
Arboleda,2015,3,30,0.0,1622.3974668055773
Arboleda,2015,3,31,0.0,1587.5216775655747
Arboleda,2015,4,1,0.0,1559.9145608484744
Arboleda,2015,4,2,0.0,1536.2562166631221
Arboleda,2015,4,3,0.0,1528.3207065582276
Arboleda,2015,4,4,0.0,1510.4928538113832
Arboleda,2015,4,5,0.0,1512.6199166953563
Arboleda,2015,4,6,0.0,1550.8868414074182
Arboleda,2015,4,7,0.0,1557.7593303531407
Arboleda,2015,4,8,0.0,1544.3117452859879
Arboleda,2015,4,9,0.0,1539.5877511024476
Arboleda,2015,4,10,0.0,1516.9740578949452
Arboleda,2015,4,11,0.0,1517.001817280054
Arboleda,2015,4,12,0.0,1501.0850757300852
Arboleda,2015,4,13,0.0,1488.3494372457264
Arboleda,2015,4,14,0.0,1477.5316456913947
Arboleda,2015,4,15,0.0,1499.7999794900418
Arboleda,2015,4,16,0.0,1491.5450323432683
Arboleda,2015,4,17,0.0,1501.7655888915062
Arboleda,2015,4,18,0.0,1535.250755405426
Arboleda,2015,4,19,0.0,1580.7751264184712
Arboleda,2015,4,20,0.0,1616.4230756133795
Arboleda,2015,4,21,0.0,1647.9258954495192
Arboleda,2015,4,22,0.0,1713.2463820815085
Arboleda,2015,4,23,0.0,1710.6727196782826
Arboleda,2015,4,24,0.0,1744.0437869548798
Arboleda,2015,4,25,0.0,1880.8728578537703
Arboleda,2015,4,26,0.0,1927.406364160776
Arboleda,2015,4,27,0.0,1919.6598628103732
Arboleda,2015,4,28,0.0,1936.3540712565184
Arboleda,2015,4,29,0.0,1968.3590093821288
Arboleda,2015,4,30,0.0,1962.6224099814892
Arboleda,2015,5,1,0.0,1968.3861564278602
Arboleda,2015,5,2,0.0,1984.8860491782427
Arboleda,2015,5,3,0.0,2008.9699692308902
Arboleda,2015,5,4,0.0,2020.7836287260054
Arboleda,2015,5,5,0.0,2020.7701572597025
Arboleda,2015,5,6,0.0,2003.5985282123088
Arboleda,2015,5,7,0.0,2027.1152178883551
Arboleda,2015,5,8,0.0,2042.4175789296626
Arboleda,2015,5,9,0.0,2050.7780525624753
Arboleda,2015,5,10,0.0,2027.923097640276
Arboleda,2015,5,11,0.0,2001.581890529394
Arboleda,2015,5,12,0.0,2021.8905342072248
Arboleda,2015,5,13,0.0,1950.230906227231
Arboleda,2015,5,14,0.0,2031.817167854309
Arboleda,2015,5,15,0.0,2041.5078467279673
Arboleda,2015,5,16,0.0,2044.244799631834
Arboleda,2015,5,17,0.0,2038.2087662756442
Arboleda,2015,5,18,0.0,2011.665895396471
Arboleda,2015,5,19,0.0,1940.0821974992753
Arboleda,2015,5,20,0.0,1948.0354654461146
Arboleda,2015,5,21,0.0,1915.0785437017678
Arboleda,2015,5,22,0.0,1900.161344128847
Arboleda,2015,5,23,0.0,1934.53399451375
Arboleda,2015,5,24,0.0,1957.9735294282436
Arboleda,2015,5,25,0.0,2015.082749122381
Arboleda,2015,5,26,0.0,2060.3297303974628
Arboleda,2015,5,27,0.0,2029.978312703967
Arboleda,2015,5,28,0.0,2016.644622761011
Arboleda,2015,5,29,0.0,2087.8533648461103
Arboleda,2015,5,30,0.0,2282.8093634843826
Arboleda,2015,5,31,0.0,2327.736295378208
Arboleda,2015,6,1,0.0,2350.472864687443
Arboleda,2015,6,2,0.0,2385.499493527412
Arboleda,2015,6,3,0.0,2503.2033686518666
Arboleda,2015,6,4,0.0,2568.5610038727523
Arboleda,2015,6,5,0.0,2559.2720196306705
Arboleda,2015,6,6,0.0,2615.3349554419515
Arboleda,2015,6,7,0.0,2676.187609863281
Arboleda,2015,6,8,0.0,2657.99745631814
Arboleda,2015,6,9,0.0,2666.9249562144278
Arboleda,2015,6,10,0.0,2616.527996662259
Arboleda,2015,6,11,0.0,2656.2343271374702
Arboleda,2015,6,12,0.0,2681.267373225093
Arboleda,2015,6,13,0.0,2683.0037635862827
Arboleda,2015,6,14,0.0,2592.494900777936
Arboleda,2015,6,15,0.0,2580.454879826307
Arboleda,2015,6,16,0.0,2593.042740407586
Arboleda,2015,6,17,0.0,2588.659206917882
Arboleda,2015,6,18,0.0,2606.8058843672275
Arboleda,2015,6,19,0.0,2617.461814212799
Arboleda,2015,6,20,0.0,2577.933878609538
Arboleda,2015,6,21,0.0,2533.885653722286
Arboleda,2015,6,22,0.0,2537.3339408695697
Arboleda,2015,6,23,0.0,2592.524497181177
Arboleda,2015,6,24,0.0,2497.067728090286
Arboleda,2015,6,25,0.0,2549.6231839478014
Arboleda,2015,6,26,0.0,2489.5992288172242
Arboleda,2015,6,27,0.0,2492.050219231844
Arboleda,2015,6,28,0.0,2567.6206547021866
Arboleda,2015,6,29,0.0,2550.4304513603447
Arboleda,2015,6,30,0.0,2545.0763599574566
Arboleda,2015,7,1,0.0,2469.8357712984084
Arboleda,2015,7,2,0.0,2430.01166754961
Arboleda,2015,7,3,0.0,2334.362011554837
Arboleda,2015,7,4,0.0,2200.8507995158434
Arboleda,2015,7,5,0.0,2252.899850708246
Arboleda,2015,7,6,0.0,2098.2098607361318
Arboleda,2015,7,7,0.0,2110.4415439128875
Arboleda,2015,7,8,0.0,2060.063770994544
Arboleda,2015,7,9,0.0,2108.515124231577
Arboleda,2015,7,10,0.0,2167.67935487628
Arboleda,2015,7,11,0.0,2165.863564509153
Arboleda,2015,7,12,0.0,2134.759173494577
Arboleda,2015,7,13,0.0,2177.665589556098
Arboleda,2015,7,14,0.0,2236.555492159724
Arboleda,2015,7,15,0.0,2182.717185306549
Arboleda,2015,7,16,0.0,2193.746233946085
Arboleda,2015,7,17,0.0,2181.52373585999
Arboleda,2015,7,18,0.0,2153.999693185091
Arboleda,2015,7,19,0.0,2140.519245904684
Arboleda,2015,7,20,0.0,2167.2792931497097
Arboleda,2015,7,21,0.0,2132.8850067734716
Arboleda,2015,7,22,0.0,2106.8050644636155
Arboleda,2015,7,23,0.0,2113.214624840021
Arboleda,2015,7,24,0.0,2069.279274511337
Arboleda,2015,7,25,0.0,2006.9088348865507
Arboleda,2015,7,26,0.0,1950.6438270807266
Arboleda,2015,7,27,0.0,1927.41881506145
Arboleda,2015,7,28,0.0,1899.9958083838224
Arboleda,2015,7,29,0.0,1869.3159726709127
Arboleda,2015,7,30,0.0,1836.5321388572454
Arboleda,2015,7,31,0.0,1816.5072124242781
Arboleda,2015,8,1,0.0,1821.4841027706861
Arboleda,2015,8,2,0.0,1790.842844438553
Arboleda,2015,8,3,0.0,1776.6069744795561
Arboleda,2015,8,4,0.0,1735.3148891299963
Arboleda,2015,8,5,0.0,1689.604775172472
Arboleda,2015,8,6,0.0,1686.6169672369956
Arboleda,2015,8,7,0.0,1685.1595995187758
Arboleda,2015,8,8,0.0,1666.6549076467752
Arboleda,2015,8,9,0.0,1671.6099578887224
Arboleda,2015,8,10,0.0,1802.2556257545948
Arboleda,2015,8,11,0.0,1788.4020596802234
Arboleda,2015,8,12,0.0,1700.5548320323228
Arboleda,2015,8,13,0.0,1716.3511468380689
Arboleda,2015,8,14,0.0,1856.449905899167
Arboleda,2015,8,15,0.0,1887.0221739947795
Arboleda,2015,8,16,0.0,2005.7658013820646
Arboleda,2015,8,17,0.0,1905.6709697335957
Arboleda,2015,8,18,0.0,1931.3655464619399
Arboleda,2015,8,19,0.0,1964.56291346848
Arboleda,2015,8,20,0.0,1885.7172787815332
Arboleda,2015,8,21,0.0,1917.962866282463
Arboleda,2015,8,22,0.0,2031.8526835381983
Arboleda,2015,8,23,0.0,2007.1174385011195
Arboleda,2015,8,24,0.0,2089.7256945490835
Arboleda,2015,8,25,0.0,2105.8996186375616
Arboleda,2015,8,26,0.0,2198.7363916456698
Arboleda,2015,8,27,0.0,2286.4482922911643
Arboleda,2015,8,28,0.0,2341.9837997853756
Arboleda,2015,8,29,0.0,2318.551612943411
Arboleda,2015,8,30,0.0,2355.1417483270166
Arboleda,2015,8,31,0.0,2380.601390847564
Arboleda,2015,9,1,0.0,2437.6385586082934
Arboleda,2015,9,2,0.0,2493.2259108364583
Arboleda,2015,9,3,0.0,2564.3256565123797
Arboleda,2015,9,4,0.0,2634.003346040845
Arboleda,2015,9,5,0.0,2658.8004373550416
Arboleda,2015,9,6,0.0,2722.0902024984357
Arboleda,2015,9,7,0.0,2778.10292648077
Arboleda,2015,9,8,0.0,2872.565256422758
Arboleda,2015,9,9,0.0,2861.8999373733996
Arboleda,2015,9,10,0.0,2804.5961978703735
Arboleda,2015,9,11,0.0,2862.7361888498067
Arboleda,2015,9,12,0.0,2894.1567510962486
Arboleda,2015,9,13,0.0,2764.507359397411
Arboleda,2015,9,14,0.0,2887.50572489202
Arboleda,2015,9,15,0.0,2922.4917352199554
Arboleda,2015,9,16,0.0,2958.4099301934243
Arboleda,2015,9,17,0.0,3016.2225237190723
Arboleda,2015,9,18,0.0,3020.6117723762986
Arboleda,2015,9,19,0.0,2969.289159798622
Arboleda,2015,9,20,0.0,2992.9401559114453
Arboleda,2015,9,21,0.0,3018.842111575603
Arboleda,2015,9,22,0.0,3056.852466088533
Arboleda,2015,9,23,0.0,3154.3813916325566
Arboleda,2015,9,24,0.0,3205.2741419672966
Arboleda,2015,9,25,0.0,3195.933517104387
Arboleda,2015,9,26,0.0,3226.938709139824
Arboleda,2015,9,27,0.0,3282.924898415804
Arboleda,2015,9,28,0.0,3390.3414719998837
Arboleda,2015,9,29,0.0,3403.3261284977198
Arboleda,2015,9,30,0.0,3332.628893905878
Arboleda,2015,10,1,0.0,3414.8015725433825
Arboleda,2015,10,2,0.0,3591.543128174543
Arboleda,2015,10,3,0.0,3628.6276255488397
Arboleda,2015,10,4,0.0,3582.2294462442396
Arboleda,2015,10,5,0.0,3628.7602990806104
Arboleda,2015,10,6,0.0,3725.065770548582
Arboleda,2015,10,7,0.0,3786.5691376149653
Arboleda,2015,10,8,0.0,3742.4778448581696
Arboleda,2015,10,9,0.0,3722.8833930075166
Arboleda,2015,10,10,0.0,3807.71076695919
Arboleda,2015,10,11,0.0,3894.111036658287
Arboleda,2015,10,12,0.0,3951.9787407279014
Arboleda,2015,10,13,0.0,3968.4600591838357
Arboleda,2015,10,14,0.0,3994.9841516554357
Arboleda,2015,10,15,0.0,3986.8241171121595
Arboleda,2015,10,16,0.0,3999.3248213887214
Arboleda,2015,10,17,0.0,4062.596624577045
Arboleda,2015,10,18,0.0,4090.1327099263667
Arboleda,2015,10,19,0.0,3963.0220772862435
Arboleda,2015,10,20,0.0,3950.2846017837524
Arboleda,2015,10,21,0.0,4059.3157101929187
Arboleda,2015,10,22,0.0,4009.3202411592006
Arboleda,2015,10,23,0.0,3968.524558931589
Arboleda,2015,10,24,0.0,4091.9489085197447
Arboleda,2015,10,25,0.0,3972.1042949318885
Arboleda,2015,10,26,0.0,4032.113553917408
Arboleda,2015,10,27,0.0,4139.612589204311
Arboleda,2015,10,28,0.0,4202.3418597042555
Arboleda,2015,10,29,0.0,4317.0322086393835
Arboleda,2015,10,30,0.0,4241.763044142723
Arboleda,2015,10,31,0.0,4200.603224098682
Arboleda,2015,11,1,0.0,4242.768505400419
Arboleda,2015,11,2,0.0,4208.742439103126
Arboleda,2015,11,3,0.0,4137.369794178009
Arboleda,2015,11,4,0.0,4065.2856108963488
Arboleda,2015,11,5,0.0,4119.431924456358
Arboleda,2015,11,6,0.0,4023.5036540448664
Arboleda,2015,11,7,0.0,4059.0789389669894
Arboleda,2015,11,8,0.0,4197.348027968406
Arboleda,2015,11,9,0.0,4151.5874980688095
Arboleda,2015,11,10,0.0,4166.834748566151
Arboleda,2015,11,11,0.0,4183.669999182224
Arboleda,2015,11,12,0.0,4136.643151450157
Arboleda,2015,11,13,0.0,4105.955151212215
Arboleda,2015,11,14,0.0,4147.606475663185
Arboleda,2015,11,15,0.0,4094.79628662467
Arboleda,2015,11,16,0.0,4008.8793568074702
Arboleda,2015,11,17,0.0,4156.059208428859
Arboleda,2015,11,18,0.0,4053.2996799230573
Arboleda,2015,11,19,0.0,4035.4385567367076
Arboleda,2015,11,20,0.0,4034.735182905197
Arboleda,2015,11,21,0.0,4089.189299058914
Arboleda,2015,11,22,0.0,4061.504211127758
Arboleda,2015,11,23,0.0,4047.3681524872777
Arboleda,2015,11,24,0.0,3922.7032033205032
Arboleda,2015,11,25,0.0,4027.874532520771
Arboleda,2015,11,26,0.0,4062.2443253219126
Arboleda,2015,11,27,0.0,4026.1612069427965
Arboleda,2015,11,28,0.0,4023.837583118677
Arboleda,2015,11,29,0.0,4057.28029410243
Arboleda,2015,11,30,0.0,4201.062886857986
Arboleda,2015,12,1,0.0,4122.553222376108
Arboleda,2015,12,2,0.0,4113.389359480142
Arboleda,2015,12,3,0.0,4143.923050194979
Arboleda,2015,12,4,0.0,4289.850463676453
Arboleda,2015,12,5,0.0,4195.147280246019
Arboleda,2015,12,6,0.0,4155.440337431431
Arboleda,2015,12,7,0.0,4153.626996421814
Arboleda,2015,12,8,0.0,4053.875687164068
Arboleda,2015,12,9,0.0,3994.457131564617
Arboleda,2015,12,10,0.0,4027.947196793556
Arboleda,2015,12,11,0.0,4000.8430148184298
Arboleda,2015,12,12,0.0,3981.688630867004
Arboleda,2015,12,13,0.0,4019.2287087380882
Arboleda,2015,12,14,0.0,4069.707925879955
Arboleda,2015,12,15,0.0,3918.7385099649428
Arboleda,2015,12,16,0.0,3887.372037696838
Arboleda,2015,12,17,0.0,3907.6433286726474
Arboleda,2015,12,18,0.0,3863.981489932537
Arboleda,2015,12,19,0.0,3815.481761884689
Arboleda,2015,12,20,0.0,3834.1805653393267
Arboleda,2015,12,21,0.0,3809.6286138892174
Arboleda,2015,12,22,0.0,3844.058007723093
Arboleda,2015,12,23,0.0,3764.279576051235
Arboleda,2015,12,24,0.0,3744.4601915359494
Arboleda,2015,12,25,0.0,3698.7580379903316
Arboleda,2015,12,26,0.0,3679.763678729534
Arboleda,2015,12,27,0.0,3736.658987867832
Arboleda,2015,12,28,0.0,3750.358244419098
Arboleda,2015,12,29,0.0,3579.77069953084
Arboleda,2015,12,30,0.0,3493.5251475811006
Arboleda,2015,12,31,0.0,3504.684420394897
Arboleda,2016,1,1,0.0,3535.0356339752675
Arboleda,2016,1,2,0.0,3554.776639050245
Arboleda,2016,1,3,0.0,3556.955342555046
Arboleda,2016,1,4,0.0,3545.8613859415054
Arboleda,2016,1,5,0.0,3411.689051488042
Arboleda,2016,1,6,0.0,3372.704669138789
Arboleda,2016,1,7,0.0,3494.0746201157567
Arboleda,2016,1,8,0.0,3509.1222479760645
Arboleda,2016,1,9,0.0,3440.5292155981065
Arboleda,2016,1,10,0.0,3484.7413433253764
Arboleda,2016,1,11,0.0,3432.7435245275497
Arboleda,2016,1,12,0.0,3350.0873018950224
Arboleda,2016,1,13,0.0,3372.8985766083
Arboleda,2016,1,14,0.0,3256.6786039084195
Arboleda,2016,1,15,0.0,3191.614483362436
Arboleda,2016,1,16,0.0,3236.9596430510283
Arboleda,2016,1,17,0.0,3185.1975749135017
Arboleda,2016,1,18,0.0,3195.371389555931
Arboleda,2016,1,19,0.0,3205.3570118963717
Arboleda,2016,1,20,0.0,3201.177183306217
Arboleda,2016,1,21,0.0,3108.498597970605
Arboleda,2016,1,22,0.0,3184.2588586479424
Arboleda,2016,1,23,0.0,3239.9105065107346
Arboleda,2016,1,24,0.0,3213.1796474426983
Arboleda,2016,1,25,0.0,3151.0118921518324
Arboleda,2016,1,26,0.0,3170.329158377647
Arboleda,2016,1,27,0.0,3188.322955095768
Arboleda,2016,1,28,0.0,3164.697064897418
Arboleda,2016,1,29,0.0,3112.5263622820376
Arboleda,2016,1,30,0.0,3068.444050502777
Arboleda,2016,1,31,0.0,3072.92290482223
Arboleda,2016,2,1,0.0,3066.5841717004773
Arboleda,2016,2,2,0.0,3078.75768263638
Arboleda,2016,2,3,0.0,3018.775978922844
Arboleda,2016,2,4,0.0,3010.4857202053067
Arboleda,2016,2,5,0.0,2937.3328005969524
Arboleda,2016,2,6,0.0,3115.727672547102
Arboleda,2016,2,7,0.0,2985.6788314610717
Arboleda,2016,2,8,0.0,3002.5191849052903
Arboleda,2016,2,9,0.0,3064.793895474076
Arboleda,2016,2,10,0.0,3037.9221983492375
Arboleda,2016,2,11,0.0,2948.0846636116503
Arboleda,2016,2,12,0.0,2936.8874257564544
Arboleda,2016,2,13,0.0,2924.0113574415445
Arboleda,2016,2,14,0.0,2959.678289157152
Arboleda,2016,2,15,0.0,2907.646995806694
Arboleda,2016,2,16,0.0,2930.1843507051467
Arboleda,2016,2,17,0.0,2952.9448012501
Arboleda,2016,2,18,0.0,2852.895078602433
Arboleda,2016,2,19,0.0,2969.530217400193
Arboleda,2016,2,20,0.0,3075.296944588423
Arboleda,2016,2,21,0.0,3015.586507219076
Arboleda,2016,2,22,0.0,3069.0845574915406
Arboleda,2016,2,23,0.0,3105.370972543955
Arboleda,2016,2,24,0.0,3021.891357561946
Arboleda,2016,2,25,0.0,3006.6739075809714
Arboleda,2016,2,26,0.0,2968.2326702594755
Arboleda,2016,2,27,0.0,2953.1719791591167
Arboleda,2016,2,28,0.0,2950.9197949290274
Arboleda,2016,2,29,0.0,3102.82690654397
Arboleda,2016,3,1,0.0,3060.0007069408894
Arboleda,2016,3,2,0.0,3118.579132914543
Arboleda,2016,3,3,0.0,3098.139652723074
Arboleda,2016,3,4,0.0,3038.31776958704
Arboleda,2016,3,5,0.0,3031.3803726673127
Arboleda,2016,3,6,0.0,3118.6179144084454
Arboleda,2016,3,7,0.0,2942.0776143193243
Arboleda,2016,3,8,0.0,2835.024974438548
Arboleda,2016,3,9,0.0,2747.7439566016196
Arboleda,2016,3,10,0.0,2739.8478403300046
Arboleda,2016,3,11,0.0,2665.8368291407824
Arboleda,2016,3,12,0.0,2558.3751465559003
Arboleda,2016,3,13,0.0,2426.192710965872
Arboleda,2016,3,14,0.0,2460.6710919499396
Arboleda,2016,3,15,0.0,2450.3605215132234
Arboleda,2016,3,16,0.0,2401.2145713090895
Arboleda,2016,3,17,0.0,2366.6057620376346
Arboleda,2016,3,18,0.0,2314.654481032491
Arboleda,2016,3,19,0.0,2277.0033656209707
Arboleda,2016,3,20,0.0,2292.483100968599
Arboleda,2016,3,21,0.0,2291.426611429453
Arboleda,2016,3,22,0.0,2239.372457408905
Arboleda,2016,3,23,0.0,2252.7577879726887
Arboleda,2016,3,24,0.0,2239.066900059581
Arboleda,2016,3,25,0.0,2202.9252012133597
Arboleda,2016,3,26,0.0,2192.711584511399
Arboleda,2016,3,27,0.0,2222.069787734747
Arboleda,2016,3,28,0.0,2200.4819670975207
Arboleda,2016,3,29,0.0,2183.0372346878053
Arboleda,2016,3,30,0.0,2235.5210468381642
Arboleda,2016,3,31,0.0,2218.5716969847676
Arboleda,2016,4,1,0.0,2236.5989682555196
Arboleda,2016,4,2,0.0,2228.0135619580747
Arboleda,2016,4,3,0.0,2262.410297691822
Arboleda,2016,4,4,0.0,2262.2957902282474
Arboleda,2016,4,5,0.0,2332.2806700110436
Arboleda,2016,4,6,0.0,2444.4034799367187
Arboleda,2016,4,7,0.0,2449.012762543559
Arboleda,2016,4,8,0.0,2518.499810412526
Arboleda,2016,4,9,0.0,2579.129573300481
Arboleda,2016,4,10,0.0,2587.2589908748864
Arboleda,2016,4,11,0.0,2646.383419460058
Arboleda,2016,4,12,0.0,2703.7381872445344
Arboleda,2016,4,13,0.0,2668.2263815045358
Arboleda,2016,4,14,0.0,2692.2741735339164
Arboleda,2016,4,15,0.0,2717.463978502154
Arboleda,2016,4,16,0.0,2735.4869633972644
Arboleda,2016,4,17,0.0,2730.1475681394336
Arboleda,2016,4,18,0.0,2842.0042145490647
Arboleda,2016,4,19,0.0,2842.9749765753745
Arboleda,2016,4,20,0.0,2708.4962683200833
Arboleda,2016,4,21,0.0,2908.0825732171534
Arboleda,2016,4,22,0.0,2897.1702772855756
Arboleda,2016,4,23,0.0,2942.2121248692274
Arboleda,2016,4,24,0.0,3203.1644286990163
Arboleda,2016,4,25,0.0,3219.348966670036
Arboleda,2016,4,26,0.0,3108.74190081656
Arboleda,2016,4,27,0.0,3049.1000454574823
Arboleda,2016,4,28,0.0,3032.0535377562046
Arboleda,2016,4,29,0.0,3098.8675201296805
Arboleda,2016,4,30,0.0,3129.1211676359176
Arboleda,2016,5,1,0.0,3024.947951620817
Arboleda,2016,5,2,0.0,3121.2640369713304
Arboleda,2016,5,3,0.0,3229.8207864761353
Arboleda,2016,5,4,0.0,3206.2491903692485
Arboleda,2016,5,5,0.0,3112.4816615074874
Arboleda,2016,5,6,0.0,3167.755904200673
Arboleda,2016,5,7,0.0,3268.420211470127
Arboleda,2016,5,8,0.0,3222.135110837221
Arboleda,2016,5,9,0.0,3191.9402479112146
Arboleda,2016,5,10,0.0,3288.5378052622077
Arboleda,2016,5,11,0.0,3303.4770490527153
Arboleda,2016,5,12,0.0,3327.4080883741376
Arboleda,2016,5,13,0.0,3298.2054193526506
Arboleda,2016,5,14,0.0,3268.3726531118155
Arboleda,2016,5,15,0.0,3296.5543482780454
Arboleda,2016,5,16,0.0,3354.6329012066126
Arboleda,2016,5,17,0.0,3394.954224529862
Arboleda,2016,5,18,0.0,3399.618413567543
Arboleda,2016,5,19,0.0,3380.4697447836397
Arboleda,2016,5,20,0.0,3446.7411944687365
Arboleda,2016,5,21,0.0,3440.970099949837
Arboleda,2016,5,22,0.0,3468.076323056221
Arboleda,2016,5,23,0.0,3698.707417935133
Arboleda,2016,5,24,0.0,3532.686291897297
Arboleda,2016,5,25,0.0,3528.9522463738917
Arboleda,2016,5,26,0.0,3577.9251086473464
Arboleda,2016,5,27,0.0,3796.571497231722
Arboleda,2016,5,28,0.0,3774.819569641352
Arboleda,2016,5,29,0.0,3548.471176367998
Arboleda,2016,5,30,0.0,3668.561133933067
Arboleda,2016,5,31,0.0,3729.551768827438
Arboleda,2016,6,1,0.0,3690.8837618231773
Arboleda,2016,6,2,0.0,3629.2477212250233
Arboleda,2016,6,3,0.0,3757.364223349094
Arboleda,2016,6,4,0.0,3750.3627349078656
Arboleda,2016,6,5,0.0,3799.2408886909484
Arboleda,2016,6,6,0.0,3859.3571029543878
Arboleda,2016,6,7,0.0,3858.576574361324
Arboleda,2016,6,8,0.0,3803.6399347782135
Arboleda,2016,6,9,0.0,3873.3796746969224
Arboleda,2016,6,10,0.0,3988.104314637184
Arboleda,2016,6,11,0.0,4062.6468364059924
Arboleda,2016,6,12,0.0,4060.0268403232094
Arboleda,2016,6,13,0.0,4029.5351969122885
Arboleda,2016,6,14,0.0,4098.192320811749
Arboleda,2016,6,15,0.0,4106.261729127168
Arboleda,2016,6,16,0.0,3995.6618072330953
Arboleda,2016,6,17,0.0,4021.769100701809
Arboleda,2016,6,18,0.0,4103.145738148689
Arboleda,2016,6,19,0.0,4041.2741510033607
Arboleda,2016,6,20,0.0,4024.249075180292
Arboleda,2016,6,21,0.0,3973.5118590474126
Arboleda,2016,6,22,0.0,3935.851354432106
Arboleda,2016,6,23,0.0,3973.6020770490168
Arboleda,2016,6,24,0.0,3947.1126838088035
Arboleda,2016,6,25,0.0,3886.4690412282944
Arboleda,2016,6,26,0.0,3899.2008015632628
Arboleda,2016,6,27,0.0,3888.2513570427896
Arboleda,2016,6,28,0.0,3884.132762390375
Arboleda,2016,6,29,0.0,3798.4256608664987
Arboleda,2016,6,30,0.0,3933.764501833916
Arboleda,2016,7,1,0.0,3935.263100403547
Arboleda,2016,7,2,0.0,3806.784093368053
Arboleda,2016,7,3,0.0,3884.9504395723343
Arboleda,2016,7,4,0.0,3894.1004227757453
Arboleda,2016,7,5,0.0,3826.672876346111
Arboleda,2016,7,6,0.0,3908.094418680668
Arboleda,2016,7,7,0.0,3773.3062749266624
Arboleda,2016,7,8,0.0,3616.2081582963465
Arboleda,2016,7,9,0.0,3603.486603617668
Arboleda,2016,7,10,0.0,3476.251461970806
Arboleda,2016,7,11,0.0,3387.3450913131237
Arboleda,2016,7,12,0.0,3300.59272647202
Arboleda,2016,7,13,0.0,3326.629192686081
Arboleda,2016,7,14,0.0,3273.1756390750406
Arboleda,2016,7,15,0.0,3220.977789413929
Arboleda,2016,7,16,0.0,3253.666506510973
Arboleda,2016,7,17,0.0,3267.2661558568475
Arboleda,2016,7,18,0.0,3172.8936356902122
Arboleda,2016,7,19,0.0,3253.5179121553897
Arboleda,2016,7,20,0.0,3390.207573789358
Arboleda,2016,7,21,0.0,3418.8952653944493
Arboleda,2016,7,22,0.0,3450.1511083483697
Arboleda,2016,7,23,0.0,3347.182568001747
Arboleda,2016,7,24,0.0,3253.7432530462743
Arboleda,2016,7,25,0.0,3290.930419322848
Arboleda,2016,7,26,0.0,3288.8980649292466
Arboleda,2016,7,27,0.0,3261.384023797512
Arboleda,2016,7,28,0.0,3261.684478318691
Arboleda,2016,7,29,0.0,3291.7201330065727
Arboleda,2016,7,30,0.0,3240.1734042167664
Arboleda,2016,7,31,0.0,3303.3656032860276
Arboleda,2016,8,1,0.0,3310.8138953596354
Arboleda,2016,8,2,0.0,3373.9622101068494
Arboleda,2016,8,3,0.0,3417.36155936718
Arboleda,2016,8,4,0.0,3426.883844912052
Arboleda,2016,8,5,0.0,3454.957156008482
Arboleda,2016,8,6,0.0,3571.9609231114387
Arboleda,2016,8,7,0.0,3616.3747146070004
Arboleda,2016,8,8,0.0,3451.6729758143424
Arboleda,2016,8,9,0.0,3379.217714869976
Arboleda,2016,8,10,0.0,3512.257425588369
Arboleda,2016,8,11,0.0,3532.2188728392125
Arboleda,2016,8,12,0.0,3428.7551540493964
Arboleda,2016,8,13,0.0,3401.9838805824515
Arboleda,2016,8,14,0.0,3422.779538178444
Arboleda,2016,8,15,0.0,3492.6682806789872
Arboleda,2016,8,16,0.0,3376.2145984500644
Arboleda,2016,8,17,0.0,3400.2344269812106
Arboleda,2016,8,18,0.0,3336.748713237047
Arboleda,2016,8,19,0.0,3318.8912640869617
Arboleda,2016,8,20,0.0,3212.4985219419
Arboleda,2016,8,21,0.0,3174.7516774743794
Arboleda,2016,8,22,0.0,3135.5944113075734
Arboleda,2016,8,23,0.0,3155.3772595733403
Arboleda,2016,8,24,0.0,3175.4338235408068
Arboleda,2016,8,25,0.0,3146.6087638020513
Arboleda,2016,8,26,0.0,3099.0130527883766
Arboleda,2016,8,27,0.0,3253.130709555745
Arboleda,2016,8,28,0.0,3286.301745969057
Arboleda,2016,8,29,0.0,3212.6454833924768
Arboleda,2016,8,30,0.0,3133.3879484176637
Arboleda,2016,8,31,0.0,3112.9041756778956
Arboleda,2016,9,1,0.0,2950.389917254448
Arboleda,2016,9,2,0.0,2882.3006360709664
Arboleda,2016,9,3,0.0,2849.495574492216
Arboleda,2016,9,4,0.0,2688.8885491162537
Arboleda,2016,9,5,0.0,2823.99408878088
Arboleda,2016,9,6,0.0,2756.53959941864
Arboleda,2016,9,7,0.0,2824.771963903308
Arboleda,2016,9,8,0.0,2881.6531892359258
Arboleda,2016,9,9,0.0,2809.0883195430038
Arboleda,2016,9,10,0.0,2752.365485996008
Arboleda,2016,9,11,0.0,2850.372036254406
Arboleda,2016,9,12,0.0,2850.339990493655
Arboleda,2016,9,13,0.0,2802.5224085122345
Arboleda,2016,9,14,0.0,2865.459262061119
Arboleda,2016,9,15,0.0,2940.6431072711944
Arboleda,2016,9,16,0.0,2900.7459310233594
Arboleda,2016,9,17,0.0,2890.002436646819
Arboleda,2016,9,18,0.0,3002.982521700859
Arboleda,2016,9,19,0.0,3087.3861568033694
Arboleda,2016,9,20,0.0,3122.0523218631743
Arboleda,2016,9,21,0.0,3159.669962722063
Arboleda,2016,9,22,0.0,3136.7178499519823
Arboleda,2016,9,23,0.0,3185.209413474798
Arboleda,2016,9,24,0.0,3224.0631634235383
Arboleda,2016,9,25,0.0,3288.8666315078735
Arboleda,2016,9,26,0.0,3371.193211442232
Arboleda,2016,9,27,0.0,3211.459177905321
Arboleda,2016,9,28,0.0,3333.896232303977
Arboleda,2016,9,29,0.0,3313.66372282207
Arboleda,2016,9,30,0.0,3329.194690564275
Arboleda,2016,10,1,0.0,3347.3738220006226
Arboleda,2016,10,2,0.0,3202.533719140291
Arboleda,2016,10,3,0.0,3322.3805779725312
Arboleda,2016,10,4,0.0,3598.2906998872754
Arboleda,2016,10,5,0.0,3797.175672084093
Arboleda,2016,10,6,0.0,3679.93595020771
Arboleda,2016,10,7,0.0,3548.504242694378
Arboleda,2016,10,8,0.0,3528.662813961506
Arboleda,2016,10,9,0.0,3571.5976017475127
Arboleda,2016,10,10,0.0,3562.7701172828674
Arboleda,2016,10,11,0.0,3604.1160884976384
Arboleda,2016,10,12,0.0,3652.531721937656
Arboleda,2016,10,13,0.0,3576.7057368338105
Arboleda,2016,10,14,0.0,3588.0670816421507
Arboleda,2016,10,15,0.0,3615.5574456512927
Arboleda,2016,10,16,0.0,3658.9298519790173
Arboleda,2016,10,17,0.0,3812.222891718149
Arboleda,2016,10,18,0.0,3768.3846992373465
Arboleda,2016,10,19,0.0,3618.1333532989024
Arboleda,2016,10,20,0.0,3638.650396478176
Arboleda,2016,10,21,0.0,3822.9045398175717
Arboleda,2016,10,22,0.0,4040.1066239237784
Arboleda,2016,10,23,0.0,3957.1060624480247
Arboleda,2016,10,24,0.0,3642.758377248049
Arboleda,2016,10,25,0.0,3712.271551597118
Arboleda,2016,10,26,0.0,3868.7095663785935
Arboleda,2016,10,27,0.0,3824.675425297022
Arboleda,2016,10,28,0.0,3823.4809552848337
Arboleda,2016,10,29,0.0,3899.6927141964434
Arboleda,2016,10,30,0.0,3848.114551985264
Arboleda,2016,10,31,0.0,3782.698744523525
Arboleda,2016,11,1,0.0,3782.26684114933
Arboleda,2016,11,2,0.0,3840.2823231220245
Arboleda,2016,11,3,0.0,3738.008583855629
Arboleda,2016,11,4,0.0,3747.411259108782
Arboleda,2016,11,5,0.0,3994.3656888842584
Arboleda,2016,11,6,0.0,3972.7362291693685
Arboleda,2016,11,7,0.0,3879.2156771898267
Arboleda,2016,11,8,0.0,3924.086273860931
Arboleda,2016,11,9,0.0,3967.4888889312742
Arboleda,2016,11,10,0.0,3963.1053554415703
Arboleda,2016,11,11,0.0,3904.6485808908938
Arboleda,2016,11,12,0.0,3940.0552683711053
Arboleda,2016,11,13,0.0,3975.646065890789
Arboleda,2016,11,14,0.0,3918.5911402881143
Arboleda,2016,11,15,0.0,3844.6201352715493
Arboleda,2016,11,16,0.0,3882.5292496740817
Arboleda,2016,11,17,0.0,4002.984161508083
Arboleda,2016,11,18,0.0,4036.0725321054456
Arboleda,2016,11,19,0.0,3959.708096575737
Arboleda,2016,11,20,0.0,4023.6706185817716
Arboleda,2016,11,21,0.0,4013.512316536903
Arboleda,2016,11,22,0.0,3976.2992278933525
Arboleda,2016,11,23,0.0,4041.548479044437
Arboleda,2016,11,24,0.0,4013.3094280898567
Arboleda,2016,11,25,0.0,4031.0064443230626
Arboleda,2016,11,26,0.0,3866.8656084001063
Arboleda,2016,11,27,0.0,3777.6898084163663
Arboleda,2016,11,28,0.0,3904.807380902767
Arboleda,2016,11,29,0.0,3881.9336475729942
Arboleda,2016,11,30,0.0,3841.8262348055837
Arboleda,2016,12,1,0.0,3835.636708378792
Arboleda,2016,12,2,0.0,3875.448565340042
Arboleda,2016,12,3,0.0,3890.908501714468
Arboleda,2016,12,4,0.0,3862.613523763418
Arboleda,2016,12,5,0.0,3716.272985315323
Arboleda,2016,12,6,0.0,3673.6206900954244
Arboleda,2016,12,7,0.0,3638.657744550705
Arboleda,2016,12,8,0.0,3596.017287892103
Arboleda,2016,12,9,0.0,3463.597264623642
Arboleda,2016,12,10,0.0,3419.063454610109
Arboleda,2016,12,11,0.0,3452.2106097877027
Arboleda,2016,12,12,0.0,3432.8545620679856
Arboleda,2016,12,13,0.0,3302.2956422805787
Arboleda,2016,12,14,0.0,3307.9126313894985
Arboleda,2016,12,15,0.0,3306.328713533282
Arboleda,2016,12,16,0.0,3332.9409828752277
Arboleda,2016,12,17,0.0,3185.0461229741572
Arboleda,2016,12,18,0.0,3101.7051008045673
Arboleda,2016,12,19,0.0,3236.9851571917534
Arboleda,2016,12,20,0.0,3252.3279326319694
Arboleda,2016,12,21,0.0,3164.2784288764
Arboleda,2016,12,22,0.0,3133.5449114114044
Arboleda,2016,12,23,0.0,3186.1389446496964
Arboleda,2016,12,24,0.0,3188.018010085821
Arboleda,2016,12,25,0.0,3100.9174282521008
Arboleda,2016,12,26,0.0,2991.965515735745
Arboleda,2016,12,27,0.0,2837.7937689900396
Arboleda,2016,12,28,0.0,2770.7456688612697
Arboleda,2016,12,29,0.0,2742.8758585512637
Arboleda,2016,12,30,0.0,2730.6947954297066
Arboleda,2016,12,31,0.0,2632.367379337549
Arboleda,2017,1,1,0.0,2732.5277312994003
Arboleda,2017,1,2,0.0,2789.9125037133695
Arboleda,2017,1,3,0.0,2717.22598259747
Arboleda,2017,1,4,0.0,2569.679747915268
Arboleda,2017,1,5,0.0,2589.7901977479455
Arboleda,2017,1,6,0.0,2682.377544516325
Arboleda,2017,1,7,0.0,2727.0940357774493
Arboleda,2017,1,8,0.0,2644.971773082018
Arboleda,2017,1,9,0.0,2597.4711787849665
Arboleda,2017,1,10,0.0,2483.813029927015
Arboleda,2017,1,11,0.0,2333.0060880601404
Arboleda,2017,1,12,0.0,2223.34712767601
Arboleda,2017,1,13,0.0,2226.88746984303
Arboleda,2017,1,14,0.0,2273.880843022466
Arboleda,2017,1,15,0.0,2144.201854920387
Arboleda,2017,1,16,0.0,2047.1656584620475
Arboleda,2017,1,17,0.0,2002.9772078573703
Arboleda,2017,1,18,0.0,1957.0744111090899
Arboleda,2017,1,19,0.0,2059.6414609372614
Arboleda,2017,1,20,0.0,1991.4486943989991
Arboleda,2017,1,21,0.0,1989.3581677645445
Arboleda,2017,1,22,0.0,1933.8408263385295
Arboleda,2017,1,23,0.0,1952.2187639594079
Arboleda,2017,1,24,0.0,2011.2650172173976
Arboleda,2017,1,25,0.0,2034.5531001925467
Arboleda,2017,1,26,0.0,1993.0473084002733
Arboleda,2017,1,27,0.0,2029.1643095582722
Arboleda,2017,1,28,0.0,2089.855306383967
Arboleda,2017,1,29,0.0,2148.7907262146473
Arboleda,2017,1,30,0.0,2090.2359773635862
Arboleda,2017,1,31,0.0,2108.0803632736206
Arboleda,2017,2,1,0.0,2199.0997130095957
Arboleda,2017,2,2,0.0,2237.6840336322784
Arboleda,2017,2,3,0.0,2249.991851004958
Arboleda,2017,2,4,0.0,2240.264839994907
Arboleda,2017,2,5,0.0,2268.3838724315165
Arboleda,2017,2,6,0.0,2272.0983230948445
Arboleda,2017,2,7,0.0,2179.4587233662605
Arboleda,2017,2,8,0.0,2168.256995022297
Arboleda,2017,2,9,0.0,2208.9549070626495
Arboleda,2017,2,10,0.0,2238.7466465651987
Arboleda,2017,2,11,0.0,2245.2364234000443
Arboleda,2017,2,12,0.0,2291.483763104677
Arboleda,2017,2,13,0.0,2274.31131760478
Arboleda,2017,2,14,0.0,2207.2279059052466
Arboleda,2017,2,15,0.0,2210.1977518856525
Arboleda,2017,2,16,0.0,2230.867063456774
Arboleda,2017,2,17,0.0,2201.4580360651016
Arboleda,2017,2,18,0.0,2150.808384463191
Arboleda,2017,2,19,0.0,2123.8407541692254
Arboleda,2017,2,20,0.0,2227.094644665718
Arboleda,2017,2,21,0.0,2171.3884985983373
Arboleda,2017,2,22,0.0,2181.539248457551
Arboleda,2017,2,23,0.0,2181.8864448845384
Arboleda,2017,2,24,0.0,2158.317706361413
Arboleda,2017,2,25,0.0,2137.803316652775
Arboleda,2017,2,26,0.0,2045.5368357181549
Arboleda,2017,2,27,0.0,2063.6277902841566
Arboleda,2017,2,28,0.0,2066.9517725378273
Arboleda,2017,3,1,0.0,1973.6116565614939
Arboleda,2017,3,2,0.0,2014.2960971355437
Arboleda,2017,3,3,0.0,1942.0692387789488
Arboleda,2017,3,4,0.0,1984.0067298322915
Arboleda,2017,3,5,0.0,1995.158246347308
Arboleda,2017,3,6,0.0,2034.1032348632812
Arboleda,2017,3,7,0.0,2037.059609377384
Arboleda,2017,3,8,0.0,2010.3518150925636
Arboleda,2017,3,9,0.0,2017.0891811490058
Arboleda,2017,3,10,0.0,1990.5505966454743
Arboleda,2017,3,11,0.0,1977.4065277963875
Arboleda,2017,3,12,0.0,1961.3422124564647
Arboleda,2017,3,13,0.0,1909.4568599909544
Arboleda,2017,3,14,0.0,1934.9683472454547
Arboleda,2017,3,15,0.0,1899.4763404786586
Arboleda,2017,3,16,0.0,1934.6209467053413
Arboleda,2017,3,17,0.0,1945.82145037055
Arboleda,2017,3,18,0.0,1954.7969168514012
Arboleda,2017,3,19,0.0,2007.5628133416176
Arboleda,2017,3,20,0.0,2112.5926921457053
Arboleda,2017,3,21,0.0,2142.0423380494117
Arboleda,2017,3,22,0.0,2140.321256172657
Arboleda,2017,3,23,0.0,2130.3817633986473
Arboleda,2017,3,24,0.0,2190.3501997590065
Arboleda,2017,3,25,0.0,2252.8820928663013
Arboleda,2017,3,26,0.0,2223.8006670415402
Arboleda,2017,3,27,0.0,2259.274303627014
Arboleda,2017,3,28,0.0,2308.5494574397803
Arboleda,2017,3,29,0.0,2310.7865372985602
Arboleda,2017,3,30,0.0,2344.393559348583
Arboleda,2017,3,31,0.0,2451.252087646723
Arboleda,2017,4,1,0.0,2488.610504835844
Arboleda,2017,4,2,0.0,2504.417841750383
Arboleda,2017,4,3,0.0,2439.2935078322885
Arboleda,2017,4,4,0.0,2394.7445934474467
Arboleda,2017,4,5,0.0,2451.625410553813
Arboleda,2017,4,6,0.0,2452.5927026569843
Arboleda,2017,4,7,0.0,2420.4999958872795
Arboleda,2017,4,8,0.0,2348.2227215886114
Arboleda,2017,4,9,0.0,2421.33073630929
Arboleda,2017,4,10,0.0,2493.840903684497
Arboleda,2017,4,11,0.0,2472.3361570894717
Arboleda,2017,4,12,0.0,2439.444959771633
Arboleda,2017,4,13,0.0,2536.322968557477
Arboleda,2017,4,14,0.0,2544.855305442214
Arboleda,2017,4,15,0.0,2552.6852890610694
Arboleda,2017,4,16,0.0,2530.0401624321935
Arboleda,2017,4,17,0.0,2573.7744613319633
Arboleda,2017,4,18,0.0,2518.7157620996236
Arboleda,2017,4,19,0.0,2491.4962562084197
Arboleda,2017,4,20,0.0,2524.1059815257786
Arboleda,2017,4,21,0.0,2597.8853243172166
Arboleda,2017,4,22,0.0,2525.4137343227862
Arboleda,2017,4,23,0.0,2596.0619817644356
Arboleda,2017,4,24,0.0,2651.855080023408
Arboleda,2017,4,25,0.0,2633.492859113216
Arboleda,2017,4,26,0.0,2609.7402146637437
Arboleda,2017,4,27,0.0,2651.7607797592877
Arboleda,2017,4,28,0.0,2700.4597222179173
Arboleda,2017,4,29,0.0,2685.735001322627
Arboleda,2017,4,30,0.0,2677.0428438603876
Arboleda,2017,5,1,0.0,2732.130935382843
Arboleda,2017,5,2,0.0,2704.079056164622
Arboleda,2017,5,3,0.0,2699.8247262835503
Arboleda,2017,5,4,0.0,2720.1070393681525
Arboleda,2017,5,5,0.0,2726.9019653260707
Arboleda,2017,5,6,0.0,2682.2897758722306
Arboleda,2017,5,7,0.0,2735.115273395181
Arboleda,2017,5,8,0.0,2857.7788933634756
Arboleda,2017,5,9,0.0,2862.3269420325755
Arboleda,2017,5,10,0.0,2880.3889125347137
Arboleda,2017,5,11,0.0,2866.992151635885
Arboleda,2017,5,12,0.0,2848.4970530807973
Arboleda,2017,5,13,0.0,2787.7272685885428
Arboleda,2017,5,14,0.0,2863.5356999635696
Arboleda,2017,5,15,0.0,2855.8939086467026
Arboleda,2017,5,16,0.0,2863.0556258916854
Arboleda,2017,5,17,0.0,2881.4045794486997
Arboleda,2017,5,18,0.0,2903.7174099087715
Arboleda,2017,5,19,0.0,2922.2051603913305
Arboleda,2017,5,20,0.0,2946.828959661722
Arboleda,2017,5,21,0.0,3014.37591226995
Arboleda,2017,5,22,0.0,3060.022751158476
Arboleda,2017,5,23,0.0,3080.9094432085753
Arboleda,2017,5,24,0.0,3054.385963076353
Arboleda,2017,5,25,0.0,3001.6278228849174
Arboleda,2017,5,26,0.0,3006.1711769521235
Arboleda,2017,5,27,0.0,2969.766172173619
Arboleda,2017,5,28,0.0,2990.7677799135445
Arboleda,2017,5,29,0.0,2954.5779103696345
Arboleda,2017,5,30,0.0,2877.123510748148
Arboleda,2017,5,31,0.0,2946.1790634691715
Arboleda,2017,6,1,0.0,3016.3976527810096
Arboleda,2017,6,2,0.0,3019.0349984794852
Arboleda,2017,6,3,0.0,2980.3769930183885
Arboleda,2017,6,4,0.0,3006.966809916496
Arboleda,2017,6,5,0.0,3018.4959357142448
Arboleda,2017,6,6,0.0,3077.7375252336265
Arboleda,2017,6,7,0.0,3082.8413739442826
Arboleda,2017,6,8,0.0,3049.9824265003203
Arboleda,2017,6,9,0.0,3103.6780582785605
Arboleda,2017,6,10,0.0,3099.220023497939
Arboleda,2017,6,11,0.0,3087.9358334511517
Arboleda,2017,6,12,0.0,3101.673667383194
Arboleda,2017,6,13,0.0,3099.489656937122
Arboleda,2017,6,14,0.0,3051.75576133728
Arboleda,2017,6,15,0.0,3076.6200058698655
Arboleda,2017,6,16,0.0,3062.6886726945636
Arboleda,2017,6,17,0.0,3118.1509035766126
Arboleda,2017,6,18,0.0,3134.984929513931
Arboleda,2017,6,19,0.0,3211.9655825704335
Arboleda,2017,6,20,0.0,3156.0689989566804
Arboleda,2017,6,21,0.0,3243.8600954949857
Arboleda,2017,6,22,0.0,3296.7747904539106
Arboleda,2017,6,23,0.0,3316.9121832191945
Arboleda,2017,6,24,0.0,3283.6478671073914
Arboleda,2017,6,25,0.0,3258.769334656
Arboleda,2017,6,26,0.0,3300.964416474104
Arboleda,2017,6,27,0.0,3295.394985723495
Arboleda,2017,6,28,0.0,3373.0502326607702
Arboleda,2017,6,29,0.0,3336.323341482878
Arboleda,2017,6,30,0.0,3313.799458050728
Arboleda,2017,7,1,0.0,3275.455174463987
Arboleda,2017,7,2,0.0,3281.083185681701
Arboleda,2017,7,3,0.0,3223.577986523509
Arboleda,2017,7,4,0.0,3192.996533337235
Arboleda,2017,7,5,0.0,3229.3337725579736
Arboleda,2017,7,6,0.0,3205.3582365751267
Arboleda,2017,7,7,0.0,3261.204404246807
Arboleda,2017,7,8,0.0,3297.007479417324
Arboleda,2017,7,9,0.0,3318.084200787544
Arboleda,2017,7,10,0.0,3292.8315289765596
Arboleda,2017,7,11,0.0,3301.3193691998717
Arboleda,2017,7,12,0.0,3304.4286244452
Arboleda,2017,7,13,0.0,3231.145888888836
Arboleda,2017,7,14,0.0,3282.120284473896
Arboleda,2017,7,15,0.0,3328.1729002565144
Arboleda,2017,7,16,0.0,3399.320816630125
Arboleda,2017,7,17,0.0,3419.162245362997
Arboleda,2017,7,18,0.0,3455.9356743335725
Arboleda,2017,7,19,0.0,3495.738958543539
Arboleda,2017,7,20,0.0,3516.9405971467495
Arboleda,2017,7,21,0.0,3506.0989243566987
Arboleda,2017,7,22,0.0,3448.9843977212904
Arboleda,2017,7,23,0.0,3493.154886370897
Arboleda,2017,7,24,0.0,3482.3270932734013
Arboleda,2017,7,25,0.0,3508.8707806050775
Arboleda,2017,7,26,0.0,3521.5519208848477
Arboleda,2017,7,27,0.0,3538.5325000464914
Arboleda,2017,7,28,0.0,3562.6427506923674
Arboleda,2017,7,29,0.0,3561.1241490364073
Arboleda,2017,7,30,0.0,3553.658507347107
Arboleda,2017,7,31,0.0,3531.136665046215
Arboleda,2017,8,1,0.0,3536.7256906569005
Arboleda,2017,8,2,0.0,3456.887249726057
Arboleda,2017,8,3,0.0,3384.138065880537
Arboleda,2017,8,4,0.0,3280.302861201763
Arboleda,2017,8,5,0.0,3293.299968600273
Arboleda,2017,8,6,0.0,3210.188777810335
Arboleda,2017,8,7,0.0,3142.638355278969
Arboleda,2017,8,8,0.0,3055.3457029938695
Arboleda,2017,8,9,0.0,2978.926973372698
Arboleda,2017,8,10,0.0,2919.372886657715
Arboleda,2017,8,11,0.0,2893.1647613048553
Arboleda,2017,8,12,0.0,2845.4663813889024
Arboleda,2017,8,13,0.0,2796.690692394972
Arboleda,2017,8,14,0.0,2789.5561221957205
Arboleda,2017,8,15,0.0,2800.1871502399445
Arboleda,2017,8,16,0.0,2825.824371179938
Arboleda,2017,8,17,0.0,2884.610992541909
Arboleda,2017,8,18,0.0,3001.8994974553584
Arboleda,2017,8,19,0.0,2764.7175959169863
Arboleda,2017,8,20,0.0,2798.530363997817
Arboleda,2017,8,21,0.0,2805.8441455215216
Arboleda,2017,8,22,0.0,2913.8851011574266
Arboleda,2017,8,23,0.0,3005.8113255113362
Arboleda,2017,8,24,0.0,2996.6462379366158
Arboleda,2017,8,25,0.0,2950.1376334309575
Arboleda,2017,8,26,0.0,2998.8631105959416
Arboleda,2017,8,27,0.0,3100.520019996166
Arboleda,2017,8,28,0.0,3095.625387239456
Arboleda,2017,8,29,0.0,3074.969343021512
Arboleda,2017,8,30,0.0,3088.5455193579196
Arboleda,2017,8,31,0.0,3113.2938276350496
Arboleda,2017,9,1,0.0,3175.6009921908376
Arboleda,2017,9,2,0.0,3189.8656421005726
Arboleda,2017,9,3,0.0,3195.490183395147
Arboleda,2017,9,4,0.0,3228.8334912866353
Arboleda,2017,9,5,0.0,3200.5423914849757
Arboleda,2017,9,6,0.0,3307.8613989949226
Arboleda,2017,9,7,0.0,3441.8894254684446
Arboleda,2017,9,8,0.0,3430.7477063834667
Arboleda,2017,9,9,0.0,3355.4548647642137
Arboleda,2017,9,10,0.0,3451.4717202723027
Arboleda,2017,9,11,0.0,3522.4340978145597
Arboleda,2017,9,12,0.0,3426.0996422827243
Arboleda,2017,9,13,0.0,3533.7754395365714
Arboleda,2017,9,14,0.0,3678.7329074442387
Arboleda,2017,9,15,0.0,3620.839893347025
Arboleda,2017,9,16,0.0,3690.2248846530915
Arboleda,2017,9,17,0.0,3760.946816933155
Arboleda,2017,9,18,0.0,3728.3266818463803
Arboleda,2017,9,19,0.0,3825.5396402716638
Arboleda,2017,9,20,0.0,3985.2802054286003
Arboleda,2017,9,21,0.0,4033.471314430237
Arboleda,2017,9,22,0.0,3851.0415342092515
Arboleda,2017,9,23,0.0,3786.7499818444253
Arboleda,2017,9,24,0.0,3946.5554549753665
Arboleda,2017,9,25,0.0,4002.5869573652744
Arboleda,2017,9,26,0.0,4002.1848545074463
Arboleda,2017,9,27,0.0,3947.836468952894
Arboleda,2017,9,28,0.0,4080.798616683483
Arboleda,2017,9,29,0.0,4201.22944316864
Arboleda,2017,9,30,0.0,4207.038910955191
Arboleda,2017,10,1,0.0,4069.2523453831673
Arboleda,2017,10,2,0.0,4084.7951516866683
Arboleda,2017,10,3,0.0,4059.2916248440742
Arboleda,2017,10,4,0.0,4078.836681318283
Arboleda,2017,10,5,0.0,4068.3848645985126
Arboleda,2017,10,6,0.0,4112.610463792085
Arboleda,2017,10,7,0.0,4201.424167090654
Arboleda,2017,10,8,0.0,4004.3598839759825
Arboleda,2017,10,9,0.0,4296.726626658439
Arboleda,2017,10,10,0.0,4305.124248880148
Arboleda,2017,10,11,0.0,4269.166047734022
Arboleda,2017,10,12,0.0,4264.881713223457
Arboleda,2017,10,13,0.0,4420.464085781574
Arboleda,2017,10,14,0.0,4364.839993190765
Arboleda,2017,10,15,0.0,4555.729854249954
Arboleda,2017,10,16,0.0,4607.898719847202
Arboleda,2017,10,17,0.0,4423.815623307228
Arboleda,2017,10,18,0.0,4181.81910135746
Arboleda,2017,10,19,0.0,4308.479868668318
Arboleda,2017,10,20,0.0,4339.263802075386
Arboleda,2017,10,21,0.0,4550.9617716312405
Arboleda,2017,10,22,0.0,4333.653140473366
Arboleda,2017,10,23,0.0,4331.617724382877
Arboleda,2017,10,24,0.0,4303.923655474186
Arboleda,2017,10,25,0.0,4234.637454921007
Arboleda,2017,10,26,0.0,4630.213999664783
Arboleda,2017,10,27,0.0,4736.034408605098
Arboleda,2017,10,28,0.0,4597.326476383209
Arboleda,2017,10,29,0.0,4583.639466619491
Arboleda,2017,10,30,0.0,4626.141126352549
Arboleda,2017,10,31,0.0,4424.592069637775
Arboleda,2017,11,1,0.0,4104.961528515815
Arboleda,2017,11,2,0.0,4270.529931640624
Arboleda,2017,11,3,0.0,4254.507867717743
Arboleda,2017,11,4,0.0,4280.57270565629
Arboleda,2017,11,5,0.0,4206.431470292807
Arboleda,2017,11,6,0.0,4036.508925968408
Arboleda,2017,11,7,0.0,4013.7633756816385
Arboleda,2017,11,8,0.0,4017.6043764829633
Arboleda,2017,11,9,0.0,3986.9865911602974
Arboleda,2017,11,10,0.0,4049.474599945545
Arboleda,2017,11,11,0.0,4015.2182940423486
Arboleda,2017,11,12,0.0,4080.827600747347
Arboleda,2017,11,13,0.0,4330.888632297516
Arboleda,2017,11,14,0.0,4321.87499666214
Arboleda,2017,11,15,0.0,3997.5420973479745
Arboleda,2017,11,16,0.0,3990.131974428892
Arboleda,2017,11,17,0.0,4135.756484031677
Arboleda,2017,11,18,0.0,4272.953979122639
Arboleda,2017,11,19,0.0,4275.906679600477
Arboleda,2017,11,20,0.0,3965.6947345554827
Arboleda,2017,11,21,0.0,3995.491576886177
Arboleda,2017,11,22,0.0,4042.440453404188
Arboleda,2017,11,23,0.0,3939.6568395495415
Arboleda,2017,11,24,0.0,3763.344737935066
Arboleda,2017,11,25,0.0,3610.377462744713
Arboleda,2017,11,26,0.0,3528.8212057471274
Arboleda,2017,11,27,0.0,3405.501157966256
Arboleda,2017,11,28,0.0,3396.7838945895433
Arboleda,2017,11,29,0.0,3347.36035053432
Arboleda,2017,11,30,0.0,3293.0111485272646
Arboleda,2017,12,1,0.0,3224.404032343626
Arboleda,2017,12,2,0.0,3201.220251175761
Arboleda,2017,12,3,0.0,3125.6153205871583
Arboleda,2017,12,4,0.0,3050.6462023854256
Arboleda,2017,12,5,0.0,2905.559734982252
Arboleda,2017,12,6,0.0,2778.470330107212
Arboleda,2017,12,7,0.0,2668.979558938742
Arboleda,2017,12,8,0.0,2550.05345441699
Arboleda,2017,12,9,0.0,2414.8211605012416
Arboleda,2017,12,10,0.0,2308.0130481451747
Arboleda,2017,12,11,0.0,2168.2441358953715
Arboleda,2017,12,12,0.0,2091.081822156906
Arboleda,2017,12,13,0.0,2006.039517083764
Arboleda,2017,12,14,0.0,1912.1546231746672
Arboleda,2017,12,15,0.0,1864.4827779650689
Arboleda,2017,12,16,0.0,1771.587016263604
Arboleda,2017,12,17,0.0,1753.6907856196165
Arboleda,2017,12,18,0.0,1705.1700339198112
Arboleda,2017,12,19,0.0,1646.9312521874904
Arboleda,2017,12,20,0.0,1551.3771211355925
Arboleda,2017,12,21,0.0,1488.0030572712421
Arboleda,2017,12,22,0.0,1397.8499636411666
Arboleda,2017,12,23,0.0,1360.8656858116387
Arboleda,2017,12,24,0.0,1312.3586096912622
Arboleda,2017,12,25,0.0,1268.9486465483903
Arboleda,2017,12,26,0.0,1221.05084810853
Arboleda,2017,12,27,0.0,1197.5821250170468
Arboleda,2017,12,28,0.0,1149.6051306843758
Arboleda,2017,12,29,0.0,1104.376723703742
Arboleda,2017,12,30,0.0,1083.2091719925404
Arboleda,2017,12,31,0.0,1041.2608629435301
Arboleda,2018,1,1,0.0,1058.4528012469411
Arboleda,2018,1,2,0.0,1017.916240632534
Arboleda,2018,1,3,0.0,1043.6885844618082
Arboleda,2018,1,4,0.0,1060.7683626025914
Arboleda,2018,1,5,0.0,1083.1131367668509
Arboleda,2018,1,6,0.0,1130.7383421272039
Arboleda,2018,1,7,0.0,1235.0303519815207
Arboleda,2018,1,8,0.0,1252.9378088474273
Arboleda,2018,1,9,0.0,1269.6969252675772
Arboleda,2018,1,10,0.0,1305.559601470828
Arboleda,2018,1,11,0.0,1327.766293105483
Arboleda,2018,1,12,0.0,1401.265592688322
Arboleda,2018,1,13,0.0,1428.241795733571
Arboleda,2018,1,14,0.0,1397.8634351074695
Arboleda,2018,1,15,0.0,1441.2311468333005
Arboleda,2018,1,16,0.0,1484.2124724119901
Arboleda,2018,1,17,0.0,1532.7415927499533
Arboleda,2018,1,18,0.0,1528.567479327321
Arboleda,2018,1,19,0.0,1538.659444606304
Arboleda,2018,1,20,0.0,1584.9870007693767
Arboleda,2018,1,21,0.0,1635.5143886089324
Arboleda,2018,1,22,0.0,1646.8277668327094
Arboleda,2018,1,23,0.0,1681.4226964116096
Arboleda,2018,1,24,0.0,1670.6955310851336
Arboleda,2018,1,25,0.0,1701.3574048429728
Arboleda,2018,1,26,0.0,1747.9588808208703
Arboleda,2018,1,27,0.0,1768.6377857089042
Arboleda,2018,1,28,0.0,1759.9439953416586
Arboleda,2018,1,29,0.0,1760.1070817291736
Arboleda,2018,1,30,0.0,1762.129230466485
Arboleda,2018,1,31,0.0,1759.0926394939422
Arboleda,2018,2,1,0.0,1779.6192759901285
Arboleda,2018,2,2,0.0,1703.3452625751495
Arboleda,2018,2,3,0.0,1718.075902751088
Arboleda,2018,2,4,0.0,1739.5198236346243
Arboleda,2018,2,5,0.0,1682.3418178170919
Arboleda,2018,2,6,0.0,1640.5047504216432
Arboleda,2018,2,7,0.0,1591.4035009920597
Arboleda,2018,2,8,0.0,1545.4090574502945
Arboleda,2018,2,9,0.0,1504.0412461310625
Arboleda,2018,2,10,0.0,1468.3375740528106
Arboleda,2018,2,11,0.0,1437.9385980010031
Arboleda,2018,2,12,0.0,1383.5512268394232
Arboleda,2018,2,13,0.0,1349.2887975424528
Arboleda,2018,2,14,0.0,1309.8463853389023
Arboleda,2018,2,15,0.0,1267.2716531068086
Arboleda,2018,2,16,0.0,1235.1577185720205
Arboleda,2018,2,17,0.0,1207.617550960183
Arboleda,2018,2,18,0.0,1164.845237222314
Arboleda,2018,2,19,0.0,1115.507216566801
Arboleda,2018,2,20,0.0,1106.373562413454
Arboleda,2018,2,21,0.0,1070.11388618052
Arboleda,2018,2,22,0.0,1031.1444040894507
Arboleda,2018,2,23,0.0,1033.5584500283003
Arboleda,2018,2,24,0.0,1009.2975638955832
Arboleda,2018,2,25,0.0,1022.5632841676473
Arboleda,2018,2,26,0.0,978.2376695424318
Arboleda,2018,2,27,0.0,1095.5902659773826
Arboleda,2018,2,28,0.0,1085.8081444233655
Arboleda,2018,3,1,0.0,1133.8851541876793
Arboleda,2018,3,2,0.0,1196.9275342226028
Arboleda,2018,3,3,0.0,1224.1541840732098
Arboleda,2018,3,4,0.0,1244.0307202637196
Arboleda,2018,3,5,0.0,1290.135793119669
Arboleda,2018,3,6,0.0,1365.9709633141756
Arboleda,2018,3,7,0.0,1352.1378085523843
Arboleda,2018,3,8,0.0,1375.1321727395057
Arboleda,2018,3,9,0.0,1394.067339193821
Arboleda,2018,3,10,0.0,1444.8561959475278
Arboleda,2018,3,11,0.0,1492.3663835614918
Arboleda,2018,3,12,0.0,1505.8643845707177
Arboleda,2018,3,13,0.0,1570.810527729988
Arboleda,2018,3,14,0.0,1570.0795986264943
Arboleda,2018,3,15,0.0,1610.1727234750986
Arboleda,2018,3,16,0.0,1635.8862827241421
Arboleda,2018,3,17,0.0,1663.0114883512258
Arboleda,2018,3,18,0.0,1662.249942278862
Arboleda,2018,3,19,0.0,1731.3885690420866
Arboleda,2018,3,20,0.0,1773.153992730379
Arboleda,2018,3,21,0.0,1827.417263111472
Arboleda,2018,3,22,0.0,1840.4676440358162
Arboleda,2018,3,23,0.0,1834.1285026878118
Arboleda,2018,3,24,0.0,1885.5499060183763
Arboleda,2018,3,25,0.0,1921.0406881064175
Arboleda,2018,3,26,0.0,1989.2646839529275
Arboleda,2018,3,27,0.0,1933.3989214211701
Arboleda,2018,3,28,0.0,1985.8490549057722
Arboleda,2018,3,29,0.0,2009.1101949483154
Arboleda,2018,3,30,0.0,2025.5682445079087
Arboleda,2018,3,31,0.0,2010.544293770194
Arboleda,2018,4,1,0.0,1959.7570699214934
Arboleda,2018,4,2,0.0,1954.054149186611
Arboleda,2018,4,3,0.0,1981.0501512050628
Arboleda,2018,4,4,0.0,1991.0786373019218
Arboleda,2018,4,5,0.0,2014.1926117807625
Arboleda,2018,4,6,0.0,2029.5423270672559
Arboleda,2018,4,7,0.0,2072.898812571168
Arboleda,2018,4,8,0.0,2079.5267739921806
Arboleda,2018,4,9,0.0,2057.5713456153867
Arboleda,2018,4,10,0.0,2021.2198184758424
Arboleda,2018,4,11,0.0,1994.995159959793
Arboleda,2018,4,12,0.0,2060.157867145538
Arboleda,2018,4,13,0.0,2106.5319611012933
Arboleda,2018,4,14,0.0,2115.301885664463
Arboleda,2018,4,15,0.0,2034.2310096800327
Arboleda,2018,4,16,0.0,2121.8318727850915
Arboleda,2018,4,17,0.0,2189.0499991476536
Arboleda,2018,4,18,0.0,2187.209511092305
Arboleda,2018,4,19,0.0,2193.11062567234
Arboleda,2018,4,20,0.0,2257.3221656918527
Arboleda,2018,4,21,0.0,2236.655303478241
Arboleda,2018,4,22,0.0,2265.3319729745385
Arboleda,2018,4,23,0.0,2256.576744556427
Arboleda,2018,4,24,0.0,2262.1008621931073
Arboleda,2018,4,25,0.0,2284.149978494644
Arboleda,2018,4,26,0.0,2294.995529434085
Arboleda,2018,4,27,0.0,2308.992995262146
Arboleda,2018,4,28,0.0,2340.2647590398788
Arboleda,2018,4,29,0.0,2337.902557834983
Arboleda,2018,4,30,0.0,2315.1123067736626
Arboleda,2018,5,1,0.0,2465.4257031023503
Arboleda,2018,5,2,0.0,2569.1598717838524
Arboleda,2018,5,3,0.0,2518.1289368629455
Arboleda,2018,5,4,0.0,2566.2520761936903
Arboleda,2018,5,5,0.0,2683.842872646451
Arboleda,2018,5,6,0.0,2732.9245272159574
Arboleda,2018,5,7,0.0,2641.065047854185
Arboleda,2018,5,8,0.0,2682.6296242266894
Arboleda,2018,5,9,0.0,2757.3748303294183
Arboleda,2018,5,10,0.0,2788.186931347847
Arboleda,2018,5,11,0.0,2781.0768547236917
Arboleda,2018,5,12,0.0,2802.7834692001343
Arboleda,2018,5,13,0.0,2868.8932612895965
Arboleda,2018,5,14,0.0,2887.629825672507
Arboleda,2018,5,15,0.0,2901.150279125571
Arboleda,2018,5,16,0.0,2913.9091865062715
Arboleda,2018,5,17,0.0,2953.854941678047
Arboleda,2018,5,18,0.0,3005.0822334259747
Arboleda,2018,5,19,0.0,2990.6157156348227
Arboleda,2018,5,20,0.0,3025.3096400797367
Arboleda,2018,5,21,0.0,3121.455495083332
Arboleda,2018,5,22,0.0,3167.412177696824
Arboleda,2018,5,23,0.0,3161.5106548905374
Arboleda,2018,5,24,0.0,3190.160789680481
Arboleda,2018,5,25,0.0,3225.2110956430433
Arboleda,2018,5,26,0.0,3207.974558621645
Arboleda,2018,5,27,0.0,3228.116850101948
Arboleda,2018,5,28,0.0,3250.6180769771336
Arboleda,2018,5,29,0.0,3300.033456507325
Arboleda,2018,5,30,0.0,3334.8141290307044
Arboleda,2018,5,31,0.0,3320.1361500412227
Arboleda,2018,6,1,0.0,3342.961100333929
Arboleda,2018,6,2,0.0,3390.4345475852488
Arboleda,2018,6,3,0.0,3485.1271171331405
Arboleda,2018,6,4,0.0,3447.3229168772696
Arboleda,2018,6,5,0.0,3469.4495961666107
Arboleda,2018,6,6,0.0,3493.003026205301
Arboleda,2018,6,7,0.0,3518.8821211993695
Arboleda,2018,6,8,0.0,3559.932128381729
Arboleda,2018,6,9,0.0,3511.1139838576314
Arboleda,2018,6,10,0.0,3509.38351277709
Arboleda,2018,6,11,0.0,3536.059057188034
Arboleda,2018,6,12,0.0,3572.6132686614988
Arboleda,2018,6,13,0.0,3587.440862572193
Arboleda,2018,6,14,0.0,3625.4014134824274
Arboleda,2018,6,15,0.0,3598.8430300056934
Arboleda,2018,6,16,0.0,3635.075967419147
Arboleda,2018,6,17,0.0,3680.3911224782464
Arboleda,2018,6,18,0.0,3656.792379325628
Arboleda,2018,6,19,0.0,3485.592495059967
Arboleda,2018,6,20,0.0,3614.9634764552115
Arboleda,2018,6,21,0.0,3700.0337450265883
Arboleda,2018,6,22,0.0,3740.1758570253846
Arboleda,2018,6,23,0.0,3558.8617591500283
Arboleda,2018,6,24,0.0,3532.734054368734
Arboleda,2018,6,25,0.0,3674.390604805946
Arboleda,2018,6,26,0.0,3662.898219370842
Arboleda,2018,6,27,0.0,3624.8258144676684
Arboleda,2018,6,28,0.0,3660.417836666107
Arboleda,2018,6,29,0.0,3715.042591392994
Arboleda,2018,6,30,0.0,3658.342414402962
Arboleda,2018,7,1,0.0,3681.1157240748403
Arboleda,2018,7,2,0.0,3830.518775862455
Arboleda,2018,7,3,0.0,3901.423185276985
Arboleda,2018,7,4,0.0,3789.7859604775904
Arboleda,2018,7,5,0.0,3975.5031867027283
Arboleda,2018,7,6,0.0,4070.619086873531
Arboleda,2018,7,7,0.0,4107.141864925623
Arboleda,2018,7,8,0.0,4071.1391671180722
Arboleda,2018,7,9,0.0,4010.616767734289
Arboleda,2018,7,10,0.0,4026.3612378060816
Arboleda,2018,7,11,0.0,3957.631449633837
Arboleda,2018,7,12,0.0,3932.819049835205
Arboleda,2018,7,13,0.0,3918.615225636959
Arboleda,2018,7,14,0.0,3895.2965256929397
Arboleda,2018,7,15,0.0,3923.4371941208838
Arboleda,2018,7,16,0.0,3948.952151298523
Arboleda,2018,7,17,0.0,3954.082738828659
Arboleda,2018,7,18,0.0,3870.31389554739
Arboleda,2018,7,19,0.0,3917.4117746472357
Arboleda,2018,7,20,0.0,3921.1298993468286
Arboleda,2018,7,21,0.0,3827.8804095983505
Arboleda,2018,7,22,0.0,3784.1822387218476
Arboleda,2018,7,23,0.0,4043.7112617254256
Arboleda,2018,7,24,0.0,4049.9710030674933
Arboleda,2018,7,25,0.0,3925.86940612793
Arboleda,2018,7,26,0.0,3949.7930973768234
Arboleda,2018,7,27,0.0,3937.2385072350503
Arboleda,2018,7,28,0.0,3889.4384789824485
Arboleda,2018,7,29,0.0,3917.7130456209184
Arboleda,2018,7,30,0.0,3833.32778069973
Arboleda,2018,7,31,0.0,3856.756701731682
Arboleda,2018,8,1,0.0,3944.362871778011
Arboleda,2018,8,2,0.0,3902.8723884701726
Arboleda,2018,8,3,0.0,3891.973564004898
Arboleda,2018,8,4,0.0,3868.6928291022778
Arboleda,2018,8,5,0.0,3882.5692558467385
Arboleda,2018,8,6,0.0,3862.0415987849233
Arboleda,2018,8,7,0.0,3860.7940593600274
Arboleda,2018,8,8,0.0,3921.337686508894
Arboleda,2018,8,9,0.0,3914.7934114694594
Arboleda,2018,8,10,0.0,3888.5362989664077
Arboleda,2018,8,11,0.0,3886.4772057533264
Arboleda,2018,8,12,0.0,3909.6473113417624
Arboleda,2018,8,13,0.0,3949.5248927295206
Arboleda,2018,8,14,0.0,3890.310450255871
Arboleda,2018,8,15,0.0,3956.12142072916
Arboleda,2018,8,16,0.0,4080.656553947925
Arboleda,2018,8,17,0.0,3977.332856762409
Arboleda,2018,8,18,0.0,3934.548296236992
Arboleda,2018,8,19,0.0,3958.5303638398645
Arboleda,2018,8,20,0.0,3836.6858498454094
Arboleda,2018,8,21,0.0,3801.8421063661576
Arboleda,2018,8,22,0.0,3753.7265192210675
Arboleda,2018,8,23,0.0,3718.3655530810356
Arboleda,2018,8,24,0.0,3695.539990448952
Arboleda,2018,8,25,0.0,3731.268768441677
Arboleda,2018,8,26,0.0,3719.427349561453
Arboleda,2018,8,27,0.0,3894.022451561689
Arboleda,2018,8,28,0.0,3928.056682384014
Arboleda,2018,8,29,0.0,3862.271021938324
Arboleda,2018,8,30,0.0,3814.792267745733
Arboleda,2018,8,31,0.0,3828.1347345530985
Arboleda,2018,9,1,0.0,3866.0601780056954
Arboleda,2018,9,2,0.0,3865.6086797714233
Arboleda,2018,9,3,0.0,3834.554908812046
Arboleda,2018,9,4,0.0,3829.141012263298
Arboleda,2018,9,5,0.0,3858.7055738568306
Arboleda,2018,9,6,0.0,3880.390552341938
Arboleda,2018,9,7,0.0,3883.327331995964
Arboleda,2018,9,8,0.0,3919.4773994803427
Arboleda,2018,9,9,0.0,3969.16180011034
Arboleda,2018,9,10,0.0,3834.0629961788654
Arboleda,2018,9,11,0.0,3843.279112035036
Arboleda,2018,9,12,0.0,3943.746450138092
Arboleda,2018,9,13,0.0,3902.4780419111253
Arboleda,2018,9,14,0.0,3987.2592862963675
Arboleda,2018,9,15,0.0,4258.3745867729185
Arboleda,2018,9,16,0.0,4192.123140174151
Arboleda,2018,9,17,0.0,4092.23058463335
Arboleda,2018,9,18,0.0,4167.654058653116
Arboleda,2018,9,19,0.0,4208.594661200046
Arboleda,2018,9,20,0.0,4157.332466107607
Arboleda,2018,9,21,0.0,4194.853765571117
Arboleda,2018,9,22,0.0,4188.002096164227
Arboleda,2018,9,23,0.0,4194.014452397823
Arboleda,2018,9,24,0.0,4280.551886117458
Arboleda,2018,9,25,0.0,4271.3276057362555
Arboleda,2018,9,26,0.0,4269.988623631
Arboleda,2018,9,27,0.0,4326.626342004537
Arboleda,2018,9,28,0.0,4276.899894070625
Arboleda,2018,9,29,0.0,4249.6536493599415
Arboleda,2018,9,30,0.0,4285.408145606518
Arboleda,2018,10,1,0.0,4296.5555798590185
Arboleda,2018,10,2,0.0,4256.217111033201
Arboleda,2018,10,3,0.0,4225.968770468235
Arboleda,2018,10,4,0.0,4307.037605321407
Arboleda,2018,10,5,0.0,4294.401778155565
Arboleda,2018,10,6,0.0,4295.165977698564
Arboleda,2018,10,7,0.0,4297.154039543867
Arboleda,2018,10,8,0.0,4234.836261105537
Arboleda,2018,10,9,0.0,4034.794783937931
Arboleda,2018,10,10,0.0,3990.6985924661158
Arboleda,2018,10,11,0.0,4160.955882316827
Arboleda,2018,10,12,0.0,4099.373319357634
Arboleda,2018,10,13,0.0,4015.324841094017
Arboleda,2018,10,14,0.0,4193.062060552836
Arboleda,2018,10,15,0.0,4195.150954282283
Arboleda,2018,10,16,0.0,4134.054997015
Arboleda,2018,10,17,0.0,4155.390533828735
Arboleda,2018,10,18,0.0,4153.598828810454
Arboleda,2018,10,19,0.0,4145.23059887886
Arboleda,2018,10,20,0.0,4155.633020222187
Arboleda,2018,10,21,0.0,4120.491679805517
Arboleda,2018,10,22,0.0,4075.460650217533
Arboleda,2018,10,23,0.0,4104.709652918577
Arboleda,2018,10,24,0.0,4104.8349783778185
Arboleda,2018,10,25,0.0,4073.343588876724
Arboleda,2018,10,26,0.0,4090.598904305696
Arboleda,2018,10,27,0.0,4087.8576650261875
Arboleda,2018,10,28,0.0,4046.2324670553207
Arboleda,2018,10,29,0.0,4038.975020754337
Arboleda,2018,10,30,0.0,4058.9319775164126
Arboleda,2018,10,31,0.0,4183.985966300964
Arboleda,2018,11,1,0.0,4080.357324105501
Arboleda,2018,11,2,0.0,3859.3954762220383
Arboleda,2018,11,3,0.0,3958.46545586586
Arboleda,2018,11,4,0.0,3998.75371286273
Arboleda,2018,11,5,0.0,3990.0944176137446
Arboleda,2018,11,6,0.0,3958.8606188774106
Arboleda,2018,11,7,0.0,3977.241822308302
Arboleda,2018,11,8,0.0,4023.7383841395376
Arboleda,2018,11,9,0.0,4024.0074052393434
Arboleda,2018,11,10,0.0,4008.0249392628666
Arboleda,2018,11,11,0.0,3974.6340730130673
Arboleda,2018,11,12,0.0,4018.4804300189016
Arboleda,2018,11,13,0.0,3868.6973195910455
Arboleda,2018,11,14,0.0,3921.4507651805875
Arboleda,2018,11,15,0.0,3987.32868475914
Arboleda,2018,11,16,0.0,4092.425716781616
Arboleda,2018,11,17,0.0,3994.441618967056
Arboleda,2018,11,18,0.0,3791.9891575574875
Arboleda,2018,11,19,0.0,3832.3443636596203
Arboleda,2018,11,20,0.0,3932.7631228387354
Arboleda,2018,11,21,0.0,3977.426340574026
Arboleda,2018,11,22,0.0,3893.9885687828064
Arboleda,2018,11,23,0.0,3815.1347695708273
Arboleda,2018,11,24,0.0,3859.0925723433493
Arboleda,2018,11,25,0.0,3862.0816049575806
Arboleda,2018,11,26,0.0,3662.3781391263005
Arboleda,2018,11,27,0.0,3669.621297508478
Arboleda,2018,11,28,0.0,3618.2982767045496
Arboleda,2018,11,29,0.0,3618.0321131885053
Arboleda,2018,11,30,0.0,3621.15463578701
Arboleda,2018,12,1,0.0,3582.686659646034
Arboleda,2018,12,2,0.0,3539.6706348359585
Arboleda,2018,12,3,0.0,3529.5690762400627
Arboleda,2018,12,4,0.0,3476.0057097673416
Arboleda,2018,12,5,0.0,3465.1440338909624
Arboleda,2018,12,6,0.0,3468.422090691328
Arboleda,2018,12,7,0.0,3446.5987235069274
Arboleda,2018,12,8,0.0,3441.0970583140847
Arboleda,2018,12,9,0.0,3401.2803026378156
Arboleda,2018,12,10,0.0,3293.3885536968705
Arboleda,2018,12,11,0.0,3306.331162890792
Arboleda,2018,12,12,0.0,3357.4168001294133
Arboleda,2018,12,13,0.0,3368.849584531784
Arboleda,2018,12,14,0.0,3336.6568623304365
Arboleda,2018,12,15,0.0,3316.1443096399307
Arboleda,2018,12,16,0.0,3253.9902299284936
Arboleda,2018,12,17,0.0,3127.191482144594
Arboleda,2018,12,18,0.0,3095.919718366861
Arboleda,2018,12,19,0.0,3079.13978240788
Arboleda,2018,12,20,0.0,3094.2098627120254
Arboleda,2018,12,21,0.0,2932.538999724388
Arboleda,2018,12,22,0.0,2941.411797302961
Arboleda,2018,12,23,0.0,3001.674973016977
Arboleda,2018,12,24,0.0,3002.3926347672937
Arboleda,2018,12,25,0.0,2958.8008068293334
Arboleda,2018,12,26,0.0,2905.032306665182
Arboleda,2018,12,27,0.0,2906.293521669507
Arboleda,2018,12,28,0.0,2843.00824701488
Arboleda,2018,12,29,0.0,2825.7266009926793
Arboleda,2018,12,30,0.0,2739.5132989168164
Arboleda,2018,12,31,0.0,2606.4980817735195
Arboleda,2019,1,1,0.0,2438.7170923650265
Arboleda,2019,1,2,0.0,2468.9335912823676
Arboleda,2019,1,3,0.0,2452.846415272355
Arboleda,2019,1,4,0.0,2362.1485437095166
Arboleda,2019,1,5,0.0,2416.846166822314
Arboleda,2019,1,6,0.0,2480.5927371412513
Arboleda,2019,1,7,0.0,2452.90499573946
Arboleda,2019,1,8,0.0,2467.050851809978
Arboleda,2019,1,9,0.0,2509.63007453084
Arboleda,2019,1,10,0.0,2452.216318053007
Arboleda,2019,1,11,0.0,2422.2680237829686
Arboleda,2019,1,12,0.0,2424.7288116276263
Arboleda,2019,1,13,0.0,2289.2305583089587
Arboleda,2019,1,14,0.0,2301.9908944815397
Arboleda,2019,1,15,0.0,2319.0825111836193
Arboleda,2019,1,16,0.0,2290.5095311552286
Arboleda,2019,1,17,0.0,2348.0145262002943
Arboleda,2019,1,18,0.0,2346.353861808777
Arboleda,2019,1,19,0.0,2358.0634236097335
Arboleda,2019,1,20,0.0,2320.173904067278
Arboleda,2019,1,21,0.0,2271.8048084199427
Arboleda,2019,1,22,0.0,2328.510292351246
Arboleda,2019,1,23,0.0,2339.914296802878
Arboleda,2019,1,24,0.0,2225.7756656467914
Arboleda,2019,1,25,0.0,2266.743619352579
Arboleda,2019,1,26,0.0,2289.37731564641
Arboleda,2019,1,27,0.0,2305.5810402512548
Arboleda,2019,1,28,0.0,2275.430061647296
Arboleda,2019,1,29,0.0,2296.1563207805157
Arboleda,2019,1,30,0.0,2303.8236262381074
Arboleda,2019,1,31,0.0,2267.274313479662
Arboleda,2019,2,1,0.0,2208.5734196305275
Arboleda,2019,2,2,0.0,2142.071526226401
Arboleda,2019,2,3,0.0,2130.7785593152043
Arboleda,2019,2,4,0.0,2160.7162397027014
Arboleda,2019,2,5,0.0,2187.37892498672
Arboleda,2019,2,6,0.0,2188.067398560047
Arboleda,2019,2,7,0.0,2159.167021077871
Arboleda,2019,2,8,0.0,2129.6465479195117
Arboleda,2019,2,9,0.0,2108.7896563857794
Arboleda,2019,2,10,0.0,2067.6320815861222
Arboleda,2019,2,11,0.0,2141.455308699608
Arboleda,2019,2,12,0.0,2171.2290862470863
Arboleda,2019,2,13,0.0,2181.9758464336396
Arboleda,2019,2,14,0.0,2096.7724961042404
Arboleda,2019,2,15,0.0,2136.243075919151
Arboleda,2019,2,16,0.0,2186.7782200574875
Arboleda,2019,2,17,0.0,2197.821556615829
Arboleda,2019,2,18,0.0,2208.3750216722487
Arboleda,2019,2,19,0.0,2184.4901119172573
Arboleda,2019,2,20,0.0,2194.0952673912047
Arboleda,2019,2,21,0.0,2162.079307156801
Arboleda,2019,2,22,0.0,2119.072263324261
Arboleda,2019,2,23,0.0,2037.7333868056535
Arboleda,2019,2,24,0.0,2004.3043514013289
Arboleda,2019,2,25,0.0,1969.835359621048
Arboleda,2019,2,26,0.0,1910.0361330419778
Arboleda,2019,2,27,0.0,1906.684391403198
Arboleda,2019,2,28,0.0,1899.3983692646027
Arboleda,2019,3,1,0.0,1869.4255814194678
Arboleda,2019,3,2,0.0,1896.9551351487637
Arboleda,2019,3,3,0.0,1943.7121453285217
Arboleda,2019,3,4,0.0,1885.05146176517
Arboleda,2019,3,5,0.0,1935.9331899911165
Arboleda,2019,3,6,0.0,2022.9835599958897
Arboleda,2019,3,7,0.0,2026.5234939366578
Arboleda,2019,3,8,0.0,2001.5028987497092
Arboleda,2019,3,9,0.0,1977.4585766434668
Arboleda,2019,3,10,0.0,2079.3195991694924
Arboleda,2019,3,11,0.0,2053.40376381278
Arboleda,2019,3,12,0.0,2049.4854041367767
Arboleda,2019,3,13,0.0,2076.158703303337
Arboleda,2019,3,14,0.0,2047.9702724039553
Arboleda,2019,3,15,0.0,2017.0601970851421
Arboleda,2019,3,16,0.0,1962.9177616745233
Arboleda,2019,3,17,0.0,1887.1954660385848
Arboleda,2019,3,18,0.0,1962.4566701233387
Arboleda,2019,3,19,0.0,2000.7603351980447
Arboleda,2019,3,20,0.0,2009.2867528021334
Arboleda,2019,3,21,0.0,2031.6444881498812
Arboleda,2019,3,22,0.0,2050.4976011276244
Arboleda,2019,3,23,0.0,2036.0863979935646
Arboleda,2019,3,24,0.0,2050.8788844466208
Arboleda,2019,3,25,0.0,2079.0271050602196
Arboleda,2019,3,26,0.0,2109.1703273653984
Arboleda,2019,3,27,0.0,2110.6705588400364
Arboleda,2019,3,28,0.0,2152.6264200747014
Arboleda,2019,3,29,0.0,2168.2676089048387
Arboleda,2019,3,30,0.0,2237.053324073553
Arboleda,2019,3,31,0.0,2258.601546764374
Arboleda,2019,4,1,0.0,2241.76874550581
Arboleda,2019,4,2,0.0,2237.6748485416174
Arboleda,2019,4,3,0.0,2246.1381951898334
Arboleda,2019,4,4,0.0,2205.444365411997
Arboleda,2019,4,5,0.0,2102.066782361269
Arboleda,2019,4,6,0.0,2086.108197620511
Arboleda,2019,4,7,0.0,2014.5151105195282
Arboleda,2019,4,8,0.0,1955.0453225255012
Arboleda,2019,4,9,0.0,1959.4694745272398
Arboleda,2019,4,10,0.0,1966.8510216087102
Arboleda,2019,4,11,0.0,2012.3304877340793
Arboleda,2019,4,12,0.0,1994.827787196636
Arboleda,2019,4,13,0.0,2075.789258545637
Arboleda,2019,4,14,0.0,2078.0904299259187
Arboleda,2019,4,15,0.0,2006.5744975864886
Arboleda,2019,4,16,0.0,2040.0035329908133
Arboleda,2019,4,17,0.0,1967.0036982268095
Arboleda,2019,4,18,0.0,1932.1546478062867
Arboleda,2019,4,19,0.0,1918.0010354369879
Arboleda,2019,4,20,0.0,1928.2046505957842
Arboleda,2019,4,21,0.0,1887.146887114644
Arboleda,2019,4,22,0.0,1927.9254238396882
Arboleda,2019,4,23,0.0,2018.3103899806738
Arboleda,2019,4,24,0.0,2063.0689285457133
Arboleda,2019,4,25,0.0,2034.9764308154581
Arboleda,2019,4,26,0.0,2053.294155064225
Arboleda,2019,4,27,0.0,2098.9518119484187
Arboleda,2019,4,28,0.0,2078.906882429123
Arboleda,2019,4,29,0.0,2073.3711303442715
Arboleda,2019,4,30,0.0,2094.021663507819
Arboleda,2019,5,1,0.0,2172.7478920161725
Arboleda,2019,5,2,0.0,2201.9887301921844
Arboleda,2019,5,3,0.0,2219.538376748562
Arboleda,2019,5,4,0.0,2278.901209464669
Arboleda,2019,5,5,0.0,2259.7631545633076
Arboleda,2019,5,6,0.0,2336.323130467534
Arboleda,2019,5,7,0.0,2382.5757771134377
Arboleda,2019,5,8,0.0,2406.0675649881364
Arboleda,2019,5,9,0.0,2395.4977708816527
Arboleda,2019,5,10,0.0,2455.4939666271207
Arboleda,2019,5,11,0.0,2477.2936566889284
Arboleda,2019,5,12,0.0,2453.4144621014593
Arboleda,2019,5,13,0.0,2533.2757637023924
Arboleda,2019,5,14,0.0,2603.995654851198
Arboleda,2019,5,15,0.0,2659.185802936554
Arboleda,2019,5,16,0.0,2717.027380526066
Arboleda,2019,5,17,0.0,2724.819194990396
Arboleda,2019,5,18,0.0,2734.725009098649
Arboleda,2019,5,19,0.0,2778.5323804974555
Arboleda,2019,5,20,0.0,2703.559384146333
Arboleda,2019,5,21,0.0,2881.0161521703003
Arboleda,2019,5,22,0.0,2971.8940515100953
Arboleda,2019,5,23,0.0,3041.053497812152
Arboleda,2019,5,24,0.0,3050.2008275449275
Arboleda,2019,5,25,0.0,2963.550111040473
Arboleda,2019,5,26,0.0,2873.45376085937
Arboleda,2019,5,27,0.0,2950.8024298816918
Arboleda,2019,5,28,0.0,3014.541856241226
Arboleda,2019,5,29,0.0,3048.918588888645
Arboleda,2019,5,30,0.0,3048.1703101694584
Arboleda,2019,5,31,0.0,3028.1731431216
Arboleda,2019,6,1,0.0,2973.0738253772256
