Location,Year,Month,Day,MoLS,Neural Network
Playa,2013,6,1,1044,2691.408938
Playa,2013,6,2,1065.3,2681.306155
Playa,2013,6,3,1097.9,2738.706236
Playa,2013,6,4,1128.8,2705.361499
Playa,2013,6,5,1151.1,2652.508446
Playa,2013,6,6,1179.4,2636.96666
Playa,2013,6,7,1208.3,2581.504838
Playa,2013,6,8,1237.6,2505.103662
Playa,2013,6,9,1263.3,2427.90175
Playa,2013,6,10,1291.4,2344.963851
Playa,2013,6,11,1312.9,2406.818701
Playa,2013,6,12,1322.5,2358.174257
Playa,2013,6,13,1339.9,2431.283496
Playa,2013,6,14,1356.7,2554.95319
Playa,2013,6,15,1359.5,2590.879141
Playa,2013,6,16,1365.1,2493.244689
Playa,2013,6,17,1380.2,2448.301224
Playa,2013,6,18,1377.8,2478.894312
Playa,2013,6,19,1381.7,2503.572609
Playa,2013,6,20,1396,2516.834656
Playa,2013,6,21,1393.8,2492.073896
Playa,2013,6,22,1402,2485.144868
Playa,2013,6,23,1430.2,2412.626536
Playa,2013,6,24,1449,2574.553153
Playa,2013,6,25,1455,2566.43639
Playa,2013,6,26,1474.1,2666.444066
Playa,2013,6,27,1516.8,2708.870408
Playa,2013,6,28,1546.1,2702.686392
Playa,2013,6,29,1564.9,2904.962908
Playa,2013,6,30,1615.8,3023.96433
Playa,2013,7,1,1670.7,2942.783438
Playa,2013,7,2,1693.3,2913.566889
Playa,2013,7,3,1747.6,3005.527812
Playa,2013,7,4,1796.9,2899.223043
Playa,2013,7,5,1823.8,2787.376602
Playa,2013,7,6,1883.2,2654.352404
Playa,2013,7,7,1928.1,2618.131305
Playa,2013,7,8,1941.7,2615.014906
Playa,2013,7,9,1988.2,2566.926466
Playa,2013,7,10,2043.9,2621.75268
Playa,2013,7,11,2087.9,2569.476859
Playa,2013,7,12,2120.2,2572.84391
Playa,2013,7,13,2160.6,2548.083559
Playa,2013,7,14,2215,2556.158886
Playa,2013,7,15,2242,2493.07303
Playa,2013,7,16,2267.5,2446.195389
Playa,2013,7,17,2322.4,2513.625385
Playa,2013,7,18,2351.6,2507.128464
Playa,2013,7,19,2383.4,2499.440339
Playa,2013,7,20,2422,2521.242683
Playa,2013,7,21,2440.5,2503.226638
Playa,2013,7,22,2464.9,2541.722373
Playa,2013,7,23,2496.3,2576.101963
Playa,2013,7,24,2505.1,2578.526623
Playa,2013,7,25,2509.9,2601.624269
Playa,2013,7,26,2512.4,2610.044139
Playa,2013,7,27,2510,2665.033032
Playa,2013,7,28,2511.9,2729.885487
Playa,2013,7,29,2494.5,2823.607907
Playa,2013,7,30,2480.6,2809.091381
Playa,2013,7,31,2472.7,2868.426863
Playa,2013,8,1,2446.5,2877.755853
Playa,2013,8,2,2416.6,2845.591095
Playa,2013,8,3,2389,2749.520353
Playa,2013,8,4,2371,2692.190895
Playa,2013,8,5,2335.3,2693.550697
Playa,2013,8,6,2301.6,2545.236385
Playa,2013,8,7,2276.6,2498.303021
Playa,2013,8,8,2227,2412.498761
Playa,2013,8,9,2190.8,2309.702084
Playa,2013,8,10,2164.4,2281.3373
Playa,2013,8,11,2125.1,2203.014807
Playa,2013,8,12,2094.9,2205.532951
Playa,2013,8,13,2080.5,2168.461108
Playa,2013,8,14,2054,2224.257064
Playa,2013,8,15,2033.9,2241.802628
Playa,2013,8,16,2024.4,2317.23692
Playa,2013,8,17,2012.1,2305.130358
Playa,2013,8,18,1990.2,2310.733468
Playa,2013,8,19,1978.7,2234.247789
Playa,2013,8,20,1972,2345.709477
Playa,2013,8,21,1966.8,2394.880125
Playa,2013,8,22,1956,2500.982414
Playa,2013,8,23,1984.5,2371.209329
Playa,2013,8,24,1992,2475.784444
Playa,2013,8,25,1998,2441.194413
Playa,2013,8,26,2032.2,2554.430048
Playa,2013,8,27,2045.5,2481.216711
Playa,2013,8,28,2057.3,2538.367774
Playa,2013,8,29,2072.9,2441.865333
Playa,2013,8,30,2085.3,2434.086582
Playa,2013,8,31,2110.5,2440.920494
Playa,2013,9,1,2137,2362.40246
Playa,2013,9,2,2193.2,2394.716834
Playa,2013,9,3,2244,2583.019561
Playa,2013,9,4,2298.5,2484.806244
Playa,2013,9,5,2360.8,2402.904628
Playa,2013,9,6,2450.1,2402.246159
Playa,2013,9,7,2513,2543.467949
Playa,2013,9,8,2600.2,2633.707586
Playa,2013,9,9,2700.7,2595.855011
Playa,2013,9,10,2772.3,2567.851915
Playa,2013,9,11,2867,2603.62621
Playa,2013,9,12,2973.9,2718.729888
Playa,2013,9,13,3096,2789.668793
Playa,2013,9,14,3211.5,2794.886128
Playa,2013,9,15,3313.2,2846.625744
Playa,2013,9,16,3420,2939.88748
Playa,2013,9,17,3486.7,2970.954315
Playa,2013,9,18,3543.2,3051.584919
Playa,2013,9,19,3625.3,3107.209624
Playa,2013,9,20,3674.7,3197.970974
Playa,2013,9,21,3681.7,3224.311773
Playa,2013,9,22,3715,3252.424682
Playa,2013,9,23,3737.7,3347.73449
Playa,2013,9,24,3724.9,3408.278525
Playa,2013,9,25,3719.5,3400.856972
Playa,2013,9,26,3693,3407.987052
Playa,2013,9,27,3648,3472.322693
Playa,2013,9,28,3598,3542.006505
Playa,2013,9,29,3525.7,3584.158315
Playa,2013,9,30,3442.2,3848.956315
Playa,2013,10,1,3382.4,3943.528049
Playa,2013,10,2,3339.6,3645.91764
Playa,2013,10,3,3282.2,3404.57326
Playa,2013,10,4,3196.5,3499.935524
Playa,2013,10,5,3159.8,3688.678115
Playa,2013,10,6,3134.2,3762.349891
Playa,2013,10,7,3079.7,3634.38035
Playa,2013,10,8,3010.5,3573.605258
Playa,2013,10,9,2983.6,3679.315446
Playa,2013,10,10,2966.9,3654.750432
Playa,2013,10,11,2944.1,3718.542723
Playa,2013,10,12,2916.3,3702.096104
Playa,2013,10,13,2913.3,3846.303252
Playa,2013,10,14,2930.9,3934.068222
Playa,2013,10,15,2948.2,3879.716979
Playa,2013,10,16,2937.2,3790.915523
Playa,2013,10,17,2952.1,3854.660868
Playa,2013,10,18,2981.3,3905.368692
Playa,2013,10,19,3011.2,3858.188759
Playa,2013,10,20,2997.4,3905.593216
Playa,2013,10,21,3021.7,4052.320753
Playa,2013,10,22,3059.8,4065.489316
Playa,2013,10,23,3101,3916.647983
Playa,2013,10,24,3102.4,4068.900046
Playa,2013,10,25,3126.7,4083.968085
Playa,2013,10,26,3163,4008.64626
Playa,2013,10,27,3210.8,3994.67839
Playa,2013,10,28,3207.7,4161.308182
Playa,2013,10,29,3227.8,3947.924238
Playa,2013,10,30,3254.9,3975.706892
Playa,2013,10,31,3288.2,3879.609207
Playa,2013,11,1,3269.8,4027.366699
Playa,2013,11,2,3272.5,4148.262495
Playa,2013,11,3,3278.6,4130.480568
Playa,2013,11,4,3301.5,4158.58123
Playa,2013,11,5,3269.9,4278.977357
Playa,2013,11,6,3254.8,4232.33016
Playa,2013,11,7,3240.8,4223.394496
Playa,2013,11,8,3242.5,4332.571341
Playa,2013,11,9,3195.8,4321.70395
Playa,2013,11,10,3160.6,4290.243994
Playa,2013,11,11,3111.6,4234.711752
Playa,2013,11,12,3088,4065.150896
Playa,2013,11,13,3020.6,3919.509241
Playa,2013,11,14,2966.3,3889.327441
Playa,2013,11,15,2908.8,3823.479731
Playa,2013,11,16,2880,3792.160204
Playa,2013,11,17,2816.6,3737.408083
Playa,2013,11,18,2768.2,3707.198116
Playa,2013,11,19,2712.1,3596.985601
Playa,2013,11,20,2682.3,3533.557447
Playa,2013,11,21,2619.7,3421.270734
Playa,2013,11,22,2572.5,3333.319817
Playa,2013,11,23,2521.5,3286.265414
Playa,2013,11,24,2496.2,3252.460198
Playa,2013,11,25,2448.2,3379.716567
Playa,2013,11,26,2417.9,3306.367291
Playa,2013,11,27,2384.4,3256.248946
Playa,2013,11,28,2375.7,3339.072337
Playa,2013,11,29,2347.5,3269.111339
Playa,2013,11,30,2330.2,3334.839031
Playa,2013,12,1,2307.9,3295.399068
Playa,2013,12,2,2303.1,3270.99122
Playa,2013,12,3,2278.7,3231.368576
Playa,2013,12,4,2265.4,3291.502548
Playa,2013,12,5,2245.8,3269.905951
Playa,2013,12,6,2245.4,3297.944767
Playa,2013,12,7,2228.7,3258.240273
Playa,2013,12,8,2220.3,3093.130921
Playa,2013,12,9,2206.6,3064.916567
Playa,2013,12,10,2207.4,3085.19439
Playa,2013,12,11,2194.1,3094.946303
Playa,2013,12,12,2186.1,3020.9506
Playa,2013,12,13,2173.3,2931.369432
Playa,2013,12,14,2173.7,2976.331879
Playa,2013,12,15,2156.9,2953.033999
Playa,2013,12,16,2144.4,3033.574997
Playa,2013,12,17,2129.2,2946.412161
Playa,2013,12,18,2127.1,2924.228534
Playa,2013,12,19,2114.6,2846.710043
Playa,2013,12,20,2108.4,2808.367596
Playa,2013,12,21,2098.1,2784.052416
Playa,2013,12,22,2097.6,2702.146921
Playa,2013,12,23,2089.1,2692.627902
Playa,2013,12,24,2085.5,2597.724483
Playa,2013,12,25,2077.5,2613.967397
Playa,2013,12,26,2075.9,2572.261779
Playa,2013,12,27,2065.5,2604.408372
Playa,2013,12,28,2060.3,2670.662268
Playa,2013,12,29,2050.5,2651.602184
Playa,2013,12,30,2051.5,2591.575371
Playa,2013,12,31,2046.6,2668.79402
Playa,2014,1,1,2049.2,2687.078066
Playa,2014,1,2,2047,2725.267019
Playa,2014,1,3,2051.8,2681.764797
Playa,2014,1,4,2050.5,2646.16706
Playa,2014,1,5,2055.1,2556.069076
Playa,2014,1,6,2058.4,2439.614374
Playa,2014,1,7,2066.5,2411.527591
Playa,2014,1,8,2067.8,2298.173163
Playa,2014,1,9,2073,2313.310396
Playa,2014,1,10,2079.7,2370.124468
Playa,2014,1,11,2089.5,2272.624527
Playa,2014,1,12,2089.1,2282.029039
Playa,2014,1,13,2084.8,2405.530747
Playa,2014,1,14,2080.3,2388.96411
Playa,2014,1,15,2077.7,2319.306832
Playa,2014,1,16,2059,2399.570644
Playa,2014,1,17,2036.4,2410.044505
Playa,2014,1,18,2012.1,2425.796323
Playa,2014,1,19,1991.2,2343.415041
Playa,2014,1,20,1957.8,2397.245796
Playa,2014,1,21,1919.3,2431.591503
Playa,2014,1,22,1881.7,2411.236526
Playa,2014,1,23,1850,2452.846007
Playa,2014,1,24,1810.4,2503.280728
Playa,2014,1,25,1767.5,2544.312365
Playa,2014,1,26,1729.6,2504.94078
Playa,2014,1,27,1701.1,2543.472031
Playa,2014,1,28,1673.9,2503.463001
Playa,2014,1,29,1645.4,2530.212026
Playa,2014,1,30,1620.9,2479.377039
Playa,2014,1,31,1609.1,2485.005867
Playa,2014,2,1,1597.5,2446.892027
Playa,2014,2,2,1586.2,2459.385996
Playa,2014,2,3,1576.4,2397.471953
Playa,2014,2,4,1576.8,2416.281386
Playa,2014,2,5,1576.6,2399.749243
Playa,2014,2,6,1573.5,2381.699519
Playa,2014,2,7,1569.6,2411.715783
Playa,2014,2,8,1573.2,2484.792773
Playa,2014,2,9,1575.4,2561.209257
Playa,2014,2,10,1571.9,2571.744556
Playa,2014,2,11,1564.1,2605.989228
Playa,2014,2,12,1562,2646.350149
Playa,2014,2,13,1558.2,2640.041625
Playa,2014,2,14,1550.3,2578.919133
Playa,2014,2,15,1540.4,2730.249421
Playa,2014,2,16,1538.2,2751.780294
Playa,2014,2,17,1535.6,2685.562118
Playa,2014,2,18,1532,2692.200693
Playa,2014,2,19,1527.3,2718.247365
Playa,2014,2,20,1531.3,2633.421011
Playa,2014,2,21,1537.3,2556.866751
Playa,2014,2,22,1543.3,2479.436845
Playa,2014,2,23,1548.2,2421.108661
Playa,2014,2,24,1562.8,2390.878895
Playa,2014,2,25,1581.4,2320.246568
Playa,2014,2,26,1601.5,2315.105775
Playa,2014,2,27,1620.2,2291.740537
Playa,2014,2,28,1646.1,2245.945104
Playa,2014,3,1,1672,2243.231216
Playa,2014,3,2,1698.3,2206.356955
Playa,2014,3,3,1721.8,2170.595315
Playa,2014,3,4,1748.3,2197.660307
Playa,2014,3,5,1771.3,2371.49121
Playa,2014,3,6,1795.3,2401.436646
Playa,2014,3,7,1814,2439.123277
Playa,2014,3,8,1833.9,2440.320197
Playa,2014,3,9,1849.4,2481.866607
Playa,2014,3,10,1863,2539.574082
Playa,2014,3,11,1868.9,2532.998374
Playa,2014,3,12,1875.2,2443.365769
Playa,2014,3,13,1877,2434.693206
Playa,2014,3,14,1874.6,2443.525181
Playa,2014,3,15,1863.5,2415.322054
Playa,2014,3,16,1854.7,2360.872633
Playa,2014,3,17,1837,2405.247438
Playa,2014,3,18,1816.1,2425.077437
Playa,2014,3,19,1791.4,2400.632032
Playa,2014,3,20,1769.9,2394.653559
Playa,2014,3,21,1740.1,2399.618815
Playa,2014,3,22,1709.8,2379.50265
Playa,2014,3,23,1676.6,2394.497412
Playa,2014,3,24,1647.8,2374.718034
Playa,2014,3,25,1616,2371.766354
Playa,2014,3,26,1585.6,2352.829963
Playa,2014,3,27,1554.3,2294.852854
Playa,2014,3,28,1528.5,2256.298947
Playa,2014,3,29,1503.8,2185.650087
Playa,2014,3,30,1484.1,2120.105892
Playa,2014,3,31,1465.3,2011.463619
Playa,2014,4,1,1456.2,1996.180649
Playa,2014,4,2,1446.9,1955.43028
Playa,2014,4,3,1442.8,1923.059163
Playa,2014,4,4,1440.2,1902.337598
Playa,2014,4,5,1444.1,1890.538227
Playa,2014,4,6,1447,1889.596449
Playa,2014,4,7,1455.7,1833.321644
Playa,2014,4,8,1465.9,1748.762474
Playa,2014,4,9,1481.1,1671.70834
Playa,2014,4,10,1496,1750.433752
Playa,2014,4,11,1514.7,1734.210841
Playa,2014,4,12,1537.2,1754.534181
Playa,2014,4,13,1563.5,1722.153471
Playa,2014,4,14,1587.4,1718.690487
Playa,2014,4,15,1613.3,1745.648728
Playa,2014,4,16,1641.3,1742.114918
Playa,2014,4,17,1673.6,1803.639513
Playa,2014,4,18,1700.6,1777.921259
Playa,2014,4,19,1729,1880.647109
Playa,2014,4,20,1760.9,1889.66748
Playa,2014,4,21,1796.8,1977.450004
Playa,2014,4,22,1825.3,2031.393837
Playa,2014,4,23,1853.4,2050.351048
Playa,2014,4,24,1883.6,2123.16963
Playa,2014,4,25,1916.2,2162.217492
Playa,2014,4,26,1942.1,2225.254565
Playa,2014,4,27,1963.3,2295.212093
Playa,2014,4,28,1984.4,2318.883909
Playa,2014,4,29,2010,2287.791561
Playa,2014,4,30,2030.6,2322.113387
Playa,2014,5,1,2047.2,2395.792714
Playa,2014,5,2,2067.6,2416.061148
Playa,2014,5,3,2088.9,2464.723554
Playa,2014,5,4,2105.6,2473.485314
Playa,2014,5,5,2120.6,2531.761244
Playa,2014,5,6,2137.3,2581.782432
Playa,2014,5,7,2153.6,2439.951977
Playa,2014,5,8,2165,2341.680692
Playa,2014,5,9,2172.6,2514.210373
Playa,2014,5,10,2181.3,2506.414476
Playa,2014,5,11,2185.9,2493.583925
Playa,2014,5,12,2187.4,2517.180219
Playa,2014,5,13,2187.6,2557.915076
Playa,2014,5,14,2188.1,2544.182753
Playa,2014,5,15,2182.6,2540.697521
Playa,2014,5,16,2175.9,2591.325741
Playa,2014,5,17,2161.8,2637.891089
Playa,2014,5,18,2154.2,2657.820286
Playa,2014,5,19,2140.5,2705.604394
Playa,2014,5,20,2123.9,2710.075287
Playa,2014,5,21,2102.9,2717.564402
Playa,2014,5,22,2094.1,2729.691375
Playa,2014,5,23,2083.9,2688.888957
Playa,2014,5,24,2075.7,2660.870553
Playa,2014,5,25,2063.7,2600.137509
Playa,2014,5,26,2071.2,2626.966138
Playa,2014,5,27,2081.6,2623.507237
Playa,2014,5,28,2082,2620.331237
Playa,2014,5,29,2094.3,2662.476107
Playa,2014,5,30,2119,2701.011032
Playa,2014,5,31,2136.3,2745.952252
Playa,2014,6,1,2170.4,2755.329617
Playa,2014,6,2,2196.2,2815.834462
Playa,2014,6,3,2227.2,2857.773178
Playa,2014,6,4,2249,2923.734784
Playa,2014,6,5,2282.6,2906.772167
Playa,2014,6,6,2303.2,2943.197379
Playa,2014,6,7,2327,2965.494493
Playa,2014,6,8,2361.7,3012.906502
Playa,2014,6,9,2398.5,3049.206593
Playa,2014,6,10,2410.4,3090.002683
Playa,2014,6,11,2435.7,3080.113606
Playa,2014,6,12,2480.9,3084.815148
Playa,2014,6,13,2492.2,3083.803767
Playa,2014,6,14,2511.4,3073.01496
Playa,2014,6,15,2547.5,2985.545546
Playa,2014,6,16,2551.3,2962.423611
Playa,2014,6,17,2568.5,2920.9417
Playa,2014,6,18,2596,2926.573181
Playa,2014,6,19,2641.5,2899.006887
Playa,2014,6,20,2675,2940.2755
Playa,2014,6,21,2713.3,2881.7381
Playa,2014,6,22,2748.3,2887.062391
Playa,2014,6,23,2756.1,2894.947485
Playa,2014,6,24,2770.3,2956.114882
Playa,2014,6,25,2802.2,2978.020507
Playa,2014,6,26,2806.1,3049.372945
Playa,2014,6,27,2805.4,3035.025221
Playa,2014,6,28,2825.8,2982.630402
Playa,2014,6,29,2819.7,2985.303876
Playa,2014,6,30,2811.5,2935.11205
Playa,2014,7,1,2811.7,2968.871953
Playa,2014,7,2,2802.6,2884.483422
Playa,2014,7,3,2791.4,2804.464137
Playa,2014,7,4,2766.3,2670.995993
Playa,2014,7,5,2742.2,2694.012809
Playa,2014,7,6,2721.9,2621.625722
Playa,2014,7,7,2707.4,2581.070077
Playa,2014,7,8,2717.9,2540.503409
Playa,2014,7,9,2714.7,2469.252008
Playa,2014,7,10,2696.4,2420.93394
Playa,2014,7,11,2699.3,2328.680523
Playa,2014,7,12,2690.3,2349.565786
Playa,2014,7,13,2670.6,2325.99521
Playa,2014,7,14,2668.6,2351.82491
Playa,2014,7,15,2654.1,2322.768182
Playa,2014,7,16,2650.8,2315.153946
Playa,2014,7,17,2639,2379.045436
Playa,2014,7,18,2613.7,2334.933324
Playa,2014,7,19,2594.9,2332.33476
Playa,2014,7,20,2555.2,2346.215881
Playa,2014,7,21,2511.5,2398.980349
Playa,2014,7,22,2480.8,2428.085248
Playa,2014,7,23,2423.2,2431.789493
Playa,2014,7,24,2374.6,2411.449212
Playa,2014,7,25,2348.2,2384.926344
Playa,2014,7,26,2299.8,2319.693014
Playa,2014,7,27,2266.5,2343.796733
Playa,2014,7,28,2253.3,2399.435725
Playa,2014,7,29,2225,2426.893227
Playa,2014,7,30,2208.9,2413.05599
Playa,2014,7,31,2199.5,2425.911239
Playa,2014,8,1,2186.8,2578.568466
Playa,2014,8,2,2186.6,2575.629033
Playa,2014,8,3,2195.8,2439.660911
Playa,2014,8,4,2229.7,2514.116481
Playa,2014,8,5,2266.1,2571.533503
Playa,2014,8,6,2271.6,2580.940057
Playa,2014,8,7,2305.8,2634.622013
Playa,2014,8,8,2326.6,2680.254156
Playa,2014,8,9,2336.5,2731.854158
Playa,2014,8,10,2375.1,2718.169393
Playa,2014,8,11,2383.9,2593.521386
Playa,2014,8,12,2373.7,2522.167927
Playa,2014,8,13,2402.4,2519.758372
Playa,2014,8,14,2410.3,2457.23648
Playa,2014,8,15,2406,2472.006719
Playa,2014,8,16,2439.3,2400.450372
Playa,2014,8,17,2456.7,2448.98235
Playa,2014,8,18,2460.7,2566.078376
Playa,2014,8,19,2482.6,2600.722905
Playa,2014,8,20,2489.5,2422.492956
Playa,2014,8,21,2512.6,2464.080189
Playa,2014,8,22,2543.5,2636.231241
Playa,2014,8,23,2588.1,2611.821352
Playa,2014,8,24,2612.4,2163.582192
Playa,2014,8,25,2609.9,2260.979465
Playa,2014,8,26,2665.5,2271.662337
Playa,2014,8,27,2723.3,2209.912402
Playa,2014,8,28,2724.2,2221.567669
Playa,2014,8,29,2737.7,2165.241428
Playa,2014,8,30,2782.7,2167.494224
Playa,2014,8,31,2780.4,2260.43632
Playa,2014,9,1,2785.3,2251.114473
Playa,2014,9,2,2820.6,2264.178734
Playa,2014,9,3,2820,2266.511339
Playa,2014,9,4,2824.7,2334.047065
Playa,2014,9,5,2833.7,2303.730551
Playa,2014,9,6,2822.9,2484.071641
Playa,2014,9,7,2813.2,2560.173383
Playa,2014,9,8,2821.4,2497.432886
Playa,2014,9,9,2846.8,2510.736368
Playa,2014,9,10,2831,2562.571304
Playa,2014,9,11,2834.1,2556.5665
Playa,2014,9,12,2864.1,2620.150188
Playa,2014,9,13,2902.9,2671.596493
Playa,2014,9,14,2922.6,2683.01254
Playa,2014,9,15,2954.8,2672.068811
Playa,2014,9,16,2994.7,2817.191815
Playa,2014,9,17,2970.7,2829.084874
Playa,2014,9,18,2994.3,2870.095488
Playa,2014,9,19,3031.3,3005.661098
Playa,2014,9,20,3059.6,3136.470465
Playa,2014,9,21,3053.9,3089.697534
Playa,2014,9,22,3075.7,3083.960322
Playa,2014,9,23,3106.5,3188.301727
Playa,2014,9,24,3129.3,3188.694033
Playa,2014,9,25,3167.8,3301.917625
Playa,2014,9,26,3184.6,3440.774151
Playa,2014,9,27,3203.2,3506.249968
Playa,2014,9,28,3211.7,3411.393292
Playa,2014,9,29,3205,3371.57327
Playa,2014,9,30,3217,3353.946469
Playa,2014,10,1,3220.2,3311.999997
Playa,2014,10,2,3263.1,3328.442534
Playa,2014,10,3,3267.8,3326.585104
Playa,2014,10,4,3273,3341.091016
Playa,2014,10,5,3287.4,3313.729243
Playa,2014,10,6,3376,3217.699529
Playa,2014,10,7,3407.2,3205.444781
Playa,2014,10,8,3426.9,3144.861964
Playa,2014,10,9,3489,3233.285403
Playa,2014,10,10,3513.2,3343.632224
Playa,2014,10,11,3535.5,3269.523647
Playa,2014,10,12,3603.1,3186.085059
Playa,2014,10,13,3692.8,3226.455369
Playa,2014,10,14,3747.2,3298.368098
Playa,2014,10,15,3822.6,3328.209437
Playa,2014,10,16,3899.4,3369.20168
Playa,2014,10,17,3992.3,3384.645899
Playa,2014,10,18,4094.9,3354.407152
Playa,2014,10,19,4176.2,3439.673165
Playa,2014,10,20,4251,3502.991914
Playa,2014,10,21,4267.3,3594.799957
Playa,2014,10,22,4333.6,3685.283714
Playa,2014,10,23,4398.5,3662.781058
Playa,2014,10,24,4392,3636.966871
Playa,2014,10,25,4409.3,3754.388254
Playa,2014,10,26,4470.4,3844.496443
Playa,2014,10,27,4444.4,3875.4453
Playa,2014,10,28,4382.8,3830.231793
Playa,2014,10,29,4375.4,3894.922182
Playa,2014,10,30,4323.8,3918.24129
Playa,2014,10,31,4278.6,3904.941279
Playa,2014,11,1,4198.7,3951.884849
Playa,2014,11,2,4085.2,4010.607787
Playa,2014,11,3,4013.9,4122.314002
Playa,2014,11,4,3944.2,4060.136245
Playa,2014,11,5,3881.3,3950.709157
Playa,2014,11,6,3766.8,3902.129417
Playa,2014,11,7,3680.1,3865.041245
Playa,2014,11,8,3627.5,3889.704642
Playa,2014,11,9,3573,3804.695608
Playa,2014,11,10,3463.4,3833.679672
Playa,2014,11,11,3416.1,3965.237929
Playa,2014,11,12,3387.4,4023.233816
Playa,2014,11,13,3343.4,4075.261844
Playa,2014,11,14,3293,4009.584364
Playa,2014,11,15,3254.9,4065.484417
Playa,2014,11,16,3233.7,4112.357772
Playa,2014,11,17,3238.2,3944.976028
Playa,2014,11,18,3197.8,3993.975016
Playa,2014,11,19,3176.2,4081.922464
Playa,2014,11,20,3161.9,4084.146072
Playa,2014,11,21,3172.6,3996.290067
Playa,2014,11,22,3146.8,3991.343998
Playa,2014,11,23,3134.4,3979.4242
Playa,2014,11,24,3118.5,3957.289764
Playa,2014,11,25,3122.1,3827.730182
Playa,2014,11,26,3093.8,3874.372889
Playa,2014,11,27,3076.8,3868.138866
Playa,2014,11,28,3054.6,3854.399195
Playa,2014,11,29,3049.9,3724.37546
Playa,2014,11,30,3022,3766.371327
Playa,2014,12,1,3005.3,3750.811376
Playa,2014,12,2,2986.4,3657.931331
Playa,2014,12,3,2984.2,3589.051723
Playa,2014,12,4,2952.9,3814.429763
Playa,2014,12,5,2939.9,3709.101675
Playa,2014,12,6,2925.2,3496.911793
Playa,2014,12,7,2920.6,3566.519675
Playa,2014,12,8,2893.4,3632.864198
Playa,2014,12,9,2883.9,3581.867758
Playa,2014,12,10,2870.7,3469.058924
Playa,2014,12,11,2865.1,3445.512025
Playa,2014,12,12,2839.1,3474.773683
Playa,2014,12,13,2828.4,3459.048808
Playa,2014,12,14,2813.9,3534.616794
Playa,2014,12,15,2802.6,3490.285872
Playa,2014,12,16,2769.3,3442.271525
Playa,2014,12,17,2744.6,3443.448442
Playa,2014,12,18,2713.1,3346.601662
Playa,2014,12,19,2687.3,3186.190381
Playa,2014,12,20,2633.8,3079.177135
Playa,2014,12,21,2586.3,2975.687494
Playa,2014,12,22,2534.8,2816.297391
Playa,2014,12,23,2486.7,2756.205058
Playa,2014,12,24,2419.5,2674.121169
Playa,2014,12,25,2359.6,2630.91042
Playa,2014,12,26,2297.2,2633.946807
Playa,2014,12,27,2241.1,2618.77467
Playa,2014,12,28,2169,2615.963624
Playa,2014,12,29,2104.9,2597.936761
Playa,2014,12,30,2041.2,2530.19733
Playa,2014,12,31,1989.8,2462.375028
Playa,2015,1,1,1930.1,2403.047507
Playa,2015,1,2,1881.8,2391.466537
Playa,2015,1,3,1836.8,2325.437982
Playa,2015,1,4,1809.6,2320.826046
Playa,2015,1,5,1778.3,2304.687637
Playa,2015,1,6,1759,2274.707093
Playa,2015,1,7,1743.8,2236.143796
Playa,2015,1,8,1743,2184.843228
Playa,2015,1,9,1739.8,2119.950358
Playa,2015,1,10,1748.5,2097.816331
Playa,2015,1,11,1758.2,2089.350739
Playa,2015,1,12,1781.2,2126.400945
Playa,2015,1,13,1801.3,2163.448498
Playa,2015,1,14,1830.6,2149.680047
Playa,2015,1,15,1856.4,2148.160629
Playa,2015,1,16,1893.1,2199.083792
Playa,2015,1,17,1925.2,2266.455208
Playa,2015,1,18,1964,2300.117952
Playa,2015,1,19,1997.5,2253.191732
Playa,2015,1,20,2037.3,2273.91942
Playa,2015,1,21,2072,2349.287172
Playa,2015,1,22,2109.8,2308.600282
Playa,2015,1,23,2142,2361.521712
Playa,2015,1,24,2178.4,2418.81545
Playa,2015,1,25,2208.5,2390.247165
Playa,2015,1,26,2241.7,2420.710437
Playa,2015,1,27,2271,2383.119534
Playa,2015,1,28,2302.9,2432.954162
Playa,2015,1,29,2329,2447.285761
Playa,2015,1,30,2357.3,2534.076295
Playa,2015,1,31,2381.4,2542.21102
Playa,2015,2,1,2406.1,2403.010359
Playa,2015,2,2,2424.3,2523.487519
Playa,2015,2,3,2443.9,2610.794051
Playa,2015,2,4,2460.6,2586.842396
Playa,2015,2,5,2477.8,2628.92195
Playa,2015,2,6,2489.5,2572.715931
Playa,2015,2,7,2502.5,2607.534568
Playa,2015,2,8,2510.2,2597.962479
Playa,2015,2,9,2521.9,2609.468744
Playa,2015,2,10,2527.9,2705.849738
Playa,2015,2,11,2528.5,2743.418799
Playa,2015,2,12,2523.4,2809.130163
Playa,2015,2,13,2518.8,2881.103921
Playa,2015,2,14,2507.8,2909.854683
Playa,2015,2,15,2489.4,2834.09728
Playa,2015,2,16,2466.7,2829.3194
Playa,2015,2,17,2444.5,2857.579067
Playa,2015,2,18,2416.2,2840.631758
Playa,2015,2,19,2380.6,2803.6187
Playa,2015,2,20,2339.3,2696.216414
Playa,2015,2,21,2299.2,2726.51415
Playa,2015,2,22,2250.8,2730.858494
Playa,2015,2,23,2197.7,2610.544829
Playa,2015,2,24,2134.5,2602.724438
Playa,2015,2,25,2072,2634.820207
Playa,2015,2,26,2007.5,2574.131047
Playa,2015,2,27,1942.9,2615.810947
Playa,2015,2,28,1875,2473.349783
Playa,2015,3,1,1812,2427.078154
Playa,2015,3,2,1752.4,2304.901752
Playa,2015,3,3,1694.1,2210.754164
Playa,2015,3,4,1637.1,2121.669399
Playa,2015,3,5,1586.4,2037.889737
Playa,2015,3,6,1540.6,1941.418934
Playa,2015,3,7,1499.6,1859.600188
Playa,2015,3,8,1461.7,1757.35727
Playa,2015,3,9,1432,1653.045869
Playa,2015,3,10,1408.6,1562.170623
Playa,2015,3,11,1389.9,1473.103616
Playa,2015,3,12,1373.4,1472.567206
Playa,2015,3,13,1363.3,1446.059239
Playa,2015,3,14,1356.4,1401.709539
Playa,2015,3,15,1349.7,1396.033969
Playa,2015,3,16,1341.9,1391.454283
Playa,2015,3,17,1335,1397.013916
Playa,2015,3,18,1330.7,1414.388842
Playa,2015,3,19,1321.4,1390.817858
Playa,2015,3,20,1311.1,1369.439049
Playa,2015,3,21,1301.1,1399.671469
Playa,2015,3,22,1290.9,1446.258045
Playa,2015,3,23,1274.7,1440.511852
Playa,2015,3,24,1257.4,1468.837039
Playa,2015,3,25,1238.8,1498.270764
Playa,2015,3,26,1221.8,1474.288288
Playa,2015,3,27,1201.3,1464.087531
Playa,2015,3,28,1179.2,1443.819301
Playa,2015,3,29,1156.7,1446.897531
Playa,2015,3,30,1137.5,1479.072087
Playa,2015,3,31,1116.5,1484.768477
Playa,2015,4,1,1098.2,1513.862966
Playa,2015,4,2,1078.2,1509.714775
Playa,2015,4,3,1064.9,1507.965933
Playa,2015,4,4,1049.4,1510.932513
Playa,2015,4,5,1036.4,1491.64566
Playa,2015,4,6,1023.6,1485.563089
Playa,2015,4,7,1017.6,1455.574584
Playa,2015,4,8,1011.3,1441.539358
Playa,2015,4,9,1008,1431.278591
Playa,2015,4,10,1005.3,1427.243887
Playa,2015,4,11,1010.1,1423.686603
Playa,2015,4,12,1016.6,1414.062873
Playa,2015,4,13,1025.9,1421.157437
Playa,2015,4,14,1035.1,1395.749435
Playa,2015,4,15,1053.4,1411.035467
Playa,2015,4,16,1069.6,1413.951836
Playa,2015,4,17,1092.4,1418.001644
Playa,2015,4,18,1113.2,1488.154917
Playa,2015,4,19,1139.3,1541.408644
Playa,2015,4,20,1164.7,1625.779825
Playa,2015,4,21,1192.3,1654.276059
Playa,2015,4,22,1217.2,1684.607678
Playa,2015,4,23,1242.6,1764.24323
Playa,2015,4,24,1266.4,1809.970081
Playa,2015,4,25,1291.9,1818.910236
Playa,2015,4,26,1310,1850.903948
Playa,2015,4,27,1326.3,1889.780967
Playa,2015,4,28,1338,1890.309824
Playa,2015,4,29,1352.5,1922.637057
Playa,2015,4,30,1356.2,1934.982839
Playa,2015,5,1,1360.3,1948.730062
Playa,2015,5,2,1353.3,1952.220805
Playa,2015,5,3,1348.2,1973.500007
Playa,2015,5,4,1337.1,1940.41184
Playa,2015,5,5,1325.6,1897.699536
Playa,2015,5,6,1304.5,1847.378302
Playa,2015,5,7,1286.9,1850.082597
Playa,2015,5,8,1267.5,1817.611056
Playa,2015,5,9,1249.5,1795.97731
Playa,2015,5,10,1223.5,1746.488042
Playa,2015,5,11,1205.3,1703.924332
Playa,2015,5,12,1188.3,1703.067056
Playa,2015,5,13,1177,1653.25631
Playa,2015,5,14,1157.6,1642.050091
Playa,2015,5,15,1148.1,1623.313322
Playa,2015,5,16,1141,1624.633118
Playa,2015,5,17,1143.6,1616.894985
Playa,2015,5,18,1139.3,1638.552817
Playa,2015,5,19,1143.4,1607.917069
Playa,2015,5,20,1158,1605.043565
Playa,2015,5,21,1183.6,1595.195311
Playa,2015,5,22,1199.4,1624.499832
Playa,2015,5,23,1222.7,1662.227694
Playa,2015,5,24,1255.3,1709.268013
Playa,2015,5,25,1298.7,1726.458829
Playa,2015,5,26,1340.8,1865.182886
Playa,2015,5,27,1391.8,1913.842435
Playa,2015,5,28,1436,1938.457865
Playa,2015,5,29,1493.3,2079.527999
Playa,2015,5,30,1548.9,2080.363434
Playa,2015,5,31,1600.1,2138.830006
Playa,2015,6,1,1639.8,2234.846453
Playa,2015,6,2,1706.6,2293.169738
Playa,2015,6,3,1766.1,2365.227386
Playa,2015,6,4,1797.5,2524.609937
Playa,2015,6,5,1823.6,2562.792971
Playa,2015,6,6,1886.7,2653.849265
Playa,2015,6,7,1935.6,2741.999397
Playa,2015,6,8,1959.1,2673.249197
Playa,2015,6,9,1999.5,2639.442349
Playa,2015,6,10,2030,2614.653422
Playa,2015,6,11,2040.8,2570.204319
Playa,2015,6,12,2074.5,2507.025999
Playa,2015,6,13,2096.9,2495.795695
Playa,2015,6,14,2109.3,2399.42307
Playa,2015,6,15,2143.4,2406.541516
Playa,2015,6,16,2189.3,2352.634627
Playa,2015,6,17,2189.4,2372.620364
Playa,2015,6,18,2211.7,2374.044257
Playa,2015,6,19,2255,2381.376
Playa,2015,6,20,2300.9,2387.216493
Playa,2015,6,21,2286.6,2404.278922
Playa,2015,6,22,2300.5,2499.733037
Playa,2015,6,23,2329.5,2460.413093
Playa,2015,6,24,2313.1,2420.327316
Playa,2015,6,25,2300.9,2404.888199
Playa,2015,6,26,2316,2391.478783
Playa,2015,6,27,2295.9,2296.489025
Playa,2015,6,28,2277,2306.068462
Playa,2015,6,29,2278.1,2194.273662
Playa,2015,6,30,2244.1,2174.625529
Playa,2015,7,1,2207,2123.598676
Playa,2015,7,2,2208.7,2095.933999
Playa,2015,7,3,2172.1,2075.192432
Playa,2015,7,4,2135.1,1999.627099
Playa,2015,7,5,2108.4,2050.271444
Playa,2015,7,6,2120.3,1980.80195
Playa,2015,7,7,2098.4,1991.558711
Playa,2015,7,8,2084.6,2141.008505
Playa,2015,7,9,2098.5,2192.159867
Playa,2015,7,10,2123.6,2198.699039
Playa,2015,7,11,2123.6,2407.774767
Playa,2015,7,12,2137.9,2544.477288
Playa,2015,7,13,2163.2,2516.551347
Playa,2015,7,14,2168.2,2456.576379
Playa,2015,7,15,2191,2434.316209
Playa,2015,7,16,2217.6,2414.568468
Playa,2015,7,17,2225.1,2416.416509
Playa,2015,7,18,2249.5,2431.813578
Playa,2015,7,19,2275.1,2439.914012
Playa,2015,7,20,2284.8,2472.865014
Playa,2015,7,21,2285.9,2486.516712
Playa,2015,7,22,2302.6,2377.884033
Playa,2015,7,23,2307.5,2329.648427
Playa,2015,7,24,2307.2,2323.023732
Playa,2015,7,25,2299.4,2303.909354
Playa,2015,7,26,2287.1,2291.949549
Playa,2015,7,27,2275.2,2281.854522
Playa,2015,7,28,2260.3,2278.035974
Playa,2015,7,29,2240.1,2216.872251
Playa,2015,7,30,2218.1,2191.131953
Playa,2015,7,31,2196.2,2125.033591
Playa,2015,8,1,2167.7,2063.791285
Playa,2015,8,2,2143.5,2017.603546
Playa,2015,8,3,2121.1,1962.529539
Playa,2015,8,4,2093.8,1938.624013
Playa,2015,8,5,2058.8,1889.119232
Playa,2015,8,6,2022,1832.356801
Playa,2015,8,7,1997.5,1810.514859
Playa,2015,8,8,1968.9,1776.70005
Playa,2015,8,9,1929,1794.226019
Playa,2015,8,10,1927.3,1824.692557
Playa,2015,8,11,1924,1834.104621
Playa,2015,8,12,1897.3,1798.717325
Playa,2015,8,13,1885,1750.225557
Playa,2015,8,14,1886.7,1814.07847
Playa,2015,8,15,1876.4,1856.60095
Playa,2015,8,16,1879.1,1838.150756
Playa,2015,8,17,1892,1901.648308
Playa,2015,8,18,1893.1,1923.672931
Playa,2015,8,19,1905.2,1965.378141
Playa,2015,8,20,1948.4,1967.369877
Playa,2015,8,21,1995.7,2115.133084
Playa,2015,8,22,2019,2148.362497
Playa,2015,8,23,2070.2,2204.678329
Playa,2015,8,24,2145.3,2265.101937
Playa,2015,8,25,2176.5,2408.962297
Playa,2015,8,26,2231.4,2487.518091
Playa,2015,8,27,2315.7,2587.213065
Playa,2015,8,28,2403.8,2655.944895
Playa,2015,8,29,2479.5,2657.634135
Playa,2015,8,30,2552,2655.777318
Playa,2015,8,31,2632.8,2715.513678
Playa,2015,9,1,2684.8,2730.144506
Playa,2015,9,2,2757.9,2758.599917
Playa,2015,9,3,2838.9,2802.735094
Playa,2015,9,4,2874.1,2893.207421
Playa,2015,9,5,2899.4,2950.691188
Playa,2015,9,6,2963.2,3014.047494
Playa,2015,9,7,2994.2,3005.054678
Playa,2015,9,8,3010.1,3282.74732
Playa,2015,9,9,3064,3364.888565
Playa,2015,9,10,3088.1,3010.040345
Playa,2015,9,11,3099.8,3084.432232
Playa,2015,9,12,3125.3,3317.199166
Playa,2015,9,13,3141.1,3250.250673
Playa,2015,9,14,3178.2,3232.272185
Playa,2015,9,15,3221.9,3317.920298
Playa,2015,9,16,3288.6,3382.481076
Playa,2015,9,17,3327.4,3441.046846
Playa,2015,9,18,3371.7,3406.74686
Playa,2015,9,19,3454.7,3309.718828
Playa,2015,9,20,3553,3448.209584
Playa,2015,9,21,3627.3,3556.267481
Playa,2015,9,22,3714.9,3478.71919
Playa,2015,9,23,3810,3527.425888
Playa,2015,9,24,3888,3582.443765
Playa,2015,9,25,3974.3,3641.018925
Playa,2015,9,26,4067.9,3708.590167
Playa,2015,9,27,4143.4,3774.022304
Playa,2015,9,28,4228.4,3865.535199
Playa,2015,9,29,4309.3,3931.491498
Playa,2015,9,30,4343.9,4011.070715
Playa,2015,10,1,4382.6,4049.002282
Playa,2015,10,2,4437.5,4070.163506
Playa,2015,10,3,4469.9,4080.395289
Playa,2015,10,4,4501.7,4255.718667
Playa,2015,10,5,4524,4287.369265
Playa,2015,10,6,4541.1,4171.542414
Playa,2015,10,7,4536.9,4337.261861
Playa,2015,10,8,4538.8,4430.821602
Playa,2015,10,9,4527.5,4457.10974
Playa,2015,10,10,4521.3,4436.362457
Playa,2015,10,11,4492,4494.426518
Playa,2015,10,12,4461,4522.405529
Playa,2015,10,13,4428.6,4572.833718
Playa,2015,10,14,4392.4,4598.923457
Playa,2015,10,15,4385.7,4511.087864
Playa,2015,10,16,4365.9,4444.150189
Playa,2015,10,17,4344.4,4461.399381
Playa,2015,10,18,4335.7,4465.783731
Playa,2015,10,19,4283.5,4443.087985
Playa,2015,10,20,4238.9,4752.004628
Playa,2015,10,21,4196.6,4878.761737
Playa,2015,10,22,4196.7,4791.914867
Playa,2015,10,23,4157.4,4719.895592
Playa,2015,10,24,4134.5,4811.076191
Playa,2015,10,25,4103.9,4662.812499
Playa,2015,10,26,4112.3,4562.608058
Playa,2015,10,27,4094.4,4584.516745
Playa,2015,10,28,4080.5,4670.196495
Playa,2015,10,29,4058,4716.967793
Playa,2015,10,30,4057.9,4672.017184
Playa,2015,10,31,4034.9,4768.810894
Playa,2015,11,1,4014.8,4866.987267
Playa,2015,11,2,3978.6,4757.519356
Playa,2015,11,3,3994.7,4731.491259
Playa,2015,11,4,3982.9,4807.152729
Playa,2015,11,5,3977.4,4619.277618
Playa,2015,11,6,3938.1,4564.524681
Playa,2015,11,7,3950.8,4590.695657
Playa,2015,11,8,3940.4,4592.74577
Playa,2015,11,9,3933.3,4701.625018
Playa,2015,11,10,3894.8,4655.875918
Playa,2015,11,11,3904.3,4597.976373
Playa,2015,11,12,3893.8,4609.186265
Playa,2015,11,13,3888.6,4651.093956
Playa,2015,11,14,3853.1,4667.818169
Playa,2015,11,15,3865.7,4608.263674
Playa,2015,11,16,3854.5,4513.600089
Playa,2015,11,17,3861.9,4277.703692
Playa,2015,11,18,3835.4,4501.515367
Playa,2015,11,19,3851,4352.452776
Playa,2015,11,20,3845.9,4278.400942
Playa,2015,11,21,3857.6,4250.561545
Playa,2015,11,22,3836.7,4282.090083
Playa,2015,11,23,3852.2,4191.519374
Playa,2015,11,24,3852.8,4017.396589
Playa,2015,11,25,3868.8,4153.260817
Playa,2015,11,26,3855.1,4243.345329
Playa,2015,11,27,3875.5,4341.371066
Playa,2015,11,28,3881.9,4253.710194
Playa,2015,11,29,3905.6,4125.04626
Playa,2015,11,30,3893.9,4125.566749
Playa,2015,12,1,3918.2,4199.668386
Playa,2015,12,2,3919.4,4213.518686
Playa,2015,12,3,3937.2,4053.49522
Playa,2015,12,4,3921.5,4110.55831
Playa,2015,12,5,3938.3,4150.511414
Playa,2015,12,6,3934.4,4179.345658
Playa,2015,12,7,3943.9,4173.999936
Playa,2015,12,8,3926.1,4127.268236
Playa,2015,12,9,3933,4073.037419
Playa,2015,12,10,3921,4077.872451
Playa,2015,12,11,3921,4092.854354
Playa,2015,12,12,3892.6,4039.495101
Playa,2015,12,13,3888.7,3961.84761
Playa,2015,12,14,3859.4,4041.397435
Playa,2015,12,15,3842.5,4066.772371
Playa,2015,12,16,3798.3,3926.786282
Playa,2015,12,17,3777.6,3944.936838
Playa,2015,12,18,3736.7,3992.167799
Playa,2015,12,19,3709.9,3959.739938
Playa,2015,12,20,3660.7,3955.334769
Playa,2015,12,21,3633.1,3993.283481
Playa,2015,12,22,3587.2,3953.836578
Playa,2015,12,23,3551.7,3978.418739
Playa,2015,12,24,3500,3954.559955
Playa,2015,12,25,3468,3891.47961
Playa,2015,12,26,3421,3867.910259
Playa,2015,12,27,3387.3,3813.454102
Playa,2015,12,28,3338,3707.805965
Playa,2015,12,29,3312.9,3628.586395
Playa,2015,12,30,3279.6,3615.136564
Playa,2015,12,31,3260.3,3593.040502
Playa,2016,1,1,3228.7,3537.790753
Playa,2016,1,2,3217.7,3526.526566
Playa,2016,1,3,3197.9,3540.583429
Playa,2016,1,4,3187.8,3557.258246
Playa,2016,1,5,3165.4,3439.719295
Playa,2016,1,6,3161.2,3477.772105
Playa,2016,1,7,3148.2,3549.118215
Playa,2016,1,8,3144.3,3482.051541
Playa,2016,1,9,3130.9,3443.657862
Playa,2016,1,10,3133,3513.436383
Playa,2016,1,11,3125.8,3467.373357
Playa,2016,1,12,3124,3420.367737
Playa,2016,1,13,3110.5,3417.994514
Playa,2016,1,14,3107.7,3440.322245
Playa,2016,1,15,3094.1,3410.474783
Playa,2016,1,16,3080.6,3381.580528
Playa,2016,1,17,3054.1,3363.696136
Playa,2016,1,18,3035.2,3482.436498
Playa,2016,1,19,3007.7,3511.40015
Playa,2016,1,20,2982.2,3460.925424
Playa,2016,1,21,2948.5,3471.299269
Playa,2016,1,22,2924.2,3474.593655
Playa,2016,1,23,2891.5,3348.699945
Playa,2016,1,24,2859.3,3491.443194
Playa,2016,1,25,2821.4,3416.319358
Playa,2016,1,26,2793.2,3447.24168
Playa,2016,1,27,2760.8,3419.83092
Playa,2016,1,28,2730.8,3425.989421
Playa,2016,1,29,2698,3509.34269
Playa,2016,1,30,2677.1,3515.048468
Playa,2016,1,31,2658.7,3488.893004
Playa,2016,2,1,2646.1,3694.028329
Playa,2016,2,2,2633.6,3687.403225
Playa,2016,2,3,2631.2,3638.338103
Playa,2016,2,4,2628.3,3731.043428
Playa,2016,2,5,2625.8,3637.150165
Playa,2016,2,6,2621.4,3650.75553
Playa,2016,2,7,2625,3692.619948
Playa,2016,2,8,2627.5,3584.1526
Playa,2016,2,9,2630.2,3622.72549
Playa,2016,2,10,2629.5,3653.86254
Playa,2016,2,11,2635.4,3609.324647
Playa,2016,2,12,2640.6,3475.503591
Playa,2016,2,13,2642.7,3516.120471
Playa,2016,2,14,2639.7,3539.821679
Playa,2016,2,15,2641.5,3485.245503
Playa,2016,2,16,2641.9,3546.534551
Playa,2016,2,17,2639,3600.703725
Playa,2016,2,18,2632.8,3587.691105
Playa,2016,2,19,2633.2,3385.910584
Playa,2016,2,20,2634.1,3391.699641
Playa,2016,2,21,2632.5,3494.666548
Playa,2016,2,22,2627.3,3493.084263
Playa,2016,2,23,2625.2,3469.500216
Playa,2016,2,24,2622.1,3502.462853
Playa,2016,2,25,2616.1,3513.260846
Playa,2016,2,26,2604.7,3427.302685
Playa,2016,2,27,2594.3,3387.254873
Playa,2016,2,28,2582.4,3380.257875
Playa,2016,2,29,2568.1,3726.683571
Playa,2016,3,1,2546.7,3710.657017
Playa,2016,3,2,2526.6,3555.601256
Playa,2016,3,3,2505.9,3524.297242
Playa,2016,3,4,2481,3573.524021
Playa,2016,3,5,2449.4,3467.505623
Playa,2016,3,6,2419,3669.37677
Playa,2016,3,7,2386.9,3655.670165
Playa,2016,3,8,2351.9,3410.970777
Playa,2016,3,9,2314.6,3361.697665
Playa,2016,3,10,2277.7,3514.798226
Playa,2016,3,11,2239.6,3478.474662
Playa,2016,3,12,2200.4,3217.204146
Playa,2016,3,13,2160,3193.853604
Playa,2016,3,14,2122.4,3332.722786
Playa,2016,3,15,2082.7,3315.840793
Playa,2016,3,16,2044.2,3316.838702
Playa,2016,3,17,2003.1,3179.573442
Playa,2016,3,18,1962.6,3098.634423
Playa,2016,3,19,1921.3,3082.558065
Playa,2016,3,20,1882.8,3091.611707
Playa,2016,3,21,1840.3,3038.459628
Playa,2016,3,22,1800.6,2956.093654
Playa,2016,3,23,1761.4,2958.868572
Playa,2016,3,24,1727.9,2889.097195
Playa,2016,3,25,1690.4,2804.372286
Playa,2016,3,26,1657.9,2769.611412
Playa,2016,3,27,1627.7,2773.800222
Playa,2016,3,28,1604.6,2804.272883
Playa,2016,3,29,1579.1,2794.140911
Playa,2016,3,30,1560.8,2800.896647
Playa,2016,3,31,1545.4,2778.81324
Playa,2016,4,1,1538.5,2815.423583
Playa,2016,4,2,1531.4,2788.252656
Playa,2016,4,3,1530.6,2851.139297
Playa,2016,4,4,1529.3,2831.301339
Playa,2016,4,5,1536.5,2842.899251
Playa,2016,4,6,1542.6,2934.711988
Playa,2016,4,7,1555.8,2942.37664
Playa,2016,4,8,1561.7,2956.496166
Playa,2016,4,9,1577.7,3046.178574
Playa,2016,4,10,1592.5,3081.890207
Playa,2016,4,11,1613.2,3065.957953
Playa,2016,4,12,1625,3071.976228
Playa,2016,4,13,1643.1,3083.237558
Playa,2016,4,14,1661.9,3099.433322
Playa,2016,4,15,1690.6,3100.475932
Playa,2016,4,16,1702.7,3041.583171
Playa,2016,4,17,1721.2,3053.295591
Playa,2016,4,18,1739.6,3200.136206
Playa,2016,4,19,1768,3139.361523
Playa,2016,4,20,1785.1,3134.61324
Playa,2016,4,21,1811.3,3121.425695
Playa,2016,4,22,1832.4,3282.25704
Playa,2016,4,23,1869,3229.200283
Playa,2016,4,24,1898.8,3291.281698
Playa,2016,4,25,1933.5,3463.416829
Playa,2016,4,26,1961.9,3553.022491
Playa,2016,4,27,2002.8,3456.919908
Playa,2016,4,28,2042.2,3333.094068
Playa,2016,4,29,2079.5,3357.215953
Playa,2016,4,30,2097.6,3376.189697
Playa,2016,5,1,2140.7,3489.171415
Playa,2016,5,2,2179.1,3472.351268
Playa,2016,5,3,2220,3390.516805
Playa,2016,5,4,2257.8,3483.132524
Playa,2016,5,5,2313.1,3559.679845
Playa,2016,5,6,2362.5,3524.610352
Playa,2016,5,7,2428,3487.889992
Playa,2016,5,8,2463.7,3518.239573
Playa,2016,5,9,2506.9,3518.529005
Playa,2016,5,10,2549.6,3532.883465
Playa,2016,5,11,2608.3,3499.54077
Playa,2016,5,12,2644.7,3518.211405
Playa,2016,5,13,2682.2,3497.058346
Playa,2016,5,14,2723.6,3462.130099
Playa,2016,5,15,2786.8,3478.52569
Playa,2016,5,16,2826.9,3491.510959
Playa,2016,5,17,2872.2,3541.974256
Playa,2016,5,18,2913.7,3532.791614
Playa,2016,5,19,2948.7,3581.636702
Playa,2016,5,20,2968.5,3665.203881
Playa,2016,5,21,2987.2,3694.292451
Playa,2016,5,22,3007.1,3663.708957
Playa,2016,5,23,3052,3706.213882
Playa,2016,5,24,3096,3478.295859
Playa,2016,5,25,3159.9,3493.325525
Playa,2016,5,26,3192.5,3653.375934
Playa,2016,5,27,3254.3,3754.614003
Playa,2016,5,28,3301.6,4074.492338
Playa,2016,5,29,3367.3,4016.713219
Playa,2016,5,30,3423.7,3704.53199
Playa,2016,5,31,3486.8,3614.965518
Playa,2016,6,1,3531.5,3756.796789
Playa,2016,6,2,3595.4,3768.752511
Playa,2016,6,3,3660.7,3813.865186
Playa,2016,6,4,3727.8,3811.182323
Playa,2016,6,5,3814.3,3740.87025
Playa,2016,6,6,3865.8,3695.630617
Playa,2016,6,7,3903.6,3702.113658
Playa,2016,6,8,3924.9,3771.835028
Playa,2016,6,9,3912.5,3831.860616
Playa,2016,6,10,3930.1,3852.67199
Playa,2016,6,11,3915.4,3891.85477
Playa,2016,6,12,3917.7,3955.253532
Playa,2016,6,13,3883.7,4004.070043
Playa,2016,6,14,3841.8,3883.720862
Playa,2016,6,15,3809.4,3741.336444
Playa,2016,6,16,3813.2,3741.645063
Playa,2016,6,17,3781.4,3717.633195
Playa,2016,6,18,3735.9,3706.735187
Playa,2016,6,19,3709,3598.288659
Playa,2016,6,20,3648,3588.654111
Playa,2016,6,21,3595.1,3440.320204
Playa,2016,6,22,3566.8,3422.659928
Playa,2016,6,23,3565,3523.737564
Playa,2016,6,24,3552.9,3431.022034
Playa,2016,6,25,3525.7,3456.683137
Playa,2016,6,26,3530.9,3464.025902
Playa,2016,6,27,3538.6,3463.074327
Playa,2016,6,28,3533.8,3364.654856
Playa,2016,6,29,3529.1,3409.537699
Playa,2016,6,30,3523.7,3334.114021
Playa,2016,7,1,3488.3,3433.695916
Playa,2016,7,2,3467.3,3268.134861
Playa,2016,7,3,3463.5,3183.633864
Playa,2016,7,4,3439.3,3110.469514
Playa,2016,7,5,3429.5,3005.062843
Playa,2016,7,6,3433.2,3012.275996
Playa,2016,7,7,3414.6,2877.012677
Playa,2016,7,8,3378.5,3028.56055
Playa,2016,7,9,3365.7,2960.182653
Playa,2016,7,10,3348.9,3028.820386
Playa,2016,7,11,3312.8,2950.743033
Playa,2016,7,12,3270.2,2896.284835
Playa,2016,7,13,3264.2,2944.333881
Playa,2016,7,14,3259.3,2896.214211
Playa,2016,7,15,3244.8,2820.985461
Playa,2016,7,16,3233.6,2791.637872
Playa,2016,7,17,3219.5,2694.533706
Playa,2016,7,18,3197.8,2730.47517
Playa,2016,7,19,3177.4,2650.782057
Playa,2016,7,20,3154.1,2654.787982
Playa,2016,7,21,3128.6,2645.453276
Playa,2016,7,22,3107.2,2742.2427
Playa,2016,7,23,3088.4,2733.497677
Playa,2016,7,24,3067.9,2714.031816
Playa,2016,7,25,3053.2,2659.506465
Playa,2016,7,26,3043.2,2622.869179
Playa,2016,7,27,3033.4,2626.237862
Playa,2016,7,28,3013,2671.696713
Playa,2016,7,29,2995.8,2738.603363
Playa,2016,7,30,2984.6,2856.149662
Playa,2016,7,31,2979.9,2948.48595
Playa,2016,8,1,2981.4,2950.939594
Playa,2016,8,2,2989.6,2928.749844
Playa,2016,8,3,3001.9,3111.377409
Playa,2016,8,4,3017.8,3157.115079
Playa,2016,8,5,3033.7,3032.307454
Playa,2016,8,6,3049.2,3043.185868
Playa,2016,8,7,3064.2,3141.045661
Playa,2016,8,8,3062.4,3205.589089
Playa,2016,8,9,3064.7,3090.789743
Playa,2016,8,10,3063.2,3166.002368
Playa,2016,8,11,3060.2,3110.368682
Playa,2016,8,12,3046.9,3208.210105
Playa,2016,8,13,3034.9,3109.772264
Playa,2016,8,14,3033.6,3236.463036
Playa,2016,8,15,3020.7,3220.274824
Playa,2016,8,16,3004.1,3304.079999
Playa,2016,8,17,2995,3335.002321
Playa,2016,8,18,2976.8,3339.719988
Playa,2016,8,19,2956.2,3289.914957
Playa,2016,8,20,2940.4,3382.191031
Playa,2016,8,21,2918.5,3353.413734
Playa,2016,8,22,2895.7,3354.873142
Playa,2016,8,23,2908.5,3423.224505
Playa,2016,8,24,2902.2,3511.525884
Playa,2016,8,25,2893.8,3643.338875
Playa,2016,8,26,2883.1,3454.610572
Playa,2016,8,27,2901.8,3487.30827
Playa,2016,8,28,2913.1,3632.257573
Playa,2016,8,29,2881.9,3619.189843
Playa,2016,8,30,2867.5,3425.590176
Playa,2016,8,31,2861.9,3206.619656
Playa,2016,9,1,2829.2,3079.411253
Playa,2016,9,2,2805.3,2913.650167
Playa,2016,9,3,2784.3,2837.67273
Playa,2016,9,4,2766.7,2740.648576
Playa,2016,9,5,2758.2,2664.051452
Playa,2016,9,6,2753.2,2592.018297
Playa,2016,9,7,2737.7,2592.941704
Playa,2016,9,8,2744,2599.729691
Playa,2016,9,9,2764.4,2482.325862
Playa,2016,9,10,2805,2539.506929
Playa,2016,9,11,2805,2521.294731
Playa,2016,9,12,2824.1,2581.367265
Playa,2016,9,13,2898.1,2610.006786
Playa,2016,9,14,2957.9,2651.093738
Playa,2016,9,15,3009.3,2711.915571
Playa,2016,9,16,3086.6,2754.382532
Playa,2016,9,17,3164.5,2778.823242
Playa,2016,9,18,3246.9,2928.493886
Playa,2016,9,19,3309,2984.498037
Playa,2016,9,20,3367.7,2984.607442
Playa,2016,9,21,3431.1,3008.983448
Playa,2016,9,22,3473.7,3068.075626
Playa,2016,9,23,3510.1,3117.326287
Playa,2016,9,24,3540.6,3198.195703
Playa,2016,9,25,3523.7,3186.980707
Playa,2016,9,26,3547.3,3222.769086
Playa,2016,9,27,3540.4,3173.06407
Playa,2016,9,28,3503.3,3141.572681
Playa,2016,9,29,3470.5,3022.59963
Playa,2016,9,30,3437.7,3002.545924
Playa,2016,10,1,3403.6,2920.094427
Playa,2016,10,2,3363.4,2872.079467
Playa,2016,10,3,3303.5,3011.851645
Playa,2016,10,4,3252.4,2960.266339
Playa,2016,10,5,3228.5,2757.400957
Playa,2016,10,6,3181.6,2773.770013
Playa,2016,10,7,3125.6,2856.269477
Playa,2016,10,8,3082.4,2895.375715
Playa,2016,10,9,3043.8,2927.15817
Playa,2016,10,10,3039.4,2922.032889
Playa,2016,10,11,2996.5,2923.047739
Playa,2016,10,12,2986.4,2890.840525
Playa,2016,10,13,2989.6,2863.987198
Playa,2016,10,14,2997.4,2916.398958
Playa,2016,10,15,3013.9,3076.982103
Playa,2016,10,16,2992.6,3061.22906
Playa,2016,10,17,3004.6,3069.820998
Playa,2016,10,18,3032.2,3221.553593
Playa,2016,10,19,3072.2,3067.113641
Playa,2016,10,20,3054.9,2863.797373
Playa,2016,10,21,3081.3,3022.783128
Playa,2016,10,22,3131.6,3082.34293
Playa,2016,10,23,3174.6,3014.947225
Playa,2016,10,24,3182,3063.468385
Playa,2016,10,25,3207.9,3208.946341
Playa,2016,10,26,3259.4,3189.467213
Playa,2016,10,27,3300.2,3162.111156
Playa,2016,10,28,3304.1,3177.800923
Playa,2016,10,29,3326.9,3262.963043
Playa,2016,10,30,3327.9,3206.809073
Playa,2016,10,31,3386.5,3286.352774
Playa,2016,11,1,3391.1,3275.444561
Playa,2016,11,2,3413.7,3350.566355
Playa,2016,11,3,3414.6,3415.382478
Playa,2016,11,4,3472.5,3400.647756
Playa,2016,11,5,3475.7,3293.016251
Playa,2016,11,6,3494.6,3392.567326
Playa,2016,11,7,3496.3,3477.80762
Playa,2016,11,8,3547.7,3485.269588
Playa,2016,11,9,3552.3,3516.514001
Playa,2016,11,10,3565.8,3597.210125
Playa,2016,11,11,3563.4,3627.752388
Playa,2016,11,12,3610.6,3639.03862
Playa,2016,11,13,3618.7,3623.50806
Playa,2016,11,14,3649.4,3615.250868
Playa,2016,11,15,3641.5,3608.570245
Playa,2016,11,16,3681.5,3663.573426
Playa,2016,11,17,3685.6,3640.896457
Playa,2016,11,18,3708.7,3535.134425
Playa,2016,11,19,3697.1,3633.03402
Playa,2016,11,20,3735.6,3853.913814
Playa,2016,11,21,3737.5,3823.628733
Playa,2016,11,22,3757.7,3680.848336
Playa,2016,11,23,3747.2,3668.375391
Playa,2016,11,24,3780.6,3567.120584
Playa,2016,11,25,3783.4,3433.936362
Playa,2016,11,26,3803.1,3500.339668
Playa,2016,11,27,3793.8,3413.736714
Playa,2016,11,28,3818,3541.056155
Playa,2016,11,29,3820.2,3645.617594
Playa,2016,11,30,3835.9,3719.966616
Playa,2016,12,1,3820.7,3725.617284
Playa,2016,12,2,3834.9,3813.072411
Playa,2016,12,3,3829.5,3871.89618
Playa,2016,12,4,3833.5,3814.053786
Playa,2016,12,5,3806.5,3662.047476
Playa,2016,12,6,3809.2,3722.892782
Playa,2016,12,7,3793.6,3787.812187
Playa,2016,12,8,3786.7,3814.712664
Playa,2016,12,9,3751.6,3630.683453
Playa,2016,12,10,3744.7,3571.487381
Playa,2016,12,11,3719.8,3633.403873
Playa,2016,12,12,3702.6,3587.791121
Playa,2016,12,13,3662.1,3584.376716
Playa,2016,12,14,3648.7,3603.3723
Playa,2016,12,15,3619.4,3597.813483
Playa,2016,12,16,3600.1,3583.872965
Playa,2016,12,17,3563.1,3573.791818
Playa,2016,12,18,3552,3635.138018
Playa,2016,12,19,3529.6,3695.43426
Playa,2016,12,20,3516.9,3515.661624
Playa,2016,12,21,3487.8,3495.458099
Playa,2016,12,22,3482.5,3544.884092
Playa,2016,12,23,3467,3332.417229
Playa,2016,12,24,3460.7,3439.435986
Playa,2016,12,25,3436.4,3547.140767
Playa,2016,12,26,3434.7,3547.239558
Playa,2016,12,27,3421.9,3508.711572
Playa,2016,12,28,3416.6,3406.347411
Playa,2016,12,29,3391.4,3485.700267
Playa,2016,12,30,3389.3,3461.148315
Playa,2016,12,31,3374.4,3497.245313
Playa,2017,1,1,3363.2,3366.218975
Playa,2017,1,2,3328.3,3337.030798
Playa,2017,1,3,3297.3,3400.700213
Playa,2017,1,4,3264.5,3413.440138
Playa,2017,1,5,3234.7,3208.652622
Playa,2017,1,6,3181.7,3250.701151
Playa,2017,1,7,3133.7,3235.201821
Playa,2017,1,8,3081.7,3190.708221
Playa,2017,1,9,3032.6,3073.820798
Playa,2017,1,10,2964,2988.71828
Playa,2017,1,11,2902.7,2808.401887
Playa,2017,1,12,2837,2573.77589
Playa,2017,1,13,2775.2,2506.965786
Playa,2017,1,14,2694.7,2421.83163
Playa,2017,1,15,2623.6,2359.064394
Playa,2017,1,16,2551.2,2158.675721
Playa,2017,1,17,2488.3,2066.207576
Playa,2017,1,18,2442.1,2003.711811
Playa,2017,1,19,2385.3,1861.145528
Playa,2017,1,20,2324.5,1818.029488
Playa,2017,1,21,2274.3,1757.870614
Playa,2017,1,22,2235.8,1653.116696
Playa,2017,1,23,2190.6,1655.186403
Playa,2017,1,24,2145.5,1717.766671
Playa,2017,1,25,2109.3,1705.511311
Playa,2017,1,26,2083.3,1734.74276
Playa,2017,1,27,2055.4,1718.804995
Playa,2017,1,28,2027.9,1674.663694
Playa,2017,1,29,2011,1689.865428
Playa,2017,1,30,2001.6,1728.540987
Playa,2017,1,31,1988,1743.597187
Playa,2017,2,1,1975.5,1785.272393
Playa,2017,2,2,1953.2,1811.599925
Playa,2017,2,3,1946.2,1849.330848
Playa,2017,2,4,1939.7,1851.827968
Playa,2017,2,5,1933.5,1871.049505
Playa,2017,2,6,1920.4,1887.705341
Playa,2017,2,7,1922.1,1888.915527
Playa,2017,2,8,1920.6,1847.959004
Playa,2017,2,9,1920.7,1903.01852
Playa,2017,2,10,1914.5,1954.137631
Playa,2017,2,11,1920,1948.229169
Playa,2017,2,12,1922.8,1998.903518
Playa,2017,2,13,1924.5,1944.503492
Playa,2017,2,14,1920.5,1948.820893
Playa,2017,2,15,1927.2,1954.429921
Playa,2017,2,16,1928.9,1937.496084
Playa,2017,2,17,1929,1976.522514
Playa,2017,2,18,1925.7,1922.486625
Playa,2017,2,19,1931.8,1957.192184
Playa,2017,2,20,1933.2,1966.645684
Playa,2017,2,21,1933.1,1959.87321
Playa,2017,2,22,1926.5,1952.831307
Playa,2017,2,23,1930.4,1990.736544
Playa,2017,2,24,1926.9,1980.594571
Playa,2017,2,25,1921.8,2023.302589
Playa,2017,2,26,1908.5,2034.979697
Playa,2017,2,27,1903,2151.823847
Playa,2017,2,28,1889.8,2147.006777
Playa,2017,3,1,1874.8,2147.340707
Playa,2017,3,2,1852.1,2074.825028
Playa,2017,3,3,1835,2113.898812
Playa,2017,3,4,1816.2,2102.705248
Playa,2017,3,5,1794.2,2063.972741
Playa,2017,3,6,1761.8,2017.614977
Playa,2017,3,7,1735.9,1976.761122
Playa,2017,3,8,1709.6,1925.547914
Playa,2017,3,9,1684.4,1932.441019
Playa,2017,3,10,1651.3,1968.881539
Playa,2017,3,11,1626.3,1907.886822
Playa,2017,3,12,1602,1883.791676
Playa,2017,3,13,1581.8,1882.072839
Playa,2017,3,14,1558,1863.575903
Playa,2017,3,15,1544.2,1856.969374
Playa,2017,3,16,1533.9,1777.575083
Playa,2017,3,17,1529.5,1728.685703
Playa,2017,3,18,1525.4,1747.249588
Playa,2017,3,19,1528.1,1734.555997
Playa,2017,3,20,1535.5,1732.846141
Playa,2017,3,21,1551.2,1709.066962
Playa,2017,3,22,1568.1,1778.996119
Playa,2017,3,23,1590,1862.312035
Playa,2017,3,24,1612.6,1911.404303
Playa,2017,3,25,1640.7,1843.340536
Playa,2017,3,26,1671.2,1911.260199
Playa,2017,3,27,1706.1,1918.890152
Playa,2017,3,28,1742.1,1993.31286
Playa,2017,3,29,1780.5,2061.848536
Playa,2017,3,30,1820.4,2106.31009
Playa,2017,3,31,1861.8,2098.376009
Playa,2017,4,1,1903,2119.096757
Playa,2017,4,2,1944.5,2170.278531
Playa,2017,4,3,1985.2,2226.712137
Playa,2017,4,4,2024.9,2184.152101
Playa,2017,4,5,2062.8,2205.614188
Playa,2017,4,6,2096.6,2227.544102
Playa,2017,4,7,2127.4,2265.354425
Playa,2017,4,8,2156.6,2264.099946
Playa,2017,4,9,2182.1,2299.653799
Playa,2017,4,10,2199.8,2365.080833
Playa,2017,4,11,2213.5,2443.029594
Playa,2017,4,12,2223.6,2512.804238
Playa,2017,4,13,2230.8,2587.82316
Playa,2017,4,14,2231.1,2618.53994
Playa,2017,4,15,2228.2,2594.989776
Playa,2017,4,16,2222.7,2621.957202
Playa,2017,4,17,2215.4,2619.86892
Playa,2017,4,18,2203.7,2679.271351
Playa,2017,4,19,2190.9,2814.953714
Playa,2017,4,20,2178.3,2617.31771
Playa,2017,4,21,2167.6,2683.7549
Playa,2017,4,22,2157.1,2885.557669
Playa,2017,4,23,2151,2992.517846
Playa,2017,4,24,2149.4,2964.36391
Playa,2017,4,25,2153,2866.732112
Playa,2017,4,26,2158.5,2910.561731
Playa,2017,4,27,2168.5,2888.493428
Playa,2017,4,28,2184,2861.561518
Playa,2017,4,29,2204.5,2897.35949
Playa,2017,4,30,2225.6,2980.550897
Playa,2017,5,1,2250.3,2979.422152
Playa,2017,5,2,2291.7,2924.025849
Playa,2017,5,3,2337.8,3026.162425
Playa,2017,5,4,2372.3,3108.650254
Playa,2017,5,5,2408.9,3092.056673
Playa,2017,5,6,2453.2,3087.255116
Playa,2017,5,7,2497.7,3120.264291
Playa,2017,5,8,2528.8,3051.532666
Playa,2017,5,9,2560.2,3223.115466
Playa,2017,5,10,2597.9,3163.843872
Playa,2017,5,11,2634.8,3250.363956
Playa,2017,5,12,2657.9,3475.1517
Playa,2017,5,13,2678.1,3503.138468
Playa,2017,5,14,2714.9,3353.631726
Playa,2017,5,15,2744.4,3346.528794
Playa,2017,5,16,2757.5,3388.36729
Playa,2017,5,17,2746.8,3407.598012
Playa,2017,5,18,2749.7,3412.156266
Playa,2017,5,19,2769.7,3464.605175
Playa,2017,5,20,2793,3464.737441
Playa,2017,5,21,2817.9,3433.035406
Playa,2017,5,22,2837.2,3354.552685
Playa,2017,5,23,2865,3372.460958
Playa,2017,5,24,2890.3,3386.365144
Playa,2017,5,25,2911.8,3437.63285
Playa,2017,5,26,2927.3,3454.163156
Playa,2017,5,27,2968.1,3453.733294
Playa,2017,5,28,3014.8,3524.117623
Playa,2017,5,29,3018.5,3608.085272
Playa,2017,5,30,3039.7,3618.563216
Playa,2017,5,31,3092.6,3699.102173
Playa,2017,6,1,3145.7,3684.313769
Playa,2017,6,2,3169.4,3778.967557
Playa,2017,6,3,3201.1,3715.913338
Playa,2017,6,4,3216.4,3832.360284
Playa,2017,6,5,3209.5,3817.061189
Playa,2017,6,6,3217.5,3730.066134
Playa,2017,6,7,3235.1,3706.948281
Playa,2017,6,8,3249.1,3662.081767
Playa,2017,6,9,3235.1,3588.654111
Playa,2017,6,10,3234.2,3583.158977
Playa,2017,6,11,3222.9,3496.991397
Playa,2017,6,12,3181.9,3500.113511
Playa,2017,6,13,3172.5,3558.137566
Playa,2017,6,14,3159.1,3515.139911
Playa,2017,6,15,3111.5,3559.262637
Playa,2017,6,16,3076.6,3535.755745
Playa,2017,6,17,3058.7,3573.283168
Playa,2017,6,18,3011,3544.623644
Playa,2017,6,19,2976.9,3452.146926
Playa,2017,6,20,2939.4,3420.483878
Playa,2017,6,21,2895.2,3549.207208
Playa,2017,6,22,2855.4,3495.415235
Playa,2017,6,23,2806.1,3530.824372
Playa,2017,6,24,2799.5,3429.169095
Playa,2017,6,25,2792.3,3358.566365
Playa,2017,6,26,2763.7,3321.00261
Playa,2017,6,27,2756.7,3239.342868
Playa,2017,6,28,2770.2,3153.508808
Playa,2017,6,29,2762,3091.573333
Playa,2017,6,30,2768.6,2995.571786
Playa,2017,7,1,2793.9,2932.262631
Playa,2017,7,2,2802.3,2868.861011
Playa,2017,7,3,2826.3,2812.098784
Playa,2017,7,4,2867.1,2865.447423
Playa,2017,7,5,2929,2838.193014
Playa,2017,7,6,2971.4,2873.4011
Playa,2017,7,7,3011.5,2899.203448
Playa,2017,7,8,3068.4,2944.813547
Playa,2017,7,9,3093,2950.122937
Playa,2017,7,10,3116.7,2942.386233
Playa,2017,7,11,3161.2,2899.133029
Playa,2017,7,12,3211.6,3034.803962
Playa,2017,7,13,3220.8,3015.679583
Playa,2017,7,14,3248.9,3148.724192
Playa,2017,7,15,3283.4,3285.854942
Playa,2017,7,16,3282.8,3256.002173
Playa,2017,7,17,3296.5,3126.022322
Playa,2017,7,18,3313.6,3121.382014
Playa,2017,7,19,3297.4,2990.979037
Playa,2017,7,20,3277.7,2967.167812
Playa,2017,7,21,3277,2876.025178
Playa,2017,7,22,3257.1,2818.334236
Playa,2017,7,23,3234.1,2723.552877
Playa,2017,7,24,3225.3,2649.742305
Playa,2017,7,25,3200.8,2541.760338
Playa,2017,7,26,3173.2,2482.07419
Playa,2017,7,27,3142.2,2422.495406
Playa,2017,7,28,3112.7,2440.875793
Playa,2017,7,29,3078.8,2461.648181
Playa,2017,7,30,3041.2,2425.921853
Playa,2017,7,31,2986.6,2350.904972
Playa,2017,8,1,2941.9,2314.502621
Playa,2017,8,2,2907.5,2271.726225
Playa,2017,8,3,2865.3,2282.549527
Playa,2017,8,4,2813.3,2251.856424
Playa,2017,8,5,2771,2223.667585
Playa,2017,8,6,2735.9,2257.836327
Playa,2017,8,7,2694.4,2248.269136
Playa,2017,8,8,2648.6,2309.655138
Playa,2017,8,9,2631,2253.534847
Playa,2017,8,10,2609.2,2218.714576
Playa,2017,8,11,2583.6,2192.869568
Playa,2017,8,12,2550.7,2120.222237
Playa,2017,8,13,2546.9,2138.433618
Playa,2017,8,14,2547,2165.862748
Playa,2017,8,15,2575.3,2086.67502
Playa,2017,8,16,2613.7,2107.797054
Playa,2017,8,17,2632.9,2219.112597
Playa,2017,8,18,2672.4,2169.847649
Playa,2017,8,19,2757.6,2153.372249
Playa,2017,8,20,2827.2,2487.555444
Playa,2017,8,21,2878.9,2245.79651
Playa,2017,8,22,2934.4,2167.227448
Playa,2017,8,23,3025.8,2358.93662
Playa,2017,8,24,3078.9,2401.14701
Playa,2017,8,25,3136,2300.424734
Playa,2017,8,26,3225.9,2265.742649
Playa,2017,8,27,3334.5,2374.736404
Playa,2017,8,28,3395,2348.760764
Playa,2017,8,29,3445.8,2376.682215
Playa,2017,8,30,3528.5,2370.350421
Playa,2017,8,31,3568.5,2478.27095
Playa,2017,9,1,3611,2599.839912
Playa,2017,9,2,3682.3,2671.712634
Playa,2017,9,3,3677.8,2589.769786
Playa,2017,9,4,3680,2608.279377
Playa,2017,9,5,3711.9,2785.320367
Playa,2017,9,6,3770.1,2851.122968
Playa,2017,9,7,3761.9,2874.35492
Playa,2017,9,8,3771.2,2911.325523
Playa,2017,9,9,3784.3,2987.968777
Playa,2017,9,10,3755.8,3090.441934
Playa,2017,9,11,3732.6,3010.026466
Playa,2017,9,12,3727.7,3037.122891
Playa,2017,9,13,3726.5,3246.742785
Playa,2017,9,14,3692.1,3347.464244
Playa,2017,9,15,3680.8,3324.224332
Playa,2017,9,16,3662.2,3378.351051
Playa,2017,9,17,3591.9,3555.722908
Playa,2017,9,18,3594.1,3556.409544
Playa,2017,9,19,3594,3531.349759
Playa,2017,9,20,3575.2,3433.230947
Playa,2017,9,21,3512.7,3462.471785
Playa,2017,9,22,3517.2,3676.187617
Playa,2017,9,23,3530,3773.18544
Playa,2017,9,24,3533.6,3649.559835
Playa,2017,9,25,3532.5,3719.557166
Playa,2017,9,26,3553.9,3702.375739
Playa,2017,9,27,3583.8,3524.077208
Playa,2017,9,28,3605.6,3408.846164
Playa,2017,9,29,3607,3313.887227
Playa,2017,9,30,3640.1,3330.497341
Playa,2017,10,1,3683.9,3611.868305
Playa,2017,10,2,3746.5,3720.763474
Playa,2017,10,3,3751.5,3868.299299
Playa,2017,10,4,3775.2,3886.612737
Playa,2017,10,5,3809.9,3675.859403
Playa,2017,10,6,3857.2,3636.503943
Playa,2017,10,7,3844.2,3840.647277
Playa,2017,10,8,3831.8,3930.376224
Playa,2017,10,9,3825.4,4122.019262
Playa,2017,10,10,3827.8,4129.195063
Playa,2017,10,11,3778.1,4126.756728
Playa,2017,10,12,3726.4,4191.679398
Playa,2017,10,13,3687.8,4272.602905
Playa,2017,10,14,3665.1,4124.108156
Playa,2017,10,15,3563.8,4254.586247
Playa,2017,10,16,3488.3,4423.039585
Playa,2017,10,17,3416.6,4460.040396
Playa,2017,10,18,3364.2,4107.043482
Playa,2017,10,19,3258.4,4428.991932
Playa,2017,10,20,3171,4619.941802
Playa,2017,10,21,3086.7,4665.980743
Playa,2017,10,22,3028.3,4594.495836
Playa,2017,10,23,2942.5,4688.898973
Playa,2017,10,24,2872.7,4747.724784
Playa,2017,10,25,2808.3,4779.144734
Playa,2017,10,26,2768,4618.079474
Playa,2017,10,27,2703.9,4697.093706
Playa,2017,10,28,2649.2,4675.821853
Playa,2017,10,29,2598.4,4508.742196
Playa,2017,10,30,2592,4543.664319
Playa,2017,10,31,2543.5,4463.058413
Playa,2017,11,1,2507.7,4243.577202
Playa,2017,11,2,2473.3,4039.781676
Playa,2017,11,3,2472.2,3923.33922
Playa,2017,11,4,2440.2,3805.125062
Playa,2017,11,5,2422.5,3679.862469
Playa,2017,11,6,2404.4,3650.426907
Playa,2017,11,7,2405.1,3631.814648
Playa,2017,11,8,2377.8,3663.575467
Playa,2017,11,9,2360.7,3546.508016
Playa,2017,11,10,2341.6,3561.259272
Playa,2017,11,11,2339.5,3638.549156
Playa,2017,11,12,2315.1,3593.89492
Playa,2017,11,13,2299,3585.98472
Playa,2017,11,14,2282.4,3679.75878
Playa,2017,11,15,2279.2,3648.664595
Playa,2017,11,16,2255,3748.753099
Playa,2017,11,17,2238.2,3840.532974
Playa,2017,11,18,2216.4,3788.675585
Playa,2017,11,19,2199.3,3745.519539
Playa,2017,11,20,2162.2,3674.412649
Playa,2017,11,21,2129.4,3605.296271
Playa,2017,11,22,2093.6,3548.692435
Playa,2017,11,23,2065.3,3478.708576
Playa,2017,11,24,2019.5,3243.816824
Playa,2017,11,25,1977.2,3154.43589
Playa,2017,11,26,1931.6,3025.802369
Playa,2017,11,27,1889.9,2959.576641
Playa,2017,11,28,1836.4,2854.845584
Playa,2017,11,29,1784.3,2796.486579
Playa,2017,11,30,1731.7,2753.162752
Playa,2017,12,1,1685.7,2655.276832
Playa,2017,12,2,1629.9,2651.152931
Playa,2017,12,3,1579.2,2582.935671
Playa,2017,12,4,1531.3,2546.142239
Playa,2017,12,5,1489.6,2450.685061
Playa,2017,12,6,1442,2408.954337
Playa,2017,12,7,1398.9,2315.681374
Playa,2017,12,8,1357.2,2218.492705
Playa,2017,12,9,1322.8,2144.511699
Playa,2017,12,10,1285.1,2079.337153
Playa,2017,12,11,1252.3,1993.174063
Playa,2017,12,12,1221.7,1938.524406
Playa,2017,12,13,1195,1886.237971
Playa,2017,12,14,1166.4,1815.698312
Playa,2017,12,15,1140.6,1721.094328
Playa,2017,12,16,1114.9,1683.288086
Playa,2017,12,17,1091.8,1667.109876
Playa,2017,12,18,1067.1,1588.834125
Playa,2017,12,19,1044.6,1574.540695
Playa,2017,12,20,1022.6,1519.327278
Playa,2017,12,21,1002.8,1473.71024
Playa,2017,12,22,982.02,1418.736656
Playa,2017,12,23,963.21,1376.608727
Playa,2017,12,24,945.12,1323.012498
Playa,2017,12,25,929.51,1266.006968
Playa,2017,12,26,914.47,1225.800152
Playa,2017,12,27,901.43,1165.807426
Playa,2017,12,28,890.67,1134.312567
Playa,2017,12,29,884.08,1084.879838
Playa,2017,12,30,880.49,1043.552849
Playa,2017,12,31,880.32,1022.623293
Playa,2018,1,1,884.25,986.1907334
Playa,2018,1,2,892.64,962.5872956
Playa,2018,1,3,904.93,966.8110085
Playa,2018,1,4,920.79,995.0670009
Playa,2018,1,5,940.83,1009.164686
Playa,2018,1,6,965.87,1023.253187
Playa,2018,1,7,993.23,1016.681969
Playa,2018,1,8,1026.4,1116.641473
Playa,2018,1,9,1063,1176.191682
Playa,2018,1,10,1103.1,1224.812245
Playa,2018,1,11,1145.8,1294.520347
Playa,2018,1,12,1192.7,1366.012602
Playa,2018,1,13,1240.3,1368.91407
Playa,2018,1,14,1287.4,1404.391789
Playa,2018,1,15,1334.4,1429.421365
Playa,2018,1,16,1381.1,1482.655497
Playa,2018,1,17,1425,1499.976129
Playa,2018,1,18,1464.2,1550.835609
Playa,2018,1,19,1501,1581.575454
Playa,2018,1,20,1534,1622.002712
Playa,2018,1,21,1561,1650.735104
Playa,2018,1,22,1583.7,1658.67388
Playa,2018,1,23,1597.2,1688.202314
Playa,2018,1,24,1603.1,1710.574541
Playa,2018,1,25,1601.5,1740.948003
Playa,2018,1,26,1594.5,1744.275047
Playa,2018,1,27,1577.3,1784.258971
Playa,2018,1,28,1553.7,1809.620436
Playa,2018,1,29,1523.4,1744.53917
Playa,2018,1,30,1489.9,1736.120524
Playa,2018,1,31,1451.8,1689.40352
Playa,2018,2,1,1410.2,1650.848795
Playa,2018,2,2,1367.8,1602.801382
Playa,2018,2,3,1322.4,1580.790435
Playa,2018,2,4,1276.6,1570.098377
Playa,2018,2,5,1230.7,1524.719335
Playa,2018,2,6,1186.7,1476.929716
Playa,2018,2,7,1143.2,1413.812427
Playa,2018,2,8,1106.4,1393.675238
Playa,2018,2,9,1072.9,1326.758791
Playa,2018,2,10,1043.2,1293.799624
Playa,2018,2,11,1016.3,1252.865349
Playa,2018,2,12,995.52,1214.972155
Playa,2018,2,13,981.11,1198.443482
Playa,2018,2,14,969.65,1144.412901
Playa,2018,2,15,959.23,1127.15432
Playa,2018,2,16,956.78,1091.93562
Playa,2018,2,17,958.99,1095.882352
Playa,2018,2,18,966.57,1064.871853
Playa,2018,2,19,973.26,1044.988275
Playa,2018,2,20,985.67,1019.096219
Playa,2018,2,21,1001.1,1025.734386
Playa,2018,2,22,1021.5,1081.554631
Playa,2018,2,23,1035.5,1055.031967
Playa,2018,2,24,1052.2,1111.542931
Playa,2018,2,25,1070.2,1210.974804
Playa,2018,2,26,1094.4,1171.90551
Playa,2018,2,27,1113.6,1213.347823
Playa,2018,2,28,1133.8,1132.961134
Playa,2018,3,1,1155.4,1185.950739
Playa,2018,3,2,1183.4,1169.638426
Playa,2018,3,3,1204.6,1195.216862
Playa,2018,3,4,1227,1136.247457
Playa,2018,3,5,1249.2,1208.456864
Playa,2018,3,6,1278.6,1286.545647
Playa,2018,3,7,1302.6,1304.015077
Playa,2018,3,8,1328.2,1374.326538
Playa,2018,3,9,1354.3,1390.535774
Playa,2018,3,10,1389.1,1415.017919
Playa,2018,3,11,1421.4,1421.166214
Playa,2018,3,12,1455,1431.604764
Playa,2018,3,13,1486.4,1443.650704
Playa,2018,3,14,1524.2,1472.308391
Playa,2018,3,15,1558,1523.547725
Playa,2018,3,16,1592,1555.853526
Playa,2018,3,17,1621.2,1605.151745
Playa,2018,3,18,1654.5,1655.691788
Playa,2018,3,19,1680.8,1689.181445
Playa,2018,3,20,1707.1,1718.047531
Playa,2018,3,21,1728.8,1745.829777
Playa,2018,3,22,1753.8,1783.966681
Playa,2018,3,23,1769.2,1905.276419
Playa,2018,3,24,1785.4,1961.268119
Playa,2018,3,25,1795,1986.340355
Playa,2018,3,26,1805.6,1926.070852
Playa,2018,3,27,1806.9,1961.513463
Playa,2018,3,28,1808.4,1981.398164
Playa,2018,3,29,1805.8,1901.237224
Playa,2018,3,30,1807.1,1841.367579
Playa,2018,3,31,1802.2,1849.226955
Playa,2018,4,1,1799.1,1763.580067
Playa,2018,4,2,1795.9,1882.609861
Playa,2018,4,3,1800,1898.354535
Playa,2018,4,4,1798.8,1936.041982
Playa,2018,4,5,1799.1,1991.852838
Playa,2018,4,6,1798.8,2012.775454
Playa,2018,4,7,1807.6,2081.887342
Playa,2018,4,8,1809.9,2121.633475
Playa,2018,4,9,1816.7,2115.226364
Playa,2018,4,10,1824.2,2132.353088
Playa,2018,4,11,1841.1,2154.129713
Playa,2018,4,12,1853.7,2166.513052
Playa,2018,4,13,1869.1,2129.530203
Playa,2018,4,14,1883.4,2128.517802
Playa,2018,4,15,1906,2122.297251
Playa,2018,4,16,1926.6,2185.811132
Playa,2018,4,17,1947.9,2197.055724
Playa,2018,4,18,1967.4,2209.319249
Playa,2018,4,19,1994.8,2322.559374
Playa,2018,4,20,2020.3,2366.309594
Playa,2018,4,21,2048.5,2335.353389
Playa,2018,4,22,2077.6,2365.977298
Playa,2018,4,23,2112.7,2423.524748
Playa,2018,4,24,2143.6,2419.065489
Playa,2018,4,25,2175.6,2412.784316
Playa,2018,4,26,2208.2,2437.946974
Playa,2018,4,27,2243.6,2529.994849
Playa,2018,4,28,2274.8,2553.901395
Playa,2018,4,29,2306.4,2518.048925
Playa,2018,4,30,2337.9,2641.624726
Playa,2018,5,1,2373.3,2706.466976
Playa,2018,5,2,2401.9,2736.722664
Playa,2018,5,3,2432.8,2739.249993
Playa,2018,5,4,2463.9,2900.280349
Playa,2018,5,5,2495.7,3029.399251
Playa,2018,5,6,2518.8,3061.476445
Playa,2018,5,7,2539.5,2932.987232
Playa,2018,5,8,2561.6,3021.618662
Playa,2018,5,9,2586.8,3198.064866
Playa,2018,5,10,2604.9,3056.8839
Playa,2018,5,11,2621.1,3015.863489
Playa,2018,5,12,2642.6,2959.259449
Playa,2018,5,13,2666.1,3061.547884
Playa,2018,5,14,2684.8,3120.272455
Playa,2018,5,15,2702.6,3106.104351
Playa,2018,5,16,2723.9,3052.615486
Playa,2018,5,17,2750.8,3064.067661
Playa,2018,5,18,2767.4,3016.504404
Playa,2018,5,19,2782.6,3006.173218
Playa,2018,5,20,2803.9,2933.969833
Playa,2018,5,21,2832.4,2946.262342
Playa,2018,5,22,2851.2,2979.482978
Playa,2018,5,23,2867.8,3012.083314
Playa,2018,5,24,2886.6,3031.961279
Playa,2018,5,25,2912.7,3086.769735
Playa,2018,5,26,2928.2,3157.003021
Playa,2018,5,27,2943.4,3242.825242
Playa,2018,5,28,2962,3303.927731
Playa,2018,5,29,2996.4,3296.713148
Playa,2018,5,30,3032,3332.206788
Playa,2018,5,31,3040.8,3400.411393
Playa,2018,6,1,3072.2,3467.055349
Playa,2018,6,2,3119.2,3551.946815
Playa,2018,6,3,3144,3628.935428
Playa,2018,6,4,3145.1,3476.586207
Playa,2018,6,5,3163.9,3443.457014
Playa,2018,6,6,3200.8,3580.286698
Playa,2018,6,7,3220.3,3580.290372
Playa,2018,6,8,3221.2,3590.225782
Playa,2018,6,9,3241.2,3621.111364
Playa,2018,6,10,3285.4,3598.070258
Playa,2018,6,11,3304.5,3573.846928
Playa,2018,6,12,3305.4,3560.468129
Playa,2018,6,13,3300.9,3516.691987
Playa,2018,6,14,3293.8,3492.28169
Playa,2018,6,15,3307.1,3427.778269
Playa,2018,6,16,3264.2,3445.514475
Playa,2018,6,17,3234.8,3469.845576
Playa,2018,6,18,3224.9,3399.636376
Playa,2018,6,19,3234.1,3394.721331
Playa,2018,6,20,3235.4,3291.081259
Playa,2018,6,21,3207.5,3345.889307
Playa,2018,6,22,3195.6,3426.655238
Playa,2018,6,23,3238,3434.232326
Playa,2018,6,24,3227,3385.456433
Playa,2018,6,25,3181.7,3382.737442
Playa,2018,6,26,3194.1,3313.296523
Playa,2018,6,27,3220.8,3272.077102
Playa,2018,6,28,3209.5,3224.010094
Playa,2018,6,29,3179.5,3220.761021
Playa,2018,6,30,3188.1,3192.000257
Playa,2018,7,1,3227.4,3222.450466
Playa,2018,7,2,3211.6,3351.897581
Playa,2018,7,3,3231.4,3381.296607
Playa,2018,7,4,3249.6,3358.219781
Playa,2018,7,5,3223.6,3380.797959
Playa,2018,7,6,3250.9,3307.666471
Playa,2018,7,7,3284,3413.492391
Playa,2018,7,8,3236.1,3238.693992
Playa,2018,7,9,3229.5,3217.916909
Playa,2018,7,10,3274.7,3202.363081
Playa,2018,7,11,3244.4,3245.941233
Playa,2018,7,12,3214.1,3216.608952
Playa,2018,7,13,3250.5,3241.5726
Playa,2018,7,14,3301.1,3192.005768
Playa,2018,7,15,3273.5,3221.381321
Playa,2018,7,16,3280.2,3214.338398
Playa,2018,7,17,3315.4,3182.694332
Playa,2018,7,18,3279.5,3257.646712
Playa,2018,7,19,3271.3,3291.413147
Playa,2018,7,20,3291.8,3124.190611
Playa,2018,7,21,3245.1,3092.773723
Playa,2018,7,22,3215.1,3103.794811
Playa,2018,7,23,3232.2,3066.572333
Playa,2018,7,24,3234.3,3107.507629
Playa,2018,7,25,3189.5,2961.201381
Playa,2018,7,26,3186.9,2842.95579
Playa,2018,7,27,3187.5,2871.172593
Playa,2018,7,28,3139.3,2801.977018
Playa,2018,7,29,3088.4,2775.448231
Playa,2018,7,30,3086,2770.39439
Playa,2018,7,31,3016.5,2724.250332
Playa,2018,8,1,2966.8,2717.937725
Playa,2018,8,2,2962.8,2668.881381
Playa,2018,8,3,2897.8,2630.528524
Playa,2018,8,4,2831.7,2532.221315
Playa,2018,8,5,2828.9,2503.55975
Playa,2018,8,6,2773.5,2445.206665
Playa,2018,8,7,2709.6,2436.682901
Playa,2018,8,8,2676.8,2441.010507
Playa,2018,8,9,2636.2,2452.963984
Playa,2018,8,10,2589.6,2436.519815
Playa,2018,8,11,2536.6,2453.809829
Playa,2018,8,12,2501.3,2484.367401
Playa,2018,8,13,2476.9,2543.691657
Playa,2018,8,14,2436.7,2574.559276
Playa,2018,8,15,2433.2,2651.967955
Playa,2018,8,16,2421,2673.695593
Playa,2018,8,17,2392.2,2594.698302
Playa,2018,8,18,2399.8,2686.477973
Playa,2018,8,19,2439.8,2597.902674
Playa,2018,8,20,2415.7,2605.204821
Playa,2018,8,21,2426.6,2579.297967
Playa,2018,8,22,2443.4,2535.324243
Playa,2018,8,23,2434.4,2530.153241
Playa,2018,8,24,2444.5,2488.417822
Playa,2018,8,25,2458.2,2485.097718
Playa,2018,8,26,2511.4,2497.028334
Playa,2018,8,27,2534.9,2506.858218
Playa,2018,8,28,2547,2557.223336
Playa,2018,8,29,2600.8,2553.141278
Playa,2018,8,30,2655.4,2640.113881
Playa,2018,8,31,2672,2631.559908
Playa,2018,9,1,2728.1,2741.066396
Playa,2018,9,2,2776.3,2710.750494
Playa,2018,9,3,2777.8,2807.495625
Playa,2018,9,4,2851.4,2901.112518
Playa,2018,9,5,2917.3,2976.599676
Playa,2018,9,6,2984.3,3019.625906
Playa,2018,9,7,3059.5,3041.840762
Playa,2018,9,8,3141.2,3097.929416
Playa,2018,9,9,3211.9,3130.419327
Playa,2018,9,10,3222.1,2906.497839
Playa,2018,9,11,3288.7,2895.491855
Playa,2018,9,12,3369.2,3009.670084
Playa,2018,9,13,3373.3,3057.5638
Playa,2018,9,14,3382,3049.094943
Playa,2018,9,15,3464.8,2948.308372
Playa,2018,9,16,3475.1,2972.957073
Playa,2018,9,17,3489.2,3013.548029
Playa,2018,9,18,3524.3,3114.50626
Playa,2018,9,19,3526.6,3153.762112
Playa,2018,9,20,3530.8,3083.339002
Playa,2018,9,21,3520.9,3118.106815
Playa,2018,9,22,3478.8,3101.091741
Playa,2018,9,23,3468.8,3113.342815
Playa,2018,9,24,3470.9,3085.434835
Playa,2018,9,25,3489.4,3138.919822
Playa,2018,9,26,3451.3,3059.399798
Playa,2018,9,27,3437.2,3102.747098
Playa,2018,9,28,3469.7,3179.672233
Playa,2018,9,29,3499.1,3283.015116
Playa,2018,9,30,3480.6,3327.445237
Playa,2018,10,1,3504.6,3371.917813
Playa,2018,10,2,3528.5,3329.660681
Playa,2018,10,3,3553.7,3295.613387
Playa,2018,10,4,3566.7,3250.727482
Playa,2018,10,5,3581.8,3430.126794
Playa,2018,10,6,3610.2,3512.458273
Playa,2018,10,7,3667.7,3480.566822
Playa,2018,10,8,3682.3,3459.77545
Playa,2018,10,9,3694.9,3620.09039
Playa,2018,10,10,3717.8,3329.638637
Playa,2018,10,11,3771.6,3362.517179
Playa,2018,10,12,3789.1,3466.920635
Playa,2018,10,13,3800.2,3489.177946
Playa,2018,10,14,3794.7,3426.920585
Playa,2018,10,15,3771.2,3504.543174
Playa,2018,10,16,3771.4,3603.467009
Playa,2018,10,17,3780.6,3717.026571
Playa,2018,10,18,3776.8,3571.996031
Playa,2018,10,19,3757.5,3531.402012
Playa,2018,10,20,3761.5,3531.334655
Playa,2018,10,21,3778.5,3560.855536
Playa,2018,10,22,3773,3649.505541
Playa,2018,10,23,3754.4,3630.672023
Playa,2018,10,24,3757.3,3547.377538
Playa,2018,10,25,3776.9,3567.463086
Playa,2018,10,26,3771.7,3655.93388
Playa,2018,10,27,3751.9,3642.058269
Playa,2018,10,28,3754,3641.389186
Playa,2018,10,29,3788.9,3570.340265
Playa,2018,10,30,3828.8,3594.505218
Playa,2018,10,31,3824.7,3697.185142
Playa,2018,11,1,3826.3,3489.610258
Playa,2018,11,2,3855.2,3691.654493
Playa,2018,11,3,3895.1,3832.549701
Playa,2018,11,4,3894.6,3848.794249
Playa,2018,11,5,3875.8,3836.946706
Playa,2018,11,6,3898.6,3847.246663
Playa,2018,11,7,3929.4,3795.636659
Playa,2018,11,8,3923,3778.69976
Playa,2018,11,9,3894.9,3824.405588
Playa,2018,11,10,3907.3,3791.069832
Playa,2018,11,11,3929.5,3797.060961
Playa,2018,11,12,3917.2,3799.43847
Playa,2018,11,13,3879.3,3842.794547
Playa,2018,11,14,3878.4,3832.640328
Playa,2018,11,15,3884.5,3826.68349
Playa,2018,11,16,3865.5,3838.586143
Playa,2018,11,17,3830.7,3872.562406
Playa,2018,11,18,3818.9,3890.758274
Playa,2018,11,19,3815.8,3800.657026
Playa,2018,11,20,3803.8,3761.318711
Playa,2018,11,21,3767.2,3810.558145
Playa,2018,11,22,3752.2,3769.517935
Playa,2018,11,23,3744.2,3658.908216
Playa,2018,11,24,3727.3,3607.487221
Playa,2018,11,25,3686.6,3583.021405
Playa,2018,11,26,3663.3,3528.152531
Playa,2018,11,27,3646.2,3524.620966
Playa,2018,11,28,3624.6,3540.476065
Playa,2018,11,29,3582.8,3546.60844
Playa,2018,11,30,3559.4,3549.058614
Playa,2018,12,1,3541.1,3534.19428
Playa,2018,12,2,3511.7,3537.577251
Playa,2018,12,3,3470.3,3515.663257
Playa,2018,12,4,3443.4,3537.14943
Playa,2018,12,5,3424.4,3479.706689
Playa,2018,12,6,3396.1,3416.631243
Playa,2018,12,7,3358.1,3431.651928
Playa,2018,12,8,3334.4,3484.69154
Playa,2018,12,9,3319.7,3494.74207
Playa,2018,12,10,3297.6,3438.580343
Playa,2018,12,11,3266.6,3408.261176
Playa,2018,12,12,3247.1,3389.486646
Playa,2018,12,13,3232.8,3337.912975
Playa,2018,12,14,3209.3,3330.899443
Playa,2018,12,15,3174.8,3325.878465
Playa,2018,12,16,3148.4,3241.354607
Playa,2018,12,17,3126.1,3318.029498
Playa,2018,12,18,3093.3,3331.638129
Playa,2018,12,19,3048.6,3321.138345
Playa,2018,12,20,3007.8,3342.332432
Playa,2018,12,21,2971.7,3386.038767
Playa,2018,12,22,2926,3249.009461
Playa,2018,12,23,2870.5,3241.070686
Playa,2018,12,24,2818.6,3240.972711
Playa,2018,12,25,2773.2,3245.837543
Playa,2018,12,26,2722.4,2973.448577
Playa,2018,12,27,2666.3,3162.358133
Playa,2018,12,28,2616.5,3283.341697
Playa,2018,12,29,2577.1,3218.414945
Playa,2018,12,30,2535.6,3150.050519
Playa,2018,12,31,2492.7,3206.111414
Playa,2019,1,1,2455.6,3176.070044
Playa,2019,1,2,2431,3171.190924
Playa,2019,1,3,2409,3029.899736
Playa,2019,1,4,2387.4,3023.726539
Playa,2019,1,5,2372.1,2999.914497
Playa,2019,1,6,2370.2,2911.265309
Playa,2019,1,7,2367.5,2876.081717
Playa,2019,1,8,2364,2881.462139
Playa,2019,1,9,2364,2835.661603
Playa,2019,1,10,2372.5,2781.795741
Playa,2019,1,11,2378.6,2863.199934
Playa,2019,1,12,2382.6,2883.382027
Playa,2019,1,13,2382.5,2871.775339
Playa,2019,1,14,2388.5,2811.684434
Playa,2019,1,15,2389.6,2858.009541
Playa,2019,1,16,2389,2883.107087
Playa,2019,1,17,2381.9,2808.527825
Playa,2019,1,18,2376.9,2907.574944
Playa,2019,1,19,2365.5,2898.886052
Playa,2019,1,20,2356.8,2885.893844
Playa,2019,1,21,2337.7,2950.875298
Playa,2019,1,22,2322.8,2870.679659
Playa,2019,1,23,2305.6,2815.253761
Playa,2019,1,24,2288,2848.313147
Playa,2019,1,25,2262.3,2853.89707
Playa,2019,1,26,2239.3,2813.4692
Playa,2019,1,27,2211.7,2785.875963
Playa,2019,1,28,2185.7,2772.604119
Playa,2019,1,29,2153.8,2746.438857
Playa,2019,1,30,2123.3,2693.310864
Playa,2019,1,31,2092,2673.700083
Playa,2019,2,1,2066.3,2623.452943
Playa,2019,2,2,2036.2,2577.43176
Playa,2019,2,3,2009.8,2573.408078
Playa,2019,2,4,1973.3,2545.41927
Playa,2019,2,5,1945.3,2556.312788
Playa,2019,2,6,1911.7,2541.1431
Playa,2019,2,7,1878.9,2507.359316
Playa,2019,2,8,1840.2,2487.981428
Playa,2019,2,9,1808.4,2489.855595
Playa,2019,2,10,1773.3,2531.343833
Playa,2019,2,11,1741.9,2536.153351
Playa,2019,2,12,1708.1,2576.779211
Playa,2019,2,13,1679.7,2622.464627
Playa,2019,2,14,1652.2,2655.42808
Playa,2019,2,15,1626.4,2664.752784
Playa,2019,2,16,1593.1,2741.818553
Playa,2019,2,17,1564.9,2824.789314
Playa,2019,2,18,1535.6,2634.243383
Playa,2019,2,19,1512.9,2612.004237
Playa,2019,2,20,1482,2616.862946
Playa,2019,2,21,1458.1,2632.086111
Playa,2019,2,22,1435.8,2514.954161
Playa,2019,2,23,1420.1,2459.782383
Playa,2019,2,24,1399.9,2359.189312
Playa,2019,2,25,1385.7,2334.532446
Playa,2019,2,26,1373.2,2274.924678
Playa,2019,2,27,1365.9,2276.221816
Playa,2019,2,28,1354.5,2226.668456
Playa,2019,3,1,1345.3,2217.460301
Playa,2019,3,2,1336.5,2168.525812
Playa,2019,3,3,1334.3,2161.49534
Playa,2019,3,4,1327.9,2062.814399
Playa,2019,3,5,1323,2048.53689
Playa,2019,3,6,1318.4,2130.201736
Playa,2019,3,7,1320.8,2067.183645
Playa,2019,3,8,1318.3,2094.874652
Playa,2019,3,9,1314.6,2175.24787
Playa,2019,3,10,1312.3,2144.719282
Playa,2019,3,11,1315.9,2157.675362
Playa,2019,3,12,1315.8,2092.542456
Playa,2019,3,13,1315.7,2017.268801
Playa,2019,3,14,1318.5,1974.064379
Playa,2019,3,15,1327.4,1893.710349
Playa,2019,3,16,1334.6,1853.753776
Playa,2019,3,17,1344.3,1787.126965
Playa,2019,3,18,1356.5,1778.743222
Playa,2019,3,19,1372.9,1760.034213
Playa,2019,3,20,1389.6,1767.515776
Playa,2019,3,21,1406.7,1788.148551
Playa,2019,3,22,1423.7,1793.175041
Playa,2019,3,23,1442.9,1838.938837
Playa,2019,3,24,1461.5,1906.718887
Playa,2019,3,25,1476.6,1933.226854
Playa,2019,3,26,1489.3,1977.21956
Playa,2019,3,27,1503.4,2043.072374
Playa,2019,3,28,1514.4,2144.584771
Playa,2019,3,29,1519.9,2164.940361
Playa,2019,3,30,1522.3,2181.806228
Playa,2019,3,31,1524.7,2244.813297
Playa,2019,4,1,1523.1,2181.530063
Playa,2019,4,2,1517.2,2138.702231
Playa,2019,4,3,1510.2,2078.81891
Playa,2019,4,4,1503.1,2050.374725
Playa,2019,4,5,1494.3,2028.353572
Playa,2019,4,6,1484.1,1950.691794
Playa,2019,4,7,1475,1897.405613
Playa,2019,4,8,1467.6,1910.510696
Playa,2019,4,9,1460.9,1896.45812
Playa,2019,4,10,1454.2,1911.445942
Playa,2019,4,11,1450.7,1951.189217
Playa,2019,4,12,1449.8,1987.792212
Playa,2019,4,13,1449.2,2015.185826
Playa,2019,4,14,1451.4,2072.452621
Playa,2019,4,15,1457.4,1994.980464
Playa,2019,4,16,1465.2,2059.456739
Playa,2019,4,17,1474.3,2139.030649
Playa,2019,4,18,1486.7,2038.949289
Playa,2019,4,19,1501.5,1988.017553
Playa,2019,4,20,1519.5,2028.237228
Playa,2019,4,21,1538.1,2019.038462
Playa,2019,4,22,1561.9,2046.260213
Playa,2019,4,23,1586.8,2034.565347
Playa,2019,4,24,1614.9,2071.205286
Playa,2019,4,25,1646.1,2064.52548
Playa,2019,4,26,1678.1,2073.382357
Playa,2019,4,27,1709.7,2127.576433
Playa,2019,4,28,1745.1,2098.470309
Playa,2019,4,29,1781.5,2170.950472
Playa,2019,4,30,1820.2,2235.37184
Playa,2019,5,1,1859.3,2286.17723
Playa,2019,5,2,1899.1,2298.473005
Playa,2019,5,3,1941.2,2330.549382
Playa,2019,5,4,1987.2,2380.718756
Playa,2019,5,5,2031.6,2392.690399
Playa,2019,5,6,2078.6,2415.326545
Playa,2019,5,7,2125.1,2487.615249
Playa,2019,5,8,2177,2512.175161
Playa,2019,5,9,2224.8,2534.272244
Playa,2019,5,10,2266,2621.838
Playa,2019,5,11,2304.7,2632.395139
Playa,2019,5,12,2349.8,2710.756617
Playa,2019,5,13,2391.3,2808.401071
Playa,2019,5,14,2425,2877.511734
Playa,2019,5,15,2451.9,2936.262431
Playa,2019,5,16,2485.3,3033.613166
Playa,2019,5,17,2518.7,3120.526372
Playa,2019,5,18,2368.5,3165.758249
Playa,2019,5,19,2212,3175.196032
Playa,2019,5,20,2054.8,3282.68527
Playa,2019,5,21,1894.7,3307.154963
Playa,2019,5,22,1729,3609.356897
Playa,2019,5,23,1556.5,3633.32386
Playa,2019,5,24,1385.2,3475.499917
